Lead_I,Lead_II,Lead_III,Lead_aVR,Lead_aVL,Lead_aVF,Lead_V1,Lead_V2,Lead_V3,Lead_V4,Lead_V5,Lead_V6
-0.32190695386723744,-0.26730770482285493,0.06243815148279847,0.33424949685536687,-0.2280378254025026,-0.12310199581593591,0.1426995360636072,0.028397571852716883,-0.06627132708272473,-0.15274201644559762,-0.2088116796493047,-0.29849394002972296
-0.32190695386723744,-0.26730770482285493,0.06243815148279847,0.33424949685536687,-0.2280378254025026,-0.12310199581593591,0.16919717539213053,0.04733965482562133,-0.031029898648299987,-0.15274201644559762,-0.2088116796493047,-0.2728962735762232
-0.32190695386723744,-0.26730770482285493,0.06243815148279847,0.33424949685536687,-0.2280378254025026,-0.12310199581593591,0.1956948147206539,0.04733965482562133,-0.031029898648299987,-0.15274201644559762,-0.1865901622591994,-0.2728962735762232
-0.2910697139807507,-0.29918262897670245,-0.0038847966581954723,0.33424949685536687,-0.17268259834336652,-0.1804661290956217,0.1956948147206539,0.04733965482562133,-0.031029898648299987,-0.1327028352781157,-0.1865901622591994,-0.2728962735762232
-0.2910697139807507,-0.23543278066900744,0.06243815148279847,0.29869568603459173,-0.20958608304945725,-0.10398061805604064,0.16919717539213053,0.028397571852716883,-0.013409184431087615,-0.1327028352781157,-0.1865901622591994,-0.2728962735762232
-0.2910697139807507,-0.26730770482285493,0.029276677412301503,0.3164725914449793,-0.1911343406964119,-0.14222337357583117,0.1956948147206539,0.028397571852716883,-0.013409184431087615,-0.15274201644559762,-0.1865901622591994,-0.2728962735762232
-0.2910697139807507,-0.26730770482285493,0.029276677412301503,0.3164725914449793,-0.1911343406964119,-0.14222337357583117,0.1956948147206539,0.009455488879812434,-0.013409184431087615,-0.15274201644559762,-0.1865901622591994,-0.2728962735762232
-0.2910697139807507,-0.26730770482285493,0.029276677412301503,0.3164725914449793,-0.1911343406964119,-0.14222337357583117,0.1956948147206539,0.028397571852716883,-0.013409184431087615,-0.15274201644559762,-0.1865901622591994,-0.2728962735762232
-0.2910697139807507,-0.23543278066900744,0.06243815148279847,0.29869568603459173,-0.20958608304945725,-0.10398061805604064,0.22219245404917723,0.028397571852716883,-0.013409184431087615,-0.15274201644559762,-0.1865901622591994,-0.2728962735762232
-0.19855799432129065,-0.29918262897670245,-0.1033692188696864,0.2809187806242042,-0.061972144225094394,-0.2378302623753075,0.1956948147206539,0.009455488879812434,-0.013409184431087615,-0.15274201644559762,-0.1865901622591994,-0.2728962735762232
-0.19855799432129065,-0.26730770482285493,-0.07020774479918943,0.26314187521381666,-0.08042388657813976,-0.19958750685551696,0.1956948147206539,0.009455488879812434,-0.013409184431087615,-0.15274201644559762,-0.1865901622591994,-0.2728962735762232
-0.19855799432129065,-0.26730770482285493,-0.07020774479918943,0.26314187521381666,-0.08042388657813976,-0.19958750685551696,0.1956948147206539,0.028397571852716883,-0.013409184431087615,-0.15274201644559762,-0.1865901622591994,-0.2728962735762232
-0.26023247409426403,-0.26730770482285493,-0.0038847966581954723,0.29869568603459173,-0.1542308559903212,-0.16134475133572643,0.22219245404917723,0.028397571852716883,0.00421152978612476,-0.1327028352781157,-0.14214712747898875,-0.2217009406692237
-0.26023247409426403,-0.26730770482285493,-0.0038847966581954723,0.29869568603459173,-0.1542308559903212,-0.16134475133572643,0.22219245404917723,0.04733965482562133,0.03945295822054951,-0.11266365411063374,-0.11992561008888346,-0.19610327421572396
-0.22939523420777733,-0.26730770482285493,-0.03704627072869245,0.2809187806242042,-0.11732737128423046,-0.1804661290956217,0.1956948147206539,0.04733965482562133,0.00421152978612476,-0.1327028352781157,-0.14214712747898875,-0.19610327421572396
-0.22939523420777733,-0.20355785651515992,0.029276677412301503,0.24536496980342914,-0.1542308559903212,-0.10398061805604064,0.1956948147206539,0.04733965482562133,0.00421152978612476,-0.11266365411063374,-0.11992561008888346,-0.19610327421572396
-0.13688351454831724,-0.23543278066900744,-0.1033692188696864,0.20981115898265404,-0.025068659519003687,-0.19958750685551696,0.1956948147206539,0.04733965482562133,-0.013409184431087615,-0.1327028352781157,-0.16436864486909408,-0.19610327421572396
-0.16772075443480394,-0.20355785651515992,-0.03704627072869245,0.20981115898265404,-0.08042388657813976,-0.14222337357583117,0.16919717539213053,0.06628173779852578,0.00421152978612476,-0.0926244729431518,-0.14214712747898875,-0.14490794130872445
-0.19855799432129065,-0.20355785651515992,-0.0038847966581954723,0.2275880643930416,-0.11732737128423046,-0.12310199581593591,0.16919717539213053,0.06628173779852578,0.021832244003337137,-0.07258529177566987,-0.11992561008888346,-0.1193102748552247
-0.16772075443480394,-0.20355785651515992,-0.03704627072869245,0.20981115898265404,-0.08042388657813976,-0.14222337357583117,0.16919717539213053,0.08522382077143023,0.021832244003337137,-0.07258529177566987,-0.09770409269877815,-0.1193102748552247
-0.10604627466183056,-0.20355785651515992,-0.1033692188696864,0.17425734816187896,-0.00661691716595833,-0.1804661290956217,0.16919717539213053,0.10416590374433468,0.03945295822054951,-0.05254611060818793,-0.031039540528462233,-0.09371260840172496
-0.04437179488885716,-0.1716829323613124,-0.13653069294018336,0.12092663193071634,0.048738309893177734,-0.1804661290956217,0.1426995360636072,0.08522382077143023,0.03945295822054951,-0.05254611060818793,-0.031039540528462233,-0.06811494194822522
-0.013534555002370467,-0.1398080082074649,-0.13653069294018336,0.08537282110994127,0.0671900522462231,-0.16134475133572643,0.11620189673508387,0.08522382077143023,0.05707367243776188,-0.03250692944070599,-0.008818023138356926,-0.042517275494725476
0.04813992477060292,-0.1398080082074649,-0.20285364108117732,0.049819010289166174,0.14099702165840453,-0.19958750685551696,0.08970425740656052,0.06628173779852578,0.03945295822054951,-0.012467748273224052,-0.008818023138356926,0.00867805741227402
0.04813992477060292,-0.1079330840536174,-0.16969216701068032,0.032042104878778635,0.12254527930535916,-0.16134475133572643,0.08970425740656052,0.10416590374433468,0.09231510087218663,0.027610614061739827,0.0800680464220643,0.05987339031927351
0.07897716465708962,-0.07605815989976988,-0.16969216701068032,-0.0035117059419964504,0.14099702165840453,-0.14222337357583117,0.06320661807803718,0.12310798671723913,0.109935815089399,0.04764979522922177,0.12451108120227491,0.11106872322627301
0.10981440454357631,-0.044183235745922374,-0.16969216701068032,-0.039065516762771535,0.15944876401144986,-0.12310199581593591,0.03670897874951384,0.14205006969014358,0.12755652930661138,0.08772815756418564,0.16895411598248553,0.21345938904027198
0.20232612420303642,-0.012308311592074865,-0.23601511515167428,-0.1101731384043217,0.2517074757766766,-0.14222337357583117,0.010211339420990504,0.12310798671723913,0.14517724352382377,0.14784570106663147,0.21339715076269614,0.2902523884007712
0.3256750837489832,0.019566612561772643,-0.3354995373631652,-0.19905766545625941,0.3808696722479941,-0.1804661290956217,-0.042783939236056175,0.12310798671723913,0.14517724352382377,0.18792406340159531,0.2578401855429068,0.34144772130777074
0.3873495635219566,0.11519138502331518,-0.3023380632926682,-0.28794219250819714,0.3993214146010395,-0.10398061805604064,-0.09577921789310286,0.12310798671723913,0.16279795774103614,0.18792406340159531,0.3022832203231174,0.36704538776127044
0.5106985230679033,0.11519138502331518,-0.43498395957465613,-0.3590498141497473,0.5469353534254023,-0.1804661290956217,-0.12227685722162619,0.12310798671723913,0.1804186719582485,0.24804160690404115,0.346726255103328,0.4438383871217697
0.5723730028408768,0.1789412333310102,-0.43498395957465613,-0.43015743579129745,0.5838388381314931,-0.14222337357583117,-0.20176977520719622,0.10416590374433468,0.1804186719582485,0.2680807880715231,0.4133908072736439,0.5462290529357687
0.6340474826138501,0.2108161574848577,-0.4681454336451531,-0.4834881520224601,0.639194065190629,-0.14222337357583117,-0.20176977520719622,0.12310798671723913,0.21566010039267325,0.30815915040648695,0.4578338420538545,0.623022052296268
0.6957219623868235,0.2745660057925527,-0.4681454336451531,-0.5545957736640102,0.6760975498967198,-0.10398061805604064,-0.2547650538642429,0.12310798671723913,0.21566010039267325,0.3281983315739689,0.5022768768340652,0.6486197187497676
0.7265592022733103,0.3064409299464002,-0.4681454336451531,-0.5901495844847854,0.6945492922497651,-0.08485924029614537,-0.2547650538642429,0.12310798671723913,0.21566010039267325,0.3883158750764147,0.5244983942241704,0.6998150516567672
0.8190709219327703,0.3383158541002477,-0.5344683817861471,-0.6612572061263355,0.786808004014992,-0.10398061805604064,-0.28126269319276626,0.10416590374433468,0.23328081460988562,0.4083550562438967,0.568941429004381,0.7766080510172664
0.8807454017057437,0.3383158541002477,-0.600791329927141,-0.6968110169471106,0.8606149734271733,-0.14222337357583117,-0.3077603325212896,0.10416590374433468,0.250901528827098,0.4283942374113786,0.6133844637845917,0.8022057174707662
0.849908161819257,0.4339406265617903,-0.4681454336451531,-0.7323648277678857,0.7683562616619466,-0.0274951070164596,-0.3077603325212896,0.12310798671723913,0.2685222430443104,0.44843341857886054,0.635605981174697,0.8534010503777657
0.9115826415922305,0.4658155507156378,-0.5013069077156501,-0.7856955439990483,0.8237114887210827,-0.0274951070164596,-0.33425797184981293,0.12310798671723913,0.250901528827098,0.4684725997463425,0.635605981174697,0.8789987168312655
0.9115826415922305,0.4658155507156378,-0.5013069077156501,-0.7856955439990483,0.8237114887210827,-0.0274951070164596,-0.3077603325212896,0.12310798671723913,0.2685222430443104,0.4885117809138244,0.6800490159549076,0.8534010503777657
0.849908161819257,0.4976904748694853,-0.40182248550415917,-0.7679186385886607,0.7314527769558559,0.048990404023121444,-0.33425797184981293,0.12310798671723913,0.2685222430443104,0.5085509620813063,0.6800490159549076,0.8789987168312655
0.849908161819257,0.4976904748694853,-0.40182248550415917,-0.7679186385886607,0.7314527769558559,0.048990404023121444,-0.33425797184981293,0.10416590374433468,0.2685222430443104,0.4885117809138244,0.635605981174697,0.827803383924266
0.8807454017057437,0.4976904748694853,-0.43498395957465613,-0.7856955439990483,0.7683562616619466,0.029869026263226184,-0.33425797184981293,0.06628173779852578,0.250901528827098,0.4283942374113786,0.5911629463944864,0.7766080510172664
0.7882336820462836,0.4976904748694853,-0.3354995373631652,-0.7323648277678857,0.6576458075436744,0.08723315954291197,-0.3077603325212896,0.06628173779852578,0.23328081460988562,0.4283942374113786,0.5467199116142758,0.7254127181102669
0.6648847225003368,0.4658155507156378,-0.23601511515167428,-0.643480300715948,0.528483611072357,0.12547591506270248,-0.2547650538642429,0.08522382077143023,0.23328081460988562,0.4083550562438967,0.5244983942241704,0.6742173852032675
0.6340474826138501,0.4339406265617903,-0.23601511515167428,-0.6079264898951728,0.5100318687193116,0.10635453730280722,-0.22826741453571955,0.06628173779852578,0.23328081460988562,0.3883158750764147,0.5022768768340652,0.623022052296268
0.5106985230679033,0.40206570240794276,-0.13653069294018336,-0.5190419628432351,0.3808696722479941,0.14459729282259776,-0.17527213587867288,0.08522382077143023,0.23328081460988562,0.36827669390893275,0.4356123246637492,0.5462290529357687
0.4798612831814167,0.37019077825409524,-0.13653069294018336,-0.4834881520224601,0.36241792989494875,0.12547591506270248,-0.12227685722162619,0.08522382077143023,0.19803938617546088,0.30815915040648695,0.3689477724934333,0.4950337200287692
0.4181868034084433,0.3383158541002477,-0.1033692188696864,-0.43015743579129745,0.30706270283581266,0.12547591506270248,-0.09577921789310286,0.06628173779852578,0.16279795774103614,0.24804160690404115,0.3245047377132227,0.3926430542147702
0.35651232363546986,0.2426910816387052,-0.13653069294018336,-0.3412729087393597,0.28861096048276735,0.048990404023121444,-0.042783939236056175,0.10416590374433468,0.1804186719582485,0.24804160690404115,0.2800617029330121,0.34144772130777074
0.2948378438624965,0.2108161574848577,-0.1033692188696864,-0.28794219250819714,0.2332557334236313,0.048990404023121444,-0.042783939236056175,0.10416590374433468,0.14517724352382377,0.20796324456907725,0.23561866815280144,0.26465472194727147
0.1714888843165497,0.2108161574848577,0.029276677412301503,-0.21683457086664695,0.08564179459926845,0.12547591506270248,0.03670897874951384,0.10416590374433468,0.16279795774103614,0.16788488223411338,0.16895411598248553,0.21345938904027198
-0.04437179488885716,0.1789412333310102,0.22824552183528335,-0.07461932758354661,-0.1542308559903212,0.22108280386217877,0.11620189673508387,0.14205006969014358,0.16279795774103614,0.16788488223411338,0.16895411598248553,0.18786172258677225
0.07897716465708962,0.14706630917716268,0.06243815148279847,-0.12795004381470923,0.011834825187087025,0.10635453730280722,0.08970425740656052,0.12310798671723913,0.14517724352382377,0.1278065198991495,0.12451108120227491,0.11106872322627301
-0.07520903477534385,0.11519138502331518,0.19508404776478638,-0.021288611352383992,-0.1542308559903212,0.16371867058249298,0.11620189673508387,0.12310798671723913,0.16279795774103614,0.1278065198991495,0.10228956381216961,0.11106872322627301
-0.13688351454831724,0.051441536715620156,0.19508404776478638,0.049819010289166174,-0.1911343406964119,0.12547591506270248,0.1426995360636072,0.14205006969014358,0.16279795774103614,0.1278065198991495,0.0800680464220643,0.08547105677277325
-0.07520903477534385,-0.012308311592074865,0.029276677412301503,0.049819010289166174,-0.061972144225094394,0.010747648503330924,0.16919717539213053,0.10416590374433468,0.14517724352382377,0.06768897639670371,0.035625011641853686,0.034275723865773766
-0.07520903477534385,-0.044183235745922374,-0.0038847966581954723,0.06759591569955371,-0.043520401872049044,-0.0274951070164596,0.1426995360636072,0.08522382077143023,0.109935815089399,0.027610614061739827,-0.031039540528462233,-0.016919609041225726
-0.16772075443480394,-0.044183235745922374,0.09559962555329544,0.12092663193071634,-0.13577911363727582,0.029869026263226184,0.1956948147206539,0.08522382077143023,0.12755652930661138,0.027610614061739827,-0.008818023138356926,-0.016919609041225726
-0.19855799432129065,-0.07605815989976988,0.09559962555329544,0.15648044275149142,-0.1542308559903212,0.010747648503330924,0.22219245404917723,0.10416590374433468,0.12755652930661138,0.027610614061739827,-0.031039540528462233,-0.016919609041225726
-0.16772075443480394,-0.1079330840536174,0.029276677412301503,0.15648044275149142,-0.09887562893118511,-0.046616484776354855,0.1956948147206539,0.10416590374433468,0.109935815089399,0.027610614061739827,-0.053261057918567535,-0.09371260840172496
-0.13688351454831724,-0.1079330840536174,0.029276677412301503,0.15648044275149142,-0.09887562893118511,-0.046616484776354855,0.1956948147206539,0.06628173779852578,0.09231510087218663,-0.012467748273224052,-0.07548257530867285,-0.1193102748552247
-0.16772075443480394,-0.1079330840536174,0.06243815148279847,0.17425734816187896,-0.11732737128423046,-0.0274951070164596,0.22219245404917723,0.06628173779852578,0.07469438665497424,-0.03250692944070599,-0.09770409269877815,-0.1193102748552247
-0.22939523420777733,-0.1398080082074649,0.09559962555329544,0.1920342535722665,-0.17268259834336652,-0.0274951070164596,0.22219245404917723,0.06628173779852578,0.09231510087218663,-0.012467748273224052,-0.053261057918567535,-0.09371260840172496
-0.16772075443480394,-0.1398080082074649,0.06243815148279847,0.17425734816187896,-0.13577911363727582,-0.046616484776354855,0.22219245404917723,0.04733965482562133,0.07469438665497424,-0.03250692944070599,-0.07548257530867285,-0.1193102748552247
-0.26023247409426403,-0.1398080082074649,0.16192257369428942,0.2275880643930416,-0.24648956775554795,0.010747648503330924,0.22219245404917723,0.08522382077143023,0.09231510087218663,-0.012467748273224052,-0.053261057918567535,-0.09371260840172496
-0.19855799432129065,-0.1398080082074649,0.09559962555329544,0.1920342535722665,-0.17268259834336652,-0.0274951070164596,0.22219245404917723,0.06628173779852578,0.07469438665497424,-0.05254611060818793,-0.07548257530867285,-0.1193102748552247
-0.19855799432129065,-0.1716829323613124,0.06243815148279847,0.20981115898265404,-0.1542308559903212,-0.06573786253625012,0.1956948147206539,0.06628173779852578,0.07469438665497424,-0.03250692944070599,-0.053261057918567535,-0.1193102748552247
-0.19855799432129065,-0.1716829323613124,0.06243815148279847,0.20981115898265404,-0.13577911363727582,-0.06573786253625012,0.1956948147206539,0.06628173779852578,0.05707367243776188,-0.05254611060818793,-0.07548257530867285,-0.14490794130872445
-0.19855799432129065,-0.1716829323613124,0.06243815148279847,0.20981115898265404,-0.13577911363727582,-0.06573786253625012,0.1956948147206539,0.06628173779852578,0.05707367243776188,-0.05254611060818793,-0.09770409269877815,-0.14490794130872445
-0.16772075443480394,-0.20355785651515992,-0.0038847966581954723,0.20981115898265404,-0.08042388657813976,-0.12310199581593591,0.1956948147206539,0.04733965482562133,0.03945295822054951,-0.05254611060818793,-0.11992561008888346,-0.1705056077622242
-0.13688351454831724,-0.20355785651515992,-0.07020774479918943,0.1920342535722665,-0.043520401872049044,-0.14222337357583117,0.16919717539213053,0.04733965482562133,0.03945295822054951,-0.07258529177566987,-0.09770409269877815,-0.1705056077622242
-0.22939523420777733,-0.20355785651515992,0.029276677412301503,0.24536496980342914,-0.1542308559903212,-0.08485924029614537,0.1956948147206539,0.06628173779852578,0.03945295822054951,-0.05254611060818793,-0.09770409269877815,-0.14490794130872445
-0.22939523420777733,-0.20355785651515992,0.029276677412301503,0.24536496980342914,-0.1542308559903212,-0.08485924029614537,0.1956948147206539,0.04733965482562133,0.03945295822054951,-0.07258529177566987,-0.09770409269877815,-0.1193102748552247
-0.19855799432129065,-0.20355785651515992,-0.0038847966581954723,0.2275880643930416,-0.11732737128423046,-0.10398061805604064,0.16919717539213053,0.04733965482562133,0.03945295822054951,-0.07258529177566987,-0.11992561008888346,-0.1193102748552247
-0.19855799432129065,-0.1716829323613124,0.029276677412301503,0.20981115898265404,-0.13577911363727582,-0.06573786253625012,0.16919717539213053,0.028397571852716883,0.021832244003337137,-0.0926244729431518,-0.09770409269877815,-0.14490794130872445
-0.16772075443480394,-0.1716829323613124,-0.0038847966581954723,0.1920342535722665,-0.09887562893118511,-0.08485924029614537,0.16919717539213053,0.009455488879812434,0.00421152978612476,-0.07258529177566987,-0.11992561008888346,-0.1705056077622242
-0.19855799432129065,-0.20355785651515992,-0.0038847966581954723,0.2275880643930416,-0.11732737128423046,-0.10398061805604064,0.16919717539213053,0.009455488879812434,0.00421152978612476,-0.07258529177566987,-0.11992561008888346,-0.14490794130872445
-0.16772075443480394,-0.20355785651515992,-0.03704627072869245,0.20981115898265404,-0.08042388657813976,-0.12310199581593591,0.16919717539213053,0.009455488879812434,0.021832244003337137,-0.07258529177566987,-0.11992561008888346,-0.14490794130872445
-0.19855799432129065,-0.20355785651515992,-0.0038847966581954723,0.2275880643930416,-0.11732737128423046,-0.10398061805604064,0.1426995360636072,0.028397571852716883,0.021832244003337137,-0.07258529177566987,-0.14214712747898875,-0.14490794130872445
-0.19855799432129065,-0.1716829323613124,0.029276677412301503,0.20981115898265404,-0.13577911363727582,-0.06573786253625012,0.1426995360636072,0.009455488879812434,-0.013409184431087615,-0.0926244729431518,-0.11992561008888346,-0.14490794130872445
-0.19855799432129065,-0.20355785651515992,-0.0038847966581954723,0.2275880643930416,-0.11732737128423046,-0.10398061805604064,0.16919717539213053,0.028397571852716883,-0.013409184431087615,-0.0926244729431518,-0.11992561008888346,-0.1705056077622242
-0.19855799432129065,-0.1716829323613124,0.029276677412301503,0.20981115898265404,-0.13577911363727582,-0.06573786253625012,0.1426995360636072,0.009455488879812434,-0.013409184431087615,-0.0926244729431518,-0.11992561008888346,-0.14490794130872445
-0.2910697139807507,-0.1716829323613124,0.12876109962379242,0.26314187521381666,-0.24648956775554795,-0.008373729256564336,0.16919717539213053,0.028397571852716883,-0.013409184431087615,-0.07258529177566987,-0.11992561008888346,-0.14490794130872445
-0.22939523420777733,-0.1716829323613124,0.06243815148279847,0.2275880643930416,-0.17268259834336652,-0.046616484776354855,0.1426995360636072,0.009455488879812434,-0.013409184431087615,-0.07258529177566987,-0.11992561008888346,-0.1705056077622242
-0.19855799432129065,-0.1716829323613124,0.029276677412301503,0.20981115898265404,-0.13577911363727582,-0.06573786253625012,0.11620189673508387,-0.009486594093092014,-0.031029898648299987,-0.0926244729431518,-0.14214712747898875,-0.19610327421572396
-0.22939523420777733,-0.1716829323613124,0.06243815148279847,0.2275880643930416,-0.17268259834336652,-0.046616484776354855,0.11620189673508387,-0.009486594093092014,-0.031029898648299987,-0.0926244729431518,-0.11992561008888346,-0.19610327421572396
-0.22939523420777733,-0.1716829323613124,0.06243815148279847,0.2275880643930416,-0.17268259834336652,-0.046616484776354855,0.08970425740656052,-0.009486594093092014,-0.013409184431087615,-0.07258529177566987,-0.14214712747898875,-0.1705056077622242
-0.22939523420777733,-0.1716829323613124,0.06243815148279847,0.2275880643930416,-0.17268259834336652,-0.046616484776354855,0.08970425740656052,-0.02842867706599646,-0.013409184431087615,-0.0926244729431518,-0.09770409269877815,-0.19610327421572396
-0.19855799432129065,-0.1398080082074649,0.06243815148279847,0.1920342535722665,-0.1542308559903212,-0.0274951070164596,0.08970425740656052,-0.02842867706599646,-0.031029898648299987,-0.0926244729431518,-0.14214712747898875,-0.19610327421572396
-0.19855799432129065,-0.1398080082074649,0.06243815148279847,0.1920342535722665,-0.1542308559903212,-0.0274951070164596,0.08970425740656052,-0.04737076003890091,-0.031029898648299987,-0.1327028352781157,-0.14214712747898875,-0.19610327421572396
-0.22939523420777733,-0.1398080082074649,0.09559962555329544,0.1920342535722665,-0.1911343406964119,-0.008373729256564336,0.11620189673508387,-0.04737076003890091,-0.013409184431087615,-0.0926244729431518,-0.11992561008888346,-0.19610327421572396
-0.16772075443480394,-0.1398080082074649,0.029276677412301503,0.15648044275149142,-0.11732737128423046,-0.046616484776354855,0.08970425740656052,-0.04737076003890091,-0.031029898648299987,-0.0926244729431518,-0.16436864486909408,-0.19610327421572396
-0.22939523420777733,-0.1398080082074649,0.09559962555329544,0.1920342535722665,-0.1911343406964119,-0.008373729256564336,0.08970425740656052,-0.04737076003890091,-0.031029898648299987,-0.0926244729431518,-0.16436864486909408,-0.19610327421572396
-0.16772075443480394,-0.1398080082074649,0.029276677412301503,0.15648044275149142,-0.11732737128423046,-0.046616484776354855,0.06320661807803718,-0.06631284301180536,-0.04865061286551236,-0.1327028352781157,-0.1865901622591994,-0.19610327421572396
-0.16772075443480394,-0.1716829323613124,-0.0038847966581954723,0.17425734816187896,-0.09887562893118511,-0.08485924029614537,0.06320661807803718,-0.06631284301180536,-0.031029898648299987,-0.11266365411063374,-0.16436864486909408,-0.1705056077622242
-0.19855799432129065,-0.1716829323613124,0.029276677412301503,0.1920342535722665,-0.13577911363727582,-0.06573786253625012,0.06320661807803718,-0.04737076003890091,-0.031029898648299987,-0.07258529177566987,-0.14214712747898875,-0.1705056077622242
-0.22939523420777733,-0.1716829323613124,0.06243815148279847,0.20981115898265404,-0.17268259834336652,-0.046616484776354855,0.08970425740656052,-0.04737076003890091,-0.013409184431087615,-0.07258529177566987,-0.14214712747898875,-0.14490794130872445
-0.22939523420777733,-0.1398080082074649,0.09559962555329544,0.1920342535722665,-0.1911343406964119,-0.008373729256564336,0.08970425740656052,-0.009486594093092014,-0.013409184431087615,-0.05254611060818793,-0.11992561008888346,-0.1193102748552247
-0.13688351454831724,-0.1398080082074649,-0.0038847966581954723,0.13870353734110388,-0.08042388657813976,-0.06573786253625012,0.08970425740656052,-0.02842867706599646,-0.013409184431087615,-0.0926244729431518,-0.14214712747898875,-0.1705056077622242
-0.16772075443480394,-0.1398080082074649,0.029276677412301503,0.15648044275149142,-0.11732737128423046,-0.046616484776354855,0.08970425740656052,-0.04737076003890091,-0.013409184431087615,-0.0926244729431518,-0.14214712747898875,-0.1705056077622242
-0.16772075443480394,-0.1398080082074649,0.029276677412301503,0.15648044275149142,-0.11732737128423046,-0.046616484776354855,0.06320661807803718,-0.04737076003890091,-0.013409184431087615,-0.0926244729431518,-0.14214712747898875,-0.1705056077622242
-0.13688351454831724,-0.1398080082074649,-0.0038847966581954723,0.13870353734110388,-0.08042388657813976,-0.06573786253625012,0.06320661807803718,-0.04737076003890091,-0.013409184431087615,-0.07258529177566987,-0.14214712747898875,-0.1705056077622242
-0.10604627466183056,-0.1398080082074649,-0.03704627072869245,0.12092663193071634,-0.043520401872049044,-0.08485924029614537,0.06320661807803718,-0.02842867706599646,-0.013409184431087615,-0.0926244729431518,-0.14214712747898875,-0.14490794130872445
-0.10604627466183056,-0.1079330840536174,-0.0038847966581954723,0.1031497265203288,-0.061972144225094394,-0.046616484776354855,0.06320661807803718,-0.02842867706599646,-0.031029898648299987,-0.0926244729431518,-0.14214712747898875,-0.14490794130872445
-0.13688351454831724,-0.1398080082074649,-0.0038847966581954723,0.13870353734110388,-0.08042388657813976,-0.06573786253625012,0.06320661807803718,-0.009486594093092014,-0.013409184431087615,-0.07258529177566987,-0.11992561008888346,-0.1193102748552247
-0.16772075443480394,-0.1398080082074649,0.029276677412301503,0.15648044275149142,-0.11732737128423046,-0.046616484776354855,0.08970425740656052,-0.009486594093092014,0.00421152978612476,-0.05254611060818793,-0.11992561008888346,-0.09371260840172496
-0.10604627466183056,-0.1398080082074649,-0.03704627072869245,0.12092663193071634,-0.043520401872049044,-0.08485924029614537,0.08970425740656052,-0.02842867706599646,-0.013409184431087615,-0.05254611060818793,-0.11992561008888346,-0.1193102748552247
-0.19855799432129065,-0.1398080082074649,0.06243815148279847,0.17425734816187896,-0.1542308559903212,-0.0274951070164596,0.08970425740656052,-0.009486594093092014,0.00421152978612476,-0.05254611060818793,-0.11992561008888346,-0.09371260840172496
-0.07520903477534385,-0.1398080082074649,-0.07020774479918943,0.1031497265203288,-0.00661691716595833,-0.10398061805604064,0.06320661807803718,-0.009486594093092014,-0.013409184431087615,-0.07258529177566987,-0.11992561008888346,-0.1193102748552247
-0.10604627466183056,-0.1079330840536174,-0.0038847966581954723,0.1031497265203288,-0.061972144225094394,-0.046616484776354855,0.06320661807803718,-0.009486594093092014,-0.013409184431087615,-0.07258529177566987,-0.11992561008888346,-0.1193102748552247
-0.10604627466183056,-0.1398080082074649,-0.03704627072869245,0.12092663193071634,-0.043520401872049044,-0.08485924029614537,0.08970425740656052,-0.009486594093092014,0.00421152978612476,-0.07258529177566987,-0.11992561008888346,-0.1193102748552247
-0.13688351454831724,-0.07605815989976988,0.06243815148279847,0.08537282110994127,-0.11732737128423046,0.010747648503330924,0.08970425740656052,-0.009486594093092014,-0.013409184431087615,-0.07258529177566987,-0.09770409269877815,-0.1193102748552247
-0.10604627466183056,-0.1716829323613124,-0.07020774479918943,0.12092663193071634,-0.025068659519003687,-0.12310199581593591,0.11620189673508387,0.009455488879812434,0.021832244003337137,-0.03250692944070599,-0.07548257530867285,-0.1193102748552247
-0.13688351454831724,-0.1398080082074649,0.029276677412301503,0.13870353734110388,-0.11732737128423046,-0.046616484776354855,0.11620189673508387,0.009455488879812434,0.00421152978612476,-0.03250692944070599,-0.07548257530867285,-0.1193102748552247
-0.13688351454831724,-0.1079330840536174,0.06243815148279847,0.12092663193071634,-0.13577911363727582,-0.008373729256564336,0.08970425740656052,0.009455488879812434,0.021832244003337137,-0.07258529177566987,-0.09770409269877815,-0.1193102748552247
-0.10604627466183056,-0.1079330840536174,0.029276677412301503,0.1031497265203288,-0.09887562893118511,-0.0274951070164596,0.08970425740656052,0.009455488879812434,0.00421152978612476,-0.05254611060818793,-0.07548257530867285,-0.06811494194822522
-0.10604627466183056,-0.1079330840536174,0.029276677412301503,0.1031497265203288,-0.09887562893118511,-0.0274951070164596,0.08970425740656052,0.009455488879812434,0.00421152978612476,-0.05254611060818793,-0.09770409269877815,-0.1193102748552247
-0.10604627466183056,-0.1079330840536174,0.029276677412301503,0.1031497265203288,-0.09887562893118511,-0.0274951070164596,0.08970425740656052,0.009455488879812434,0.00421152978612476,-0.03250692944070599,-0.09770409269877815,-0.1193102748552247
-0.13688351454831724,-0.1398080082074649,0.029276677412301503,0.13870353734110388,-0.11732737128423046,-0.046616484776354855,0.08970425740656052,0.009455488879812434,0.021832244003337137,-0.05254611060818793,-0.09770409269877815,-0.1193102748552247
-0.16772075443480394,-0.1079330840536174,0.06243815148279847,0.15648044275149142,-0.1542308559903212,-0.0274951070164596,0.16919717539213053,0.028397571852716883,0.021832244003337137,-0.03250692944070599,-0.07548257530867285,-0.1193102748552247
-0.13688351454831724,-0.07605815989976988,0.06243815148279847,0.12092663193071634,-0.13577911363727582,-0.008373729256564336,0.16919717539213053,0.009455488879812434,0.021832244003337137,-0.07258529177566987,-0.11992561008888346,-0.1193102748552247
-0.10604627466183056,-0.1079330840536174,-0.0038847966581954723,0.12092663193071634,-0.08042388657813976,-0.06573786253625012,0.1426995360636072,0.009455488879812434,0.021832244003337137,-0.07258529177566987,-0.11992561008888346,-0.14490794130872445
-0.10604627466183056,-0.1398080082074649,-0.03704627072869245,0.13870353734110388,-0.061972144225094394,-0.10398061805604064,0.08970425740656052,0.009455488879812434,0.00421152978612476,-0.07258529177566987,-0.11992561008888346,-0.14490794130872445
-0.10604627466183056,-0.1398080082074649,-0.03704627072869245,0.13870353734110388,-0.061972144225094394,-0.10398061805604064,0.11620189673508387,-0.009486594093092014,0.021832244003337137,-0.05254611060818793,-0.09770409269877815,-0.14490794130872445
-0.16772075443480394,-0.1079330840536174,0.06243815148279847,0.15648044275149142,-0.1542308559903212,-0.0274951070164596,0.11620189673508387,0.028397571852716883,0.00421152978612476,-0.05254611060818793,-0.11992561008888346,-0.14490794130872445
-0.13688351454831724,-0.1079330840536174,0.029276677412301503,0.13870353734110388,-0.11732737128423046,-0.046616484776354855,0.11620189673508387,-0.009486594093092014,0.00421152978612476,-0.07258529177566987,-0.11992561008888346,-0.14490794130872445
-0.13688351454831724,-0.1079330840536174,0.029276677412301503,0.13870353734110388,-0.11732737128423046,-0.046616484776354855,0.11620189673508387,0.009455488879812434,0.00421152978612476,-0.07258529177566987,-0.11992561008888346,-0.1705056077622242
-0.13688351454831724,-0.1398080082074649,-0.0038847966581954723,0.15648044275149142,-0.09887562893118511,-0.08485924029614537,0.11620189673508387,0.009455488879812434,0.021832244003337137,-0.05254611060818793,-0.09770409269877815,-0.1705056077622242
-0.16772075443480394,-0.1398080082074649,0.029276677412301503,0.17425734816187896,-0.13577911363727582,-0.06573786253625012,0.11620189673508387,0.009455488879812434,0.021832244003337137,-0.07258529177566987,-0.11992561008888346,-0.1705056077622242
-0.16772075443480394,-0.1398080082074649,0.029276677412301503,0.17425734816187896,-0.13577911363727582,-0.06573786253625012,0.11620189673508387,0.028397571852716883,0.021832244003337137,-0.07258529177566987,-0.11992561008888346,-0.1705056077622242
-0.19855799432129065,-0.1398080082074649,0.06243815148279847,0.1920342535722665,-0.17268259834336652,-0.046616484776354855,0.1426995360636072,0.028397571852716883,0.021832244003337137,-0.05254611060818793,-0.09770409269877815,-0.14490794130872445
-0.16772075443480394,-0.1398080082074649,0.029276677412301503,0.17425734816187896,-0.13577911363727582,-0.06573786253625012,0.1426995360636072,0.028397571852716883,0.00421152978612476,-0.07258529177566987,-0.09770409269877815,-0.1705056077622242
-0.16772075443480394,-0.1398080082074649,0.029276677412301503,0.17425734816187896,-0.13577911363727582,-0.06573786253625012,0.1426995360636072,0.028397571852716883,0.00421152978612476,-0.07258529177566987,-0.11992561008888346,-0.1705056077622242
-0.13688351454831724,-0.1716829323613124,-0.03704627072869245,0.17425734816187896,-0.08042388657813976,-0.12310199581593591,0.11620189673508387,0.009455488879812434,0.00421152978612476,-0.07258529177566987,-0.11992561008888346,-0.1705056077622242
-0.13688351454831724,-0.1716829323613124,-0.03704627072869245,0.17425734816187896,-0.08042388657813976,-0.12310199581593591,0.11620189673508387,0.028397571852716883,0.00421152978612476,-0.05254611060818793,-0.11992561008888346,-0.1705056077622242
-0.13688351454831724,-0.1716829323613124,-0.03704627072869245,0.17425734816187896,-0.08042388657813976,-0.12310199581593591,0.08970425740656052,0.028397571852716883,0.00421152978612476,-0.0926244729431518,-0.11992561008888346,-0.19610327421572396
-0.16772075443480394,-0.1398080082074649,0.029276677412301503,0.17425734816187896,-0.13577911363727582,-0.06573786253625012,0.11620189673508387,0.028397571852716883,0.00421152978612476,-0.05254611060818793,-0.11992561008888346,-0.19610327421572396
-0.16772075443480394,-0.1716829323613124,-0.0038847966581954723,0.1920342535722665,-0.11732737128423046,-0.10398061805604064,0.1426995360636072,0.04733965482562133,0.00421152978612476,-0.05254611060818793,-0.11992561008888346,-0.1705056077622242
-0.13688351454831724,-0.1716829323613124,-0.03704627072869245,0.17425734816187896,-0.08042388657813976,-0.12310199581593591,0.1426995360636072,0.04733965482562133,-0.013409184431087615,-0.07258529177566987,-0.11992561008888346,-0.19610327421572396
-0.13688351454831724,-0.1716829323613124,-0.03704627072869245,0.17425734816187896,-0.08042388657813976,-0.12310199581593591,0.11620189673508387,0.04733965482562133,0.00421152978612476,-0.07258529177566987,-0.11992561008888346,-0.14490794130872445
-0.16772075443480394,-0.1716829323613124,-0.0038847966581954723,0.1920342535722665,-0.11732737128423046,-0.10398061805604064,0.11620189673508387,0.04733965482562133,0.00421152978612476,-0.07258529177566987,-0.11992561008888346,-0.14490794130872445
-0.13688351454831724,-0.1716829323613124,-0.03704627072869245,0.17425734816187896,-0.08042388657813976,-0.12310199581593591,0.11620189673508387,0.04733965482562133,0.00421152978612476,-0.05254611060818793,-0.11992561008888346,-0.14490794130872445
-0.13688351454831724,-0.1716829323613124,-0.03704627072869245,0.17425734816187896,-0.08042388657813976,-0.12310199581593591,0.08970425740656052,0.04733965482562133,-0.013409184431087615,-0.07258529177566987,-0.14214712747898875,-0.14490794130872445
-0.13688351454831724,-0.1716829323613124,-0.03704627072869245,0.17425734816187896,-0.08042388657813976,-0.12310199581593591,0.11620189673508387,0.04733965482562133,0.00421152978612476,-0.07258529177566987,-0.11992561008888346,-0.1705056077622242
-0.16772075443480394,-0.1716829323613124,-0.0038847966581954723,0.1920342535722665,-0.11732737128423046,-0.10398061805604064,0.11620189673508387,0.04733965482562133,0.00421152978612476,-0.05254611060818793,-0.09770409269877815,-0.1193102748552247
-0.19855799432129065,-0.1716829323613124,0.029276677412301503,0.20981115898265404,-0.13577911363727582,-0.08485924029614537,0.1426995360636072,0.06628173779852578,0.021832244003337137,-0.05254611060818793,-0.11992561008888346,-0.1193102748552247
-0.19855799432129065,-0.1398080082074649,0.06243815148279847,0.1920342535722665,-0.1542308559903212,-0.046616484776354855,0.1426995360636072,0.04733965482562133,0.021832244003337137,-0.05254611060818793,-0.09770409269877815,-0.09371260840172496
-0.19855799432129065,-0.1716829323613124,0.029276677412301503,0.20981115898265404,-0.13577911363727582,-0.08485924029614537,0.1426995360636072,0.04733965482562133,0.00421152978612476,-0.05254611060818793,-0.09770409269877815,-0.1193102748552247
-0.10604627466183056,-0.1398080082074649,-0.03704627072869245,0.13870353734110388,-0.043520401872049044,-0.10398061805604064,0.11620189673508387,0.04733965482562133,-0.013409184431087615,-0.07258529177566987,-0.14214712747898875,-0.14490794130872445
-0.16772075443480394,-0.1398080082074649,0.029276677412301503,0.17425734816187896,-0.11732737128423046,-0.06573786253625012,0.11620189673508387,0.04733965482562133,-0.013409184431087615,-0.0926244729431518,-0.11992561008888346,-0.1705056077622242
-0.16772075443480394,-0.1716829323613124,-0.0038847966581954723,0.1920342535722665,-0.09887562893118511,-0.10398061805604064,0.1426995360636072,0.06628173779852578,0.021832244003337137,-0.05254611060818793,-0.09770409269877815,-0.1193102748552247
-0.16772075443480394,-0.1716829323613124,-0.0038847966581954723,0.1920342535722665,-0.09887562893118511,-0.10398061805604064,0.11620189673508387,0.06628173779852578,0.00421152978612476,-0.07258529177566987,-0.09770409269877815,-0.1193102748552247
-0.16772075443480394,-0.1398080082074649,0.029276677412301503,0.17425734816187896,-0.11732737128423046,-0.06573786253625012,0.11620189673508387,0.06628173779852578,0.00421152978612476,-0.05254611060818793,-0.09770409269877815,-0.1193102748552247
-0.16772075443480394,-0.1716829323613124,-0.0038847966581954723,0.1920342535722665,-0.09887562893118511,-0.10398061805604064,0.08970425740656052,0.04733965482562133,-0.013409184431087615,-0.0926244729431518,-0.11992561008888346,-0.14490794130872445
-0.19855799432129065,-0.1398080082074649,0.06243815148279847,0.1920342535722665,-0.1542308559903212,-0.046616484776354855,0.11620189673508387,0.04733965482562133,0.00421152978612476,-0.0926244729431518,-0.11992561008888346,-0.1193102748552247
-0.19855799432129065,-0.1716829323613124,0.029276677412301503,0.20981115898265404,-0.13577911363727582,-0.08485924029614537,0.11620189673508387,0.06628173779852578,0.00421152978612476,-0.05254611060818793,-0.11992561008888346,-0.1193102748552247
-0.19855799432129065,-0.1716829323613124,0.029276677412301503,0.20981115898265404,-0.13577911363727582,-0.08485924029614537,0.11620189673508387,0.04733965482562133,0.00421152978612476,-0.07258529177566987,-0.09770409269877815,-0.1193102748552247
-0.19855799432129065,-0.1716829323613124,0.029276677412301503,0.20981115898265404,-0.13577911363727582,-0.08485924029614537,0.11620189673508387,0.06628173779852578,0.00421152978612476,-0.07258529177566987,-0.11992561008888346,-0.14490794130872445
-0.19855799432129065,-0.1716829323613124,0.029276677412301503,0.20981115898265404,-0.13577911363727582,-0.08485924029614537,0.11620189673508387,0.08522382077143023,0.00421152978612476,-0.07258529177566987,-0.11992561008888346,-0.1193102748552247
-0.22939523420777733,-0.1716829323613124,0.06243815148279847,0.2275880643930416,-0.17268259834336652,-0.06573786253625012,0.1426995360636072,0.08522382077143023,0.021832244003337137,-0.07258529177566987,-0.11992561008888346,-0.1193102748552247
-0.19855799432129065,-0.1716829323613124,0.029276677412301503,0.20981115898265404,-0.13577911363727582,-0.08485924029614537,0.1426995360636072,0.06628173779852578,0.021832244003337137,-0.07258529177566987,-0.11992561008888346,-0.1705056077622242
-0.19855799432129065,-0.1398080082074649,0.06243815148279847,0.1920342535722665,-0.1542308559903212,-0.046616484776354855,0.1426995360636072,0.06628173779852578,0.021832244003337137,-0.0926244729431518,-0.11992561008888346,-0.1705056077622242
-0.16772075443480394,-0.1716829323613124,-0.0038847966581954723,0.1920342535722665,-0.09887562893118511,-0.10398061805604064,0.1426995360636072,0.06628173779852578,0.021832244003337137,-0.07258529177566987,-0.11992561008888346,-0.14490794130872445
-0.16772075443480394,-0.1716829323613124,-0.0038847966581954723,0.1920342535722665,-0.09887562893118511,-0.10398061805604064,0.1426995360636072,0.04733965482562133,0.021832244003337137,-0.0926244729431518,-0.14214712747898875,-0.1705056077622242
-0.19855799432129065,-0.1716829323613124,0.029276677412301503,0.20981115898265404,-0.13577911363727582,-0.08485924029614537,0.1426995360636072,0.04733965482562133,0.021832244003337137,-0.07258529177566987,-0.14214712747898875,-0.1705056077622242
-0.16772075443480394,-0.1716829323613124,-0.0038847966581954723,0.1920342535722665,-0.09887562893118511,-0.10398061805604064,0.11620189673508387,0.06628173779852578,0.00421152978612476,-0.07258529177566987,-0.14214712747898875,-0.19610327421572396
-0.19855799432129065,-0.1716829323613124,0.029276677412301503,0.20981115898265404,-0.13577911363727582,-0.10398061805604064,0.1426995360636072,0.06628173779852578,0.021832244003337137,-0.05254611060818793,-0.09770409269877815,-0.14490794130872445
-0.16772075443480394,-0.1716829323613124,-0.0038847966581954723,0.1920342535722665,-0.08042388657813976,-0.12310199581593591,0.11620189673508387,0.04733965482562133,0.021832244003337137,-0.07258529177566987,-0.14214712747898875,-0.14490794130872445
-0.16772075443480394,-0.1398080082074649,0.029276677412301503,0.17425734816187896,-0.09887562893118511,-0.08485924029614537,0.11620189673508387,0.06628173779852578,0.021832244003337137,-0.07258529177566987,-0.14214712747898875,-0.14490794130872445
-0.16772075443480394,-0.1398080082074649,0.029276677412301503,0.17425734816187896,-0.09887562893118511,-0.08485924029614537,0.1426995360636072,0.06628173779852578,0.021832244003337137,-0.07258529177566987,-0.11992561008888346,-0.14490794130872445
-0.16772075443480394,-0.1398080082074649,0.029276677412301503,0.17425734816187896,-0.09887562893118511,-0.08485924029614537,0.11620189673508387,0.04733965482562133,0.021832244003337137,-0.07258529177566987,-0.11992561008888346,-0.14490794130872445
-0.16772075443480394,-0.1716829323613124,-0.0038847966581954723,0.1920342535722665,-0.08042388657813976,-0.12310199581593591,0.1426995360636072,0.06628173779852578,0.021832244003337137,-0.07258529177566987,-0.11992561008888346,-0.1193102748552247
-0.22939523420777733,-0.1716829323613124,0.06243815148279847,0.2275880643930416,-0.1542308559903212,-0.08485924029614537,0.1426995360636072,0.06628173779852578,0.021832244003337137,-0.05254611060818793,-0.11992561008888346,-0.1193102748552247
-0.19855799432129065,-0.1398080082074649,0.06243815148279847,0.1920342535722665,-0.13577911363727582,-0.06573786253625012,0.1426995360636072,0.06628173779852578,0.021832244003337137,-0.05254611060818793,-0.11992561008888346,-0.1193102748552247
-0.22939523420777733,-0.1398080082074649,0.09559962555329544,0.20981115898265404,-0.17268259834336652,-0.046616484776354855,0.1426995360636072,0.06628173779852578,0.03945295822054951,-0.07258529177566987,-0.11992561008888346,-0.14490794130872445
-0.22939523420777733,-0.1398080082074649,0.09559962555329544,0.20981115898265404,-0.17268259834336652,-0.046616484776354855,0.1426995360636072,0.06628173779852578,0.03945295822054951,-0.05254611060818793,-0.09770409269877815,-0.14490794130872445
-0.16772075443480394,-0.1716829323613124,0.029276677412301503,0.20981115898265404,-0.11732737128423046,-0.10398061805604064,0.1426995360636072,0.04733965482562133,0.021832244003337137,-0.05254611060818793,-0.09770409269877815,-0.14490794130872445
-0.13688351454831724,-0.1716829323613124,-0.0038847966581954723,0.1920342535722665,-0.08042388657813976,-0.12310199581593591,0.1426995360636072,0.06628173779852578,0.021832244003337137,-0.05254611060818793,-0.11992561008888346,-0.14490794130872445
-0.13688351454831724,-0.1398080082074649,0.029276677412301503,0.17425734816187896,-0.09887562893118511,-0.08485924029614537,0.11620189673508387,0.04733965482562133,0.021832244003337137,-0.07258529177566987,-0.11992561008888346,-0.14490794130872445
-0.13688351454831724,-0.1398080082074649,0.029276677412301503,0.17425734816187896,-0.09887562893118511,-0.08485924029614537,0.11620189673508387,0.04733965482562133,0.021832244003337137,-0.07258529177566987,-0.11992561008888346,-0.14490794130872445
-0.16772075443480394,-0.1398080082074649,0.06243815148279847,0.1920342535722665,-0.13577911363727582,-0.06573786253625012,0.1426995360636072,0.06628173779852578,0.021832244003337137,-0.05254611060818793,-0.09770409269877815,-0.1193102748552247
-0.13688351454831724,-0.1398080082074649,0.029276677412301503,0.15648044275149142,-0.09887562893118511,-0.08485924029614537,0.11620189673508387,0.04733965482562133,0.021832244003337137,-0.07258529177566987,-0.11992561008888346,-0.14490794130872445
-0.16772075443480394,-0.1716829323613124,0.029276677412301503,0.1920342535722665,-0.11732737128423046,-0.10398061805604064,0.1426995360636072,0.06628173779852578,0.021832244003337137,-0.05254611060818793,-0.11992561008888346,-0.14490794130872445
-0.13688351454831724,-0.1398080082074649,0.029276677412301503,0.15648044275149142,-0.09887562893118511,-0.08485924029614537,0.1426995360636072,0.04733965482562133,0.021832244003337137,-0.05254611060818793,-0.11992561008888346,-0.14490794130872445
-0.10604627466183056,-0.1716829323613124,-0.07020774479918943,0.15648044275149142,-0.043520401872049044,-0.14222337357583117,0.11620189673508387,0.028397571852716883,0.00421152978612476,-0.07258529177566987,-0.11992561008888346,-0.14490794130872445
-0.13688351454831724,-0.1398080082074649,-0.0038847966581954723,0.15648044275149142,-0.09887562893118511,-0.06573786253625012,0.11620189673508387,0.04733965482562133,0.00421152978612476,-0.05254611060818793,-0.11992561008888346,-0.14490794130872445
-0.16772075443480394,-0.1079330840536174,0.06243815148279847,0.15648044275149142,-0.1542308559903212,-0.008373729256564336,0.11620189673508387,0.04733965482562133,0.00421152978612476,-0.05254611060818793,-0.09770409269877815,-0.14490794130872445
-0.16772075443480394,-0.1398080082074649,0.029276677412301503,0.17425734816187896,-0.13577911363727582,-0.046616484776354855,0.11620189673508387,0.04733965482562133,0.021832244003337137,-0.05254611060818793,-0.09770409269877815,-0.1193102748552247
-0.13688351454831724,-0.1398080082074649,-0.0038847966581954723,0.15648044275149142,-0.09887562893118511,-0.06573786253625012,0.08970425740656052,0.028397571852716883,0.021832244003337137,-0.07258529177566987,-0.11992561008888346,-0.14490794130872445
-0.22939523420777733,-0.1398080082074649,0.09559962555329544,0.20981115898265404,-0.1911343406964119,-0.008373729256564336,0.11620189673508387,0.028397571852716883,0.00421152978612476,-0.07258529177566987,-0.11992561008888346,-0.1193102748552247
-0.16772075443480394,-0.1398080082074649,0.029276677412301503,0.17425734816187896,-0.11732737128423046,-0.046616484776354855,0.08970425740656052,0.009455488879812434,0.00421152978612476,-0.05254611060818793,-0.14214712747898875,-0.14490794130872445
-0.16772075443480394,-0.1079330840536174,0.06243815148279847,0.15648044275149142,-0.13577911363727582,-0.008373729256564336,0.08970425740656052,0.028397571852716883,0.00421152978612476,-0.05254611060818793,-0.09770409269877815,-0.1193102748552247
-0.16772075443480394,-0.1398080082074649,0.029276677412301503,0.17425734816187896,-0.11732737128423046,-0.046616484776354855,0.08970425740656052,0.028397571852716883,0.00421152978612476,-0.05254611060818793,-0.11992561008888346,-0.14490794130872445
-0.13688351454831724,-0.1398080082074649,-0.0038847966581954723,0.15648044275149142,-0.08042388657813976,-0.06573786253625012,0.08970425740656052,0.009455488879812434,0.00421152978612476,-0.0926244729431518,-0.11992561008888346,-0.14490794130872445
-0.13688351454831724,-0.1398080082074649,-0.0038847966581954723,0.15648044275149142,-0.08042388657813976,-0.06573786253625012,0.08970425740656052,0.009455488879812434,-0.013409184431087615,-0.0926244729431518,-0.11992561008888346,-0.1705056077622242
-0.13688351454831724,-0.1398080082074649,-0.0038847966581954723,0.15648044275149142,-0.08042388657813976,-0.06573786253625012,0.11620189673508387,0.009455488879812434,-0.013409184431087615,-0.0926244729431518,-0.14214712747898875,-0.1705056077622242
-0.19855799432129065,-0.1079330840536174,0.09559962555329544,0.17425734816187896,-0.17268259834336652,0.010747648503330924,0.11620189673508387,0.009455488879812434,-0.013409184431087615,-0.0926244729431518,-0.11992561008888346,-0.1705056077622242
-0.26023247409426403,-0.1398080082074649,0.12876109962379242,0.2275880643930416,-0.2280378254025026,0.010747648503330924,0.1426995360636072,0.04733965482562133,0.00421152978612476,-0.05254611060818793,-0.09770409269877815,-0.1193102748552247
-0.19855799432129065,-0.1398080082074649,0.06243815148279847,0.1920342535722665,-0.1542308559903212,-0.0274951070164596,0.11620189673508387,0.04733965482562133,0.00421152978612476,-0.05254611060818793,-0.09770409269877815,-0.14490794130872445
-0.19855799432129065,-0.07605815989976988,0.12876109962379242,0.15648044275149142,-0.1911343406964119,0.048990404023121444,0.08970425740656052,0.04733965482562133,0.00421152978612476,-0.05254611060818793,-0.09770409269877815,-0.14490794130872445
-0.13688351454831724,-0.1079330840536174,0.029276677412301503,0.13870353734110388,-0.09887562893118511,-0.0274951070164596,0.08970425740656052,0.028397571852716883,-0.013409184431087615,-0.07258529177566987,-0.11992561008888346,-0.1705056077622242
-0.13688351454831724,-0.1079330840536174,0.029276677412301503,0.13870353734110388,-0.09887562893118511,-0.0274951070164596,0.08970425740656052,0.028397571852716883,-0.013409184431087615,-0.07258529177566987,-0.14214712747898875,-0.14490794130872445
-0.10604627466183056,-0.1398080082074649,-0.03704627072869245,0.13870353734110388,-0.043520401872049044,-0.08485924029614537,0.08970425740656052,0.028397571852716883,-0.013409184431087615,-0.07258529177566987,-0.11992561008888346,-0.1705056077622242
-0.19855799432129065,-0.1079330840536174,0.09559962555329544,0.17425734816187896,-0.17268259834336652,0.010747648503330924,0.11620189673508387,0.028397571852716883,0.00421152978612476,-0.07258529177566987,-0.11992561008888346,-0.1705056077622242
-0.19855799432129065,-0.1079330840536174,0.09559962555329544,0.17425734816187896,-0.17268259834336652,0.010747648503330924,0.08970425740656052,0.028397571852716883,0.00421152978612476,-0.07258529177566987,-0.11992561008888346,-0.1705056077622242
-0.19855799432129065,-0.1398080082074649,0.06243815148279847,0.1920342535722665,-0.1542308559903212,-0.0274951070164596,0.1426995360636072,0.028397571852716883,0.00421152978612476,-0.07258529177566987,-0.09770409269877815,-0.14490794130872445
-0.16772075443480394,-0.1079330840536174,0.06243815148279847,0.15648044275149142,-0.11732737128423046,-0.008373729256564336,0.08970425740656052,0.028397571852716883,0.00421152978612476,-0.0926244729431518,-0.11992561008888346,-0.14490794130872445
-0.22939523420777733,-0.1398080082074649,0.09559962555329544,0.20981115898265404,-0.17268259834336652,-0.008373729256564336,0.11620189673508387,0.04733965482562133,0.00421152978612476,-0.05254611060818793,-0.11992561008888346,-0.14490794130872445
-0.19855799432129065,-0.1398080082074649,0.06243815148279847,0.1920342535722665,-0.13577911363727582,-0.0274951070164596,0.08970425740656052,0.028397571852716883,0.00421152978612476,-0.05254611060818793,-0.11992561008888346,-0.1193102748552247
-0.19855799432129065,-0.1398080082074649,0.06243815148279847,0.1920342535722665,-0.13577911363727582,-0.0274951070164596,0.11620189673508387,0.04733965482562133,0.021832244003337137,-0.05254611060818793,-0.11992561008888346,-0.14490794130872445
-0.19855799432129065,-0.1398080082074649,0.06243815148279847,0.1920342535722665,-0.13577911363727582,-0.0274951070164596,0.08970425740656052,0.028397571852716883,0.00421152978612476,-0.07258529177566987,-0.09770409269877815,-0.14490794130872445
-0.13688351454831724,-0.1398080082074649,-0.0038847966581954723,0.15648044275149142,-0.061972144225094394,-0.06573786253625012,0.11620189673508387,0.028397571852716883,0.00421152978612476,-0.07258529177566987,-0.11992561008888346,-0.1705056077622242
-0.16772075443480394,-0.1398080082074649,0.029276677412301503,0.17425734816187896,-0.09887562893118511,-0.046616484776354855,0.08970425740656052,0.028397571852716883,0.00421152978612476,-0.07258529177566987,-0.14214712747898875,-0.14490794130872445
-0.19855799432129065,-0.1398080082074649,0.06243815148279847,0.1920342535722665,-0.13577911363727582,-0.0274951070164596,0.11620189673508387,0.028397571852716883,0.00421152978612476,-0.07258529177566987,-0.14214712747898875,-0.14490794130872445
-0.22939523420777733,-0.1079330840536174,0.12876109962379242,0.1920342535722665,-0.1911343406964119,0.029869026263226184,0.11620189673508387,0.028397571852716883,0.00421152978612476,-0.07258529177566987,-0.14214712747898875,-0.14490794130872445
-0.16772075443480394,-0.1398080082074649,0.029276677412301503,0.17425734816187896,-0.09887562893118511,-0.046616484776354855,0.08970425740656052,0.04733965482562133,0.00421152978612476,-0.07258529177566987,-0.11992561008888346,-0.1705056077622242
-0.13688351454831724,-0.1398080082074649,-0.0038847966581954723,0.15648044275149142,-0.061972144225094394,-0.06573786253625012,0.11620189673508387,0.009455488879812434,0.00421152978612476,-0.07258529177566987,-0.14214712747898875,-0.1705056077622242
-0.16772075443480394,-0.1398080082074649,0.029276677412301503,0.17425734816187896,-0.09887562893118511,-0.046616484776354855,0.11620189673508387,0.028397571852716883,0.00421152978612476,-0.07258529177566987,-0.14214712747898875,-0.14490794130872445
-0.13688351454831724,-0.1079330840536174,0.029276677412301503,0.13870353734110388,-0.08042388657813976,-0.0274951070164596,0.08970425740656052,0.009455488879812434,0.00421152978612476,-0.07258529177566987,-0.14214712747898875,-0.14490794130872445
-0.13688351454831724,-0.1398080082074649,-0.0038847966581954723,0.15648044275149142,-0.061972144225094394,-0.06573786253625012,0.06320661807803718,0.009455488879812434,-0.013409184431087615,-0.07258529177566987,-0.14214712747898875,-0.14490794130872445
-0.13688351454831724,-0.1079330840536174,0.029276677412301503,0.13870353734110388,-0.08042388657813976,-0.0274951070164596,0.08970425740656052,0.009455488879812434,0.00421152978612476,-0.07258529177566987,-0.14214712747898875,-0.1705056077622242
-0.16772075443480394,-0.1079330840536174,0.06243815148279847,0.15648044275149142,-0.11732737128423046,-0.008373729256564336,0.08970425740656052,0.009455488879812434,0.021832244003337137,-0.07258529177566987,-0.14214712747898875,-0.1705056077622242
-0.22939523420777733,-0.1079330840536174,0.12876109962379242,0.1920342535722665,-0.1911343406964119,0.029869026263226184,0.11620189673508387,0.028397571852716883,0.021832244003337137,-0.05254611060818793,-0.11992561008888346,-0.14490794130872445
-0.22939523420777733,-0.1079330840536174,0.12876109962379242,0.1920342535722665,-0.1911343406964119,0.029869026263226184,0.08970425740656052,0.028397571852716883,0.021832244003337137,-0.05254611060818793,-0.11992561008888346,-0.14490794130872445
-0.19855799432129065,-0.1079330840536174,0.09559962555329544,0.17425734816187896,-0.1542308559903212,0.010747648503330924,0.11620189673508387,0.028397571852716883,0.021832244003337137,-0.05254611060818793,-0.11992561008888346,-0.14490794130872445
-0.22939523420777733,-0.1079330840536174,0.12876109962379242,0.1920342535722665,-0.1911343406964119,0.029869026263226184,0.11620189673508387,0.028397571852716883,0.021832244003337137,-0.07258529177566987,-0.11992561008888346,-0.14490794130872445
-0.13688351454831724,-0.1079330840536174,0.029276677412301503,0.13870353734110388,-0.061972144225094394,-0.0274951070164596,0.08970425740656052,0.009455488879812434,0.00421152978612476,-0.07258529177566987,-0.14214712747898875,-0.1705056077622242
-0.13688351454831724,-0.1398080082074649,-0.0038847966581954723,0.15648044275149142,-0.043520401872049044,-0.06573786253625012,0.08970425740656052,0.009455488879812434,0.00421152978612476,-0.07258529177566987,-0.14214712747898875,-0.1705056077622242
-0.16772075443480394,-0.1079330840536174,0.06243815148279847,0.15648044275149142,-0.09887562893118511,-0.008373729256564336,0.08970425740656052,0.009455488879812434,0.00421152978612476,-0.07258529177566987,-0.14214712747898875,-0.19610327421572396
-0.16772075443480394,-0.1079330840536174,0.06243815148279847,0.15648044275149142,-0.09887562893118511,-0.008373729256564336,0.06320661807803718,0.009455488879812434,-0.013409184431087615,-0.07258529177566987,-0.14214712747898875,-0.19610327421572396
-0.16772075443480394,-0.1079330840536174,0.06243815148279847,0.15648044275149142,-0.09887562893118511,-0.008373729256564336,0.08970425740656052,0.009455488879812434,0.00421152978612476,-0.07258529177566987,-0.11992561008888346,-0.14490794130872445
-0.19855799432129065,-0.1398080082074649,0.06243815148279847,0.1920342535722665,-0.11732737128423046,-0.0274951070164596,0.08970425740656052,0.009455488879812434,0.00421152978612476,-0.07258529177566987,-0.14214712747898875,-0.14490794130872445
-0.19855799432129065,-0.1398080082074649,0.06243815148279847,0.1920342535722665,-0.11732737128423046,-0.0274951070164596,0.08970425740656052,0.009455488879812434,0.00421152978612476,-0.05254611060818793,-0.14214712747898875,-0.14490794130872445
-0.19855799432129065,-0.1398080082074649,0.06243815148279847,0.1920342535722665,-0.11732737128423046,-0.0274951070164596,0.11620189673508387,0.009455488879812434,0.00421152978612476,-0.05254611060818793,-0.09770409269877815,-0.1705056077622242
-0.16772075443480394,-0.1398080082074649,0.029276677412301503,0.17425734816187896,-0.08042388657813976,-0.046616484776354855,0.11620189673508387,0.009455488879812434,-0.013409184431087615,-0.07258529177566987,-0.14214712747898875,-0.1705056077622242
-0.26023247409426403,-0.1398080082074649,0.12876109962379242,0.2275880643930416,-0.1911343406964119,0.010747648503330924,0.1426995360636072,0.028397571852716883,0.00421152978612476,-0.05254611060818793,-0.09770409269877815,-0.14490794130872445
-0.22939523420777733,-0.1398080082074649,0.09559962555329544,0.20981115898265404,-0.1542308559903212,-0.008373729256564336,0.1426995360636072,0.028397571852716883,0.00421152978612476,-0.07258529177566987,-0.11992561008888346,-0.14490794130872445
-0.19855799432129065,-0.1079330840536174,0.09559962555329544,0.17425734816187896,-0.13577911363727582,0.010747648503330924,0.11620189673508387,0.009455488879812434,0.00421152978612476,-0.07258529177566987,-0.09770409269877815,-0.14490794130872445
-0.16772075443480394,-0.1079330840536174,0.06243815148279847,0.15648044275149142,-0.09887562893118511,-0.008373729256564336,0.11620189673508387,0.028397571852716883,0.00421152978612476,-0.07258529177566987,-0.11992561008888346,-0.1705056077622242
-0.19855799432129065,-0.044183235745922374,0.16192257369428942,0.13870353734110388,-0.17268259834336652,0.08723315954291197,0.11620189673508387,0.028397571852716883,0.021832244003337137,-0.05254611060818793,-0.09770409269877815,-0.14490794130872445
-0.13688351454831724,-0.012308311592074865,0.12876109962379242,0.08537282110994127,-0.11732737128423046,0.08723315954291197,0.11620189673508387,0.06628173779852578,0.03945295822054951,-0.03250692944070599,-0.053261057918567535,-0.09371260840172496
-0.13688351454831724,0.051441536715620156,0.19508404776478638,0.049819010289166174,-0.1542308559903212,0.16371867058249298,0.11620189673508387,0.08522382077143023,0.07469438665497424,0.007571432894257888,-0.031039540528462233,-0.042517275494725476
-0.13688351454831724,0.14706630917716268,0.2945684699762773,-0.0035117059419964504,-0.20958608304945725,0.2784469371418646,0.16919717539213053,0.10416590374433468,0.09231510087218663,0.027610614061739827,-0.031039540528462233,-0.042517275494725476
-0.10604627466183056,0.14706630917716268,0.2614069959057803,-0.021288611352383992,-0.17268259834336652,0.2593255593819693,0.1426995360636072,0.08522382077143023,0.07469438665497424,0.007571432894257888,-0.031039540528462233,-0.042517275494725476
-0.10604627466183056,0.14706630917716268,0.2614069959057803,-0.021288611352383992,-0.17268259834336652,0.2593255593819693,0.1426995360636072,0.08522382077143023,0.07469438665497424,0.027610614061739827,-0.053261057918567535,-0.042517275494725476
-0.07520903477534385,0.2108161574848577,0.2945684699762773,-0.07461932758354661,-0.17268259834336652,0.3166896926616551,0.1426995360636072,0.10416590374433468,0.09231510087218663,0.007571432894257888,-0.031039540528462233,-0.042517275494725476
-0.07520903477534385,0.1789412333310102,0.2614069959057803,-0.056842422173159074,-0.1542308559903212,0.2784469371418646,0.1426995360636072,0.14205006969014358,0.109935815089399,0.027610614061739827,-0.031039540528462233,-0.042517275494725476
-0.013534555002370467,0.2108161574848577,0.22824552183528335,-0.1101731384043217,-0.09887562893118511,0.2784469371418646,0.1956948147206539,0.17993423563595248,0.14517724352382377,0.06768897639670371,0.013403494251748381,0.00867805741227402
-0.04437179488885716,0.2108161574848577,0.2614069959057803,-0.09239623299393417,-0.13577911363727582,0.29756831490175983,0.16919717539213053,0.17993423563595248,0.14517724352382377,0.08772815756418564,0.035625011641853686,0.00867805741227402
-0.013534555002370467,0.1789412333310102,0.19508404776478638,-0.09239623299393417,-0.08042388657813976,0.24020418162207405,0.03670897874951384,0.10416590374433468,0.109935815089399,0.04764979522922177,-0.008818023138356926,-0.016919609041225726
-0.07520903477534385,0.11519138502331518,0.19508404776478638,-0.021288611352383992,-0.11732737128423046,0.20196142610228351,0.03670897874951384,0.08522382077143023,0.09231510087218663,0.04764979522922177,-0.008818023138356926,0.00867805741227402
0.01730268488411623,0.08331646086946766,0.06243815148279847,-0.056842422173159074,0.011834825187087025,0.10635453730280722,-0.016286299907532834,0.028397571852716883,0.05707367243776188,-0.012467748273224052,-0.008818023138356926,-0.016919609041225726
0.07897716465708962,0.051441536715620156,-0.03704627072869245,-0.07461932758354661,0.1040935369523138,0.029869026263226184,-0.016286299907532834,0.028397571852716883,0.03945295822054951,-0.012467748273224052,-0.008818023138356926,-0.016919609041225726
0.01730268488411623,0.019566612561772643,-0.0038847966581954723,-0.021288611352383992,0.048738309893177734,0.029869026263226184,-0.016286299907532834,0.028397571852716883,0.021832244003337137,-0.03250692944070599,-0.053261057918567535,-0.042517275494725476
0.07897716465708962,0.019566612561772643,-0.03704627072869245,-0.039065516762771535,0.08564179459926845,0.010747648503330924,0.010211339420990504,0.08522382077143023,0.05707367243776188,0.04764979522922177,0.013403494251748381,0.034275723865773766
0.10981440454357631,0.019566612561772643,-0.07020774479918943,-0.07461932758354661,0.12254527930535916,-0.008373729256564336,-0.016286299907532834,0.06628173779852578,0.021832244003337137,0.007571432894257888,-0.008818023138356926,0.00867805741227402
-0.013534555002370467,-0.012308311592074865,0.029276677412301503,0.014265199468391093,-0.00661691716595833,0.029869026263226184,0.06320661807803718,0.08522382077143023,0.03945295822054951,-0.012467748273224052,-0.031039540528462233,-0.042517275494725476
-0.07520903477534385,-0.012308311592074865,0.09559962555329544,0.049819010289166174,-0.08042388657813976,0.0681117817830167,0.08970425740656052,0.028397571852716883,0.021832244003337137,-0.07258529177566987,-0.07548257530867285,-0.09371260840172496
-0.07520903477534385,-0.1398080082074649,-0.03704627072869245,0.12092663193071634,-0.00661691716595833,-0.06573786253625012,0.08970425740656052,-0.02842867706599646,-0.031029898648299987,-0.0926244729431518,-0.11992561008888346,-0.14490794130872445
-0.13688351454831724,-0.1398080082074649,-0.0038847966581954723,0.15648044275149142,-0.061972144225094394,-0.06573786253625012,0.03670897874951384,-0.06631284301180536,-0.06627132708272473,-0.1327028352781157,-0.14214712747898875,-0.19610327421572396
-0.10604627466183056,-0.1398080082074649,-0.03704627072869245,0.12092663193071634,-0.025068659519003687,-0.08485924029614537,0.03670897874951384,-0.06631284301180536,-0.06627132708272473,-0.15274201644559762,-0.16436864486909408,-0.2217009406692237
-0.16772075443480394,-0.1398080082074649,-0.0038847966581954723,0.17425734816187896,-0.08042388657813976,-0.06573786253625012,0.08970425740656052,-0.02842867706599646,-0.04865061286551236,-0.15274201644559762,-0.14214712747898875,-0.19610327421572396
-0.19855799432129065,-0.1398080082074649,0.029276677412301503,0.1920342535722665,-0.11732737128423046,-0.046616484776354855,0.11620189673508387,-0.009486594093092014,-0.031029898648299987,-0.11266365411063374,-0.16436864486909408,-0.19610327421572396
-0.19855799432129065,-0.1716829323613124,-0.0038847966581954723,0.20981115898265404,-0.09887562893118511,-0.08485924029614537,0.11620189673508387,-0.009486594093092014,-0.06627132708272473,-0.11266365411063374,-0.16436864486909408,-0.19610327421572396
-0.26023247409426403,-0.20355785651515992,0.029276677412301503,0.26314187521381666,-0.1542308559903212,-0.08485924029614537,0.1426995360636072,-0.009486594093092014,-0.04865061286551236,-0.15274201644559762,-0.16436864486909408,-0.24729860712272345
-0.32190695386723744,-0.26730770482285493,0.029276677412301503,0.33424949685536687,-0.1911343406964119,-0.12310199581593591,0.16919717539213053,0.009455488879812434,-0.04865061286551236,-0.17278119761307958,-0.1865901622591994,-0.24729860712272345
-0.32190695386723744,-0.26730770482285493,0.029276677412301503,0.33424949685536687,-0.1911343406964119,-0.12310199581593591,0.11620189673508387,-0.009486594093092014,-0.06627132708272473,-0.17278119761307958,-0.1865901622591994,-0.29849394002972296
-0.2910697139807507,-0.26730770482285493,-0.0038847966581954723,0.3164725914449793,-0.1542308559903212,-0.14222337357583117,0.11620189673508387,-0.04737076003890091,-0.10151275551714949,-0.19282037878056152,-0.2532547144295153,-0.29849394002972296
-0.32190695386723744,-0.26730770482285493,0.029276677412301503,0.33424949685536687,-0.1911343406964119,-0.12310199581593591,0.11620189673508387,-0.02842867706599646,-0.10151275551714949,-0.19282037878056152,-0.23103319703941,-0.2728962735762232
-0.26023247409426403,-0.26730770482285493,-0.03704627072869245,0.29869568603459173,-0.11732737128423046,-0.16134475133572643,0.08970425740656052,-0.06631284301180536,-0.10151275551714949,-0.19282037878056152,-0.23103319703941,-0.29849394002972296
-0.2910697139807507,-0.26730770482285493,-0.0038847966581954723,0.3164725914449793,-0.1542308559903212,-0.14222337357583117,0.11620189673508387,-0.04737076003890091,-0.10151275551714949,-0.19282037878056152,-0.23103319703941,-0.29849394002972296
-0.22939523420777733,-0.26730770482285493,-0.07020774479918943,0.2809187806242042,-0.08042388657813976,-0.1804661290956217,0.11620189673508387,-0.0852549259847098,-0.10151275551714949,-0.21285955994804345,-0.2532547144295153,-0.32409160648322266
-0.26023247409426403,-0.26730770482285493,-0.03704627072869245,0.29869568603459173,-0.11732737128423046,-0.16134475133572643,0.1426995360636072,-0.0852549259847098,-0.10151275551714949,-0.19282037878056152,-0.2532547144295153,-0.32409160648322266
-0.3835814336402108,-0.26730770482285493,0.09559962555329544,0.36980330767614195,-0.2649413101085933,-0.08485924029614537,0.1426995360636072,-0.04737076003890091,-0.08389204129993712,-0.15274201644559762,-0.23103319703941,-0.2728962735762232
-0.2910697139807507,-0.26730770482285493,-0.0038847966581954723,0.3164725914449793,-0.1542308559903212,-0.14222337357583117,0.1426995360636072,-0.06631284301180536,-0.08389204129993712,-0.19282037878056152,-0.23103319703941,-0.29849394002972296
-0.32190695386723744,-0.23543278066900744,0.06243815148279847,0.3164725914449793,-0.20958608304945725,-0.08485924029614537,0.1426995360636072,-0.06631284301180536,-0.08389204129993712,-0.19282037878056152,-0.23103319703941,-0.2728962735762232
-0.32190695386723744,-0.26730770482285493,0.029276677412301503,0.33424949685536687,-0.1911343406964119,-0.12310199581593591,0.1426995360636072,-0.06631284301180536,-0.06627132708272473,-0.15274201644559762,-0.2088116796493047,-0.2728962735762232
-0.26023247409426403,-0.20355785651515992,0.029276677412301503,0.26314187521381666,-0.1542308559903212,-0.08485924029614537,0.1426995360636072,-0.06631284301180536,-0.08389204129993712,-0.17278119761307958,-0.2532547144295153,-0.29849394002972296
-0.3527441937537241,-0.23543278066900744,0.09559962555329544,0.33424949685536687,-0.24648956775554795,-0.06573786253625012,0.1426995360636072,-0.06631284301180536,-0.06627132708272473,-0.17278119761307958,-0.2088116796493047,-0.2728962735762232
-0.3527441937537241,-0.23543278066900744,0.09559962555329544,0.33424949685536687,-0.24648956775554795,-0.06573786253625012,0.1426995360636072,-0.06631284301180536,-0.06627132708272473,-0.17278119761307958,-0.2088116796493047,-0.2728962735762232
-0.2910697139807507,-0.23543278066900744,0.029276677412301503,0.29869568603459173,-0.17268259834336652,-0.10398061805604064,0.11620189673508387,-0.06631284301180536,-0.06627132708272473,-0.19282037878056152,-0.1865901622591994,-0.29849394002972296
-0.32190695386723744,-0.26730770482285493,0.029276677412301503,0.33424949685536687,-0.1911343406964119,-0.12310199581593591,0.1426995360636072,-0.06631284301180536,-0.04865061286551236,-0.15274201644559762,-0.23103319703941,-0.29849394002972296
-0.2910697139807507,-0.26730770482285493,-0.0038847966581954723,0.3164725914449793,-0.1542308559903212,-0.14222337357583117,0.11620189673508387,-0.04737076003890091,-0.04865061286551236,-0.17278119761307958,-0.23103319703941,-0.29849394002972296
-0.32190695386723744,-0.23543278066900744,0.06243815148279847,0.3164725914449793,-0.20958608304945725,-0.08485924029614537,0.11620189673508387,-0.04737076003890091,-0.04865061286551236,-0.1327028352781157,-0.2088116796493047,-0.24729860712272345
-0.32190695386723744,-0.23543278066900744,0.06243815148279847,0.3164725914449793,-0.20958608304945725,-0.08485924029614537,0.11620189673508387,-0.04737076003890091,-0.06627132708272473,-0.1327028352781157,-0.2088116796493047,-0.2217009406692237
-0.26023247409426403,-0.20355785651515992,0.029276677412301503,0.26314187521381666,-0.1542308559903212,-0.08485924029614537,0.11620189673508387,-0.02842867706599646,-0.08389204129993712,-0.15274201644559762,-0.2088116796493047,-0.2728962735762232
-0.26023247409426403,-0.20355785651515992,0.029276677412301503,0.26314187521381666,-0.1542308559903212,-0.08485924029614537,0.11620189673508387,-0.02842867706599646,-0.06627132708272473,-0.15274201644559762,-0.1865901622591994,-0.2728962735762232
-0.26023247409426403,-0.1716829323613124,0.06243815148279847,0.24536496980342914,-0.17268259834336652,-0.046616484776354855,0.1426995360636072,-0.009486594093092014,-0.04865061286551236,-0.1327028352781157,-0.1865901622591994,-0.24729860712272345
-0.3527441937537241,-0.044183235745922374,0.2945684699762773,0.2275880643930416,-0.3572000218738201,0.16371867058249298,0.2751877327062239,0.10416590374433468,0.05707367243776188,-0.07258529177566987,-0.16436864486909408,-0.24729860712272345
-0.41441867352669753,0.14706630917716268,0.5598602625402531,0.15648044275149142,-0.5417174454042737,0.43141795922102666,0.43417356867736395,0.29358673347337916,0.1804186719582485,0.007571432894257888,-0.14214712747898875,-0.2217009406692237
-0.22939523420777733,0.051441536715620156,0.2614069959057803,0.1031497265203288,-0.2649413101085933,0.20196142610228351,0.4076759293488406,0.40723923131080586,0.250901528827098,0.08772815756418564,0.013403494251748381,-0.06811494194822522
0.3256750837489832,-0.044183235745922374,-0.43498395957465613,-0.16350385463548434,0.4546766416601755,-0.2569516401352027,0.22219245404917723,0.3882971483379014,0.2685222430443104,0.2280024257365592,0.3022832203231174,0.315850054854271
1.034931601138177,-0.1079330840536174,-1.2640208113370806,-0.5368188682536227,1.3403602746063525,-0.7732288396523748,-0.042783939236056175,0.5587758950940415,0.5152122420852836,0.6889035925886439,0.9022641898559607,1.1605730478197627
1.8983743179598045,0.11519138502331518,-1.9604117668175172,-1.1590105576171865,2.244495649905575,-1.0409281282909084,-0.2547650538642429,0.9186754715792259,0.9733508117328054,1.3702357522830297,1.7911248854601727,2.312468038227251
2.5459563555760254,0.4658155507156378,-2.2920265075224866,-1.727871530749588,2.8164996628499814,-1.021806750531013,-0.652229643792093,0.672428392931468,1.0614543828188672,1.7910585568001505,2.4133273723831214,3.1571910311927427
3.1318639134192723,0.9120644888695029,-2.4578338778749718,-2.3145094092923766,3.2593414793230697,-0.8497143506919558,-1.2616753483481298,-0.21784950679504095,0.7090400984746198,1.7309410132977048,2.524434959333648,3.541156027995239
3.501910792057113,1.1033140337925882,-2.6568027222979533,-2.6344937066793523,3.591472841677886,-0.8497143506919558,-1.73863285626155,-0.9187065767925056,0.42710867099922173,1.610705926292813,2.457770407163332,3.6691443602627376
3.4402363122841395,0.4339406265617903,-3.2868707296373962,-2.225624882240439,3.9051524616796573,-1.6145694610877663,-2.0831021675323536,-1.5437953148983523,-0.2777198976892732,0.7890994984260535,1.524466676778909,2.645237702122748
2.237583956711158,0.14706630917716268,-2.2920265075224866,-1.372333422541837,2.6319822393195276,-1.2130205281299657,-1.8711210529041666,-1.9415790573293457,-0.929686323726131,-0.19282037878056152,0.19117563337259083,0.9813893826452644
0.5415357629543901,-0.1716829323613124,-0.7997601743501228,-0.21683457086664695,0.786808004014992,-0.5437723065336316,-1.2881729876766532,-2.2825365508416255,-1.5992734639802013,-1.3751320676619958,-1.3865521013248858,-1.0664239336347152
-0.8153027920510245,-0.26730770482285493,0.5598602625402531,0.6186799834215675,-0.7815900959938633,0.18284004834238826,-0.811215479763233,-2.453015297597766,-1.8988256056728117,-1.976307502686454,-2.253191279538993,-2.2695142569492033
-1.0003262313699448,-0.3629324772843975,0.659344684751744,0.7786721321150554,-0.9476557771712715,0.18284004834238826,-0.6787272831206164,-2.244652384895817,-1.7402391777179003,-1.8159940533465986,-2.0754191404181506,-2.1415259246817047
-1.0003262313699448,-0.33105755313054996,0.692506158822241,0.7608952267046678,-0.9661075195243168,0.22108280386217877,-0.49324380782095295,-1.8658107254377279,-1.44068703602529,-1.4753279734994056,-1.675431827396255,-1.706365594972209
-1.0311634712564315,-0.1716829323613124,0.8914750032452229,0.6897876050631176,-1.0952697159956344,0.43141795922102666,-0.22826741453571955,-1.316490319223499,-1.07065203746383,-1.1146227124847305,-1.2976660317644646,-1.373595931076712
-0.7844655521645378,-0.1398080082074649,0.659344684751744,0.5297954563696298,-0.8369453230529994,0.3166896926616551,-0.016286299907532834,-0.8429382449008878,-0.7182377531195825,-0.8340741761399835,-0.9421217535227797,-0.989630934274216
-0.5377676330726443,-0.07605815989976988,0.46037584032876216,0.3520264022657544,-0.5786209301103644,0.24020418162207405,-0.14877449655014954,-0.6535174151718434,-0.5067891825130341,-0.5334864586277545,-0.6310205100613054,-0.6312636039252196
-0.3527441937537241,-0.044183235745922374,0.2945684699762773,0.2275880643930416,-0.37565176422686547,0.16371867058249298,-0.12227685722162619,-0.5019807513886076,-0.3834441829925475,-0.373173009287899,-0.4310268535503577,-0.4520799387507214
-0.26023247409426403,-0.07605815989976988,0.16192257369428942,0.1920342535722665,-0.24648956775554795,0.0681117817830167,-0.016286299907532834,-0.2746757557137543,-0.24247846925484848,-0.2930162846179712,-0.3865838187701471,-0.40088460584372193
-0.26023247409426403,-0.07605815989976988,0.16192257369428942,0.1920342535722665,-0.24648956775554795,0.0681117817830167,0.03670897874951384,-0.0852549259847098,-0.13675418395157424,-0.21285955994804345,-0.2976977492097259,-0.32409160648322266
-0.22939523420777733,-0.1079330840536174,0.09559962555329544,0.1920342535722665,-0.1911343406964119,0.010747648503330924,0.06320661807803718,-0.0852549259847098,-0.11913346973436187,-0.17278119761307958,-0.2532547144295153,-0.2728962735762232
-0.19855799432129065,-0.1398080082074649,0.029276677412301503,0.1920342535722665,-0.13577911363727582,-0.046616484776354855,0.06320661807803718,-0.10419700895761425,-0.1543748981687866,-0.17278119761307958,-0.2532547144295153,-0.2728962735762232
-0.22939523420777733,-0.1398080082074649,0.06243815148279847,0.20981115898265404,-0.17268259834336652,-0.0274951070164596,0.08970425740656052,-0.0852549259847098,-0.11913346973436187,-0.15274201644559762,-0.23103319703941,-0.2728962735762232
-0.22939523420777733,-0.1398080082074649,0.06243815148279847,0.20981115898265404,-0.17268259834336652,-0.0274951070164596,0.11620189673508387,-0.04737076003890091,-0.10151275551714949,-0.1327028352781157,-0.23103319703941,-0.2728962735762232
-0.19855799432129065,-0.1398080082074649,0.029276677412301503,0.1920342535722665,-0.13577911363727582,-0.046616484776354855,0.11620189673508387,-0.02842867706599646,-0.06627132708272473,-0.1327028352781157,-0.2088116796493047,-0.24729860712272345
-0.26023247409426403,-0.1398080082074649,0.12876109962379242,0.2275880643930416,-0.20958608304945725,-0.008373729256564336,0.11620189673508387,-0.009486594093092014,-0.06627132708272473,-0.11266365411063374,-0.16436864486909408,-0.2217009406692237
-0.22939523420777733,-0.1398080082074649,0.09559962555329544,0.20981115898265404,-0.17268259834336652,-0.0274951070164596,0.11620189673508387,-0.009486594093092014,-0.06627132708272473,-0.11266365411063374,-0.1865901622591994,-0.2217009406692237
-0.16772075443480394,-0.1398080082074649,0.029276677412301503,0.17425734816187896,-0.09887562893118511,-0.06573786253625012,0.11620189673508387,-0.009486594093092014,-0.04865061286551236,-0.11266365411063374,-0.1865901622591994,-0.24729860712272345
-0.22939523420777733,-0.1398080082074649,0.09559962555329544,0.20981115898265404,-0.17268259834336652,-0.0274951070164596,0.11620189673508387,0.009455488879812434,-0.04865061286551236,-0.0926244729431518,-0.16436864486909408,-0.24729860712272345
-0.19855799432129065,-0.1398080082074649,0.06243815148279847,0.1920342535722665,-0.13577911363727582,-0.046616484776354855,0.1426995360636072,0.028397571852716883,-0.031029898648299987,-0.0926244729431518,-0.14214712747898875,-0.2217009406692237
-0.19855799432129065,-0.1398080082074649,0.06243815148279847,0.1920342535722665,-0.13577911363727582,-0.046616484776354855,0.1426995360636072,0.028397571852716883,-0.031029898648299987,-0.0926244729431518,-0.14214712747898875,-0.2217009406692237
-0.16772075443480394,-0.1398080082074649,0.029276677412301503,0.17425734816187896,-0.09887562893118511,-0.06573786253625012,0.1426995360636072,0.009455488879812434,-0.031029898648299987,-0.0926244729431518,-0.14214712747898875,-0.2217009406692237
-0.19855799432129065,-0.1398080082074649,0.06243815148279847,0.1920342535722665,-0.13577911363727582,-0.046616484776354855,0.1426995360636072,0.04733965482562133,-0.031029898648299987,-0.0926244729431518,-0.14214712747898875,-0.19610327421572396
-0.16772075443480394,-0.1716829323613124,-0.0038847966581954723,0.1920342535722665,-0.08042388657813976,-0.10398061805604064,0.11620189673508387,0.028397571852716883,-0.031029898648299987,-0.11266365411063374,-0.14214712747898875,-0.24729860712272345
-0.16772075443480394,-0.1398080082074649,0.029276677412301503,0.17425734816187896,-0.09887562893118511,-0.06573786253625012,0.16919717539213053,0.04733965482562133,-0.013409184431087615,-0.0926244729431518,-0.11992561008888346,-0.19610327421572396
-0.19855799432129065,-0.1716829323613124,0.029276677412301503,0.20981115898265404,-0.11732737128423046,-0.08485924029614537,0.1426995360636072,0.04733965482562133,-0.013409184431087615,-0.0926244729431518,-0.11992561008888346,-0.1705056077622242
-0.22939523420777733,-0.1716829323613124,0.06243815148279847,0.2275880643930416,-0.1542308559903212,-0.06573786253625012,0.16919717539213053,0.04733965482562133,-0.013409184431087615,-0.0926244729431518,-0.11992561008888346,-0.1705056077622242
-0.10604627466183056,-0.1716829323613124,-0.07020774479918943,0.15648044275149142,-0.00661691716595833,-0.14222337357583117,0.1426995360636072,0.04733965482562133,-0.031029898648299987,-0.0926244729431518,-0.14214712747898875,-0.2217009406692237
-0.22939523420777733,-0.1716829323613124,0.06243815148279847,0.2275880643930416,-0.17268259834336652,-0.06573786253625012,0.16919717539213053,0.06628173779852578,0.00421152978612476,-0.07258529177566987,-0.09770409269877815,-0.14490794130872445
-0.22939523420777733,-0.1716829323613124,0.06243815148279847,0.2275880643930416,-0.17268259834336652,-0.06573786253625012,0.16919717539213053,0.06628173779852578,0.00421152978612476,-0.07258529177566987,-0.09770409269877815,-0.14490794130872445
-0.19855799432129065,-0.1716829323613124,0.029276677412301503,0.20981115898265404,-0.13577911363727582,-0.08485924029614537,0.16919717539213053,0.06628173779852578,-0.013409184431087615,-0.07258529177566987,-0.11992561008888346,-0.1193102748552247
-0.19855799432129065,-0.1716829323613124,0.029276677412301503,0.20981115898265404,-0.13577911363727582,-0.08485924029614537,0.16919717539213053,0.04733965482562133,-0.013409184431087615,-0.07258529177566987,-0.11992561008888346,-0.14490794130872445
-0.16772075443480394,-0.1716829323613124,-0.0038847966581954723,0.1920342535722665,-0.11732737128423046,-0.10398061805604064,0.1426995360636072,0.028397571852716883,-0.013409184431087615,-0.07258529177566987,-0.14214712747898875,-0.14490794130872445
-0.19855799432129065,-0.1716829323613124,0.029276677412301503,0.20981115898265404,-0.1542308559903212,-0.08485924029614537,0.16919717539213053,0.04733965482562133,-0.013409184431087615,-0.0926244729431518,-0.14214712747898875,-0.1705056077622242
-0.13688351454831724,-0.1716829323613124,-0.03704627072869245,0.17425734816187896,-0.08042388657813976,-0.12310199581593591,0.1426995360636072,0.028397571852716883,-0.013409184431087615,-0.0926244729431518,-0.11992561008888346,-0.14490794130872445
-0.16772075443480394,-0.1716829323613124,-0.0038847966581954723,0.1920342535722665,-0.11732737128423046,-0.10398061805604064,0.16919717539213053,0.04733965482562133,0.00421152978612476,-0.07258529177566987,-0.11992561008888346,-0.1193102748552247
-0.16772075443480394,-0.1716829323613124,-0.0038847966581954723,0.1920342535722665,-0.11732737128423046,-0.10398061805604064,0.16919717539213053,0.04733965482562133,0.00421152978612476,-0.07258529177566987,-0.11992561008888346,-0.14490794130872445
-0.16772075443480394,-0.1716829323613124,-0.0038847966581954723,0.1920342535722665,-0.11732737128423046,-0.10398061805604064,0.16919717539213053,0.04733965482562133,0.00421152978612476,-0.07258529177566987,-0.11992561008888346,-0.14490794130872445
-0.16772075443480394,-0.1716829323613124,-0.03704627072869245,0.17425734816187896,-0.09887562893118511,-0.12310199581593591,0.16919717539213053,0.04733965482562133,-0.013409184431087615,-0.0926244729431518,-0.11992561008888346,-0.14490794130872445
-0.16772075443480394,-0.1716829323613124,-0.03704627072869245,0.17425734816187896,-0.09887562893118511,-0.12310199581593591,0.16919717539213053,0.028397571852716883,0.00421152978612476,-0.0926244729431518,-0.14214712747898875,-0.1705056077622242
-0.16772075443480394,-0.1716829323613124,-0.03704627072869245,0.17425734816187896,-0.09887562893118511,-0.12310199581593591,0.1426995360636072,0.028397571852716883,0.00421152978612476,-0.07258529177566987,-0.14214712747898875,-0.1705056077622242
-0.19855799432129065,-0.1716829323613124,-0.0038847966581954723,0.1920342535722665,-0.13577911363727582,-0.10398061805604064,0.16919717539213053,0.04733965482562133,0.021832244003337137,-0.07258529177566987,-0.11992561008888346,-0.14490794130872445
-0.16772075443480394,-0.20355785651515992,-0.1033692188696864,0.17425734816187896,-0.043520401872049044,-0.1804661290956217,0.1426995360636072,0.028397571852716883,0.021832244003337137,-0.07258529177566987,-0.11992561008888346,-0.1193102748552247
-0.22939523420777733,-0.1398080082074649,0.029276677412301503,0.1920342535722665,-0.1542308559903212,-0.06573786253625012,0.1426995360636072,0.04733965482562133,0.021832244003337137,-0.05254611060818793,-0.09770409269877815,-0.09371260840172496
-0.16772075443480394,-0.1716829323613124,-0.07020774479918943,0.17425734816187896,-0.061972144225094394,-0.14222337357583117,0.11620189673508387,0.04733965482562133,0.00421152978612476,-0.07258529177566987,-0.11992561008888346,-0.09371260840172496
-0.10604627466183056,-0.1398080082074649,-0.1033692188696864,0.17425734816187896,-0.00661691716595833,-0.14222337357583117,0.08970425740656052,0.028397571852716883,0.021832244003337137,-0.05254611060818793,-0.09770409269877815,-0.09371260840172496
-0.07520903477534385,-0.1398080082074649,-0.13653069294018336,0.15648044275149142,0.03028656754013238,-0.16134475133572643,0.11620189673508387,0.04733965482562133,0.021832244003337137,-0.05254611060818793,-0.07548257530867285,-0.09371260840172496
-0.10604627466183056,-0.1398080082074649,-0.1033692188696864,0.17425734816187896,-0.00661691716595833,-0.14222337357583117,0.1426995360636072,0.06628173779852578,0.03945295822054951,-0.05254611060818793,-0.07548257530867285,-0.042517275494725476
-0.07520903477534385,-0.1398080082074649,-0.1033692188696864,0.13870353734110388,0.011834825187087025,-0.12310199581593591,0.11620189673508387,0.06628173779852578,0.03945295822054951,-0.012467748273224052,-0.07548257530867285,-0.042517275494725476
-0.10604627466183056,-0.1398080082074649,-0.07020774479918943,0.15648044275149142,-0.025068659519003687,-0.10398061805604064,0.1426995360636072,0.06628173779852578,0.05707367243776188,0.007571432894257888,-0.053261057918567535,-0.016919609041225726
0.01730268488411623,-0.1398080082074649,-0.20285364108117732,0.08537282110994127,0.12254527930535916,-0.1804661290956217,0.11620189673508387,0.06628173779852578,0.05707367243776188,-0.012467748273224052,-0.053261057918567535,-0.016919609041225726
0.01730268488411623,-0.1079330840536174,-0.16969216701068032,0.06759591569955371,0.1040935369523138,-0.14222337357583117,0.11620189673508387,0.06628173779852578,0.07469438665497424,-0.012467748273224052,-0.008818023138356926,0.034275723865773766
-0.04437179488885716,-0.1079330840536174,-0.1033692188696864,0.1031497265203288,0.03028656754013238,-0.10398061805604064,0.1426995360636072,0.08522382077143023,0.109935815089399,0.04764979522922177,0.05784652903195899,0.11106872322627301
0.04813992477060292,-0.07605815989976988,-0.16969216701068032,0.032042104878778635,0.12254527930535916,-0.12310199581593591,0.11620189673508387,0.08522382077143023,0.109935815089399,0.06768897639670371,0.05784652903195899,0.11106872322627301
0.04813992477060292,-0.044183235745922374,-0.13653069294018336,0.014265199468391093,0.1040935369523138,-0.08485924029614537,0.11620189673508387,0.10416590374433468,0.109935815089399,0.08772815756418564,0.10228956381216961,0.1622640561332725
0.07897716465708962,-0.044183235745922374,-0.16969216701068032,-0.0035117059419964504,0.14099702165840453,-0.10398061805604064,0.11620189673508387,0.12310798671723913,0.12755652930661138,0.1278065198991495,0.14673259859238022,0.23905705549377174
0.20232612420303642,-0.012308311592074865,-0.26917658922217125,-0.09239623299393417,0.270159218129722,-0.14222337357583117,0.08970425740656052,0.12310798671723913,0.14517724352382377,0.14784570106663147,0.16895411598248553,0.26465472194727147
0.2640006039760098,0.019566612561772643,-0.3023380632926682,-0.1457269492250968,0.325514445188858,-0.14222337357583117,0.03670897874951384,0.12310798671723913,0.16279795774103614,0.18792406340159531,0.23561866815280144,0.315850054854271
0.2948378438624965,0.019566612561772643,-0.3023380632926682,-0.18128076004587187,0.3439661875419034,-0.12310199581593591,0.010211339420990504,0.16099215266304803,0.16279795774103614,0.20796324456907725,0.2800617029330121,0.3926430542147702
0.4181868034084433,0.051441536715620156,-0.40182248550415917,-0.27016528709780957,0.4731283840132209,-0.16134475133572643,-0.016286299907532834,0.16099215266304803,0.19803938617546088,0.2680807880715231,0.346726255103328,0.46943605357526946
0.5415357629543901,0.08331646086946766,-0.5013069077156501,-0.3590498141497473,0.6022905804845383,-0.19958750685551696,-0.06928157856457952,0.14205006969014358,0.21566010039267325,0.288119969239005,0.4133908072736439,0.5462290529357687
0.6032102427273635,0.14706630917716268,-0.5013069077156501,-0.43015743579129745,0.639194065190629,-0.16134475133572643,-0.12227685722162619,0.14205006969014358,0.21566010039267325,0.30815915040648695,0.4356123246637492,0.5974243858427681
0.6648847225003368,0.2108161574848577,-0.5013069077156501,-0.5012650574328477,0.6760975498967198,-0.12310199581593591,-0.17527213587867288,0.14205006969014358,0.21566010039267325,0.3482375127414508,0.5022768768340652,0.6486197187497676
0.7265592022733103,0.2426910816387052,-0.5344683817861471,-0.5545957736640102,0.7314527769558559,-0.12310199581593591,-0.20176977520719622,0.14205006969014358,0.250901528827098,0.4083550562438967,0.5467199116142758,0.7510103845637667
0.8190709219327703,0.2426910816387052,-0.633952803997638,-0.6079264898951728,0.8421632310741279,-0.1804661290956217,-0.2547650538642429,0.12310798671723913,0.250901528827098,0.44843341857886054,0.5911629463944864,0.7766080510172664
0.7882336820462836,0.3064409299464002,-0.5344683817861471,-0.6257033953055604,0.7683562616619466,-0.08485924029614537,-0.2547650538642429,0.14205006969014358,0.2685222430443104,0.4885117809138244,0.6578274985648023,0.8534010503777657
0.8807454017057437,0.37019077825409524,-0.567629855856644,-0.7145879223574981,0.8421632310741279,-0.06573786253625012,-0.3077603325212896,0.12310798671723913,0.250901528827098,0.4684725997463425,0.6578274985648023,0.8789987168312655
0.9115826415922305,0.4339406265617903,-0.5344683817861471,-0.7679186385886607,0.8421632310741279,-0.0274951070164596,-0.33425797184981293,0.12310798671723913,0.250901528827098,0.4885117809138244,0.6578274985648023,0.9045963832847652
0.8807454017057437,0.4339406265617903,-0.5013069077156501,-0.7501417331782733,0.8052597463680373,-0.008373729256564336,-0.3077603325212896,0.14205006969014358,0.3037636714787351,0.5285901432487883,0.7244920507351182,0.9813893826452644
0.9732571213652038,0.4339406265617903,-0.600791329927141,-0.8034724494094359,0.9159702004863094,-0.06573786253625012,-0.36075561117833627,0.12310798671723913,0.2685222430443104,0.5285901432487883,0.7244920507351182,0.9557917161917647
0.9732571213652038,0.4339406265617903,-0.600791329927141,-0.8034724494094359,0.9159702004863094,-0.06573786253625012,-0.3872532505068596,0.10416590374433468,0.2685222430443104,0.5486293244162702,0.7022705333450129,0.9557917161917647
0.9424198814787171,0.4658155507156378,-0.5344683817861471,-0.8034724494094359,0.8606149734271733,-0.008373729256564336,-0.4667461684924296,0.08522382077143023,0.23328081460988562,0.5085509620813063,0.6800490159549076,0.9301940497382649
0.9732571213652038,0.4658155507156378,-0.567629855856644,-0.8212493548198234,0.897518458133264,-0.0274951070164596,-0.4667461684924296,0.04733965482562133,0.1804186719582485,0.4885117809138244,0.6578274985648023,0.8789987168312655
0.9115826415922305,0.4976904748694853,-0.4681454336451531,-0.8034724494094359,0.8052597463680373,0.048990404023121444,-0.4667461684924296,0.04733965482562133,0.16279795774103614,0.4684725997463425,0.635605981174697,0.827803383924266
0.7265592022733103,0.4658155507156378,-0.3023380632926682,-0.679034111536723,0.6022905804845383,0.12547591506270248,-0.3872532505068596,0.08522382077143023,0.1804186719582485,0.4885117809138244,0.635605981174697,0.8022057174707662
0.6957219623868235,0.4976904748694853,-0.23601511515167428,-0.679034111536723,0.5469353534254023,0.18284004834238826,-0.36075561117833627,0.06628173779852578,0.1804186719582485,0.4283942374113786,0.5467199116142758,0.7254127181102669
0.6648847225003368,0.4658155507156378,-0.23601511515167428,-0.643480300715948,0.528483611072357,0.16371867058249298,-0.3077603325212896,0.06628173779852578,0.16279795774103614,0.3883158750764147,0.5244983942241704,0.6742173852032675
0.6340474826138501,0.4339406265617903,-0.23601511515167428,-0.6079264898951728,0.5100318687193116,0.14459729282259776,-0.2547650538642429,0.06628173779852578,0.16279795774103614,0.36827669390893275,0.4578338420538545,0.623022052296268
0.44902404329492995,0.37019077825409524,-0.1033692188696864,-0.4657112466120725,0.325514445188858,0.18284004834238826,-0.17527213587867288,0.10416590374433468,0.16279795774103614,0.36827669390893275,0.4356123246637492,0.5462290529357687
0.4181868034084433,0.3064409299464002,-0.13653069294018336,-0.41238053038090994,0.325514445188858,0.12547591506270248,-0.12227685722162619,0.10416590374433468,0.14517724352382377,0.30815915040648695,0.346726255103328,0.41824072066826995
0.35651232363546986,0.2426910816387052,-0.13653069294018336,-0.3412729087393597,0.28861096048276735,0.08723315954291197,-0.12227685722162619,0.10416590374433468,0.16279795774103614,0.288119969239005,0.3245047377132227,0.3926430542147702
0.2640006039760098,0.1789412333310102,-0.1033692188696864,-0.25238838168742206,0.21480399107058593,0.0681117817830167,-0.06928157856457952,0.10416590374433468,0.12755652930661138,0.24804160690404115,0.2800617029330121,0.36704538776127044
0.20232612420303642,0.14706630917716268,-0.07020774479918943,-0.19905766545625941,0.15944876401144986,0.0681117817830167,-0.042783939236056175,0.10416590374433468,0.12755652930661138,0.2280024257365592,0.21339715076269614,0.26465472194727147
0.04813992477060292,0.11519138502331518,0.06243815148279847,-0.09239623299393417,-0.00661691716595833,0.12547591506270248,0.010211339420990504,0.10416590374433468,0.12755652930661138,0.20796324456907725,0.21339715076269614,0.23905705549377174
0.04813992477060292,0.051441536715620156,-0.0038847966581954723,-0.056842422173159074,0.03028656754013238,0.048990404023121444,0.03670897874951384,0.08522382077143023,0.109935815089399,0.16788488223411338,0.16895411598248553,0.18786172258677225
0.04813992477060292,0.051441536715620156,-0.0038847966581954723,-0.056842422173159074,0.03028656754013238,0.048990404023121444,0.03670897874951384,0.08522382077143023,0.09231510087218663,0.10776733873166758,0.10228956381216961,0.13666638967977274
0.01730268488411623,-0.012308311592074865,-0.03704627072869245,-0.0035117059419964504,0.03028656754013238,-0.008373729256564336,0.03670897874951384,0.06628173779852578,0.05707367243776188,0.08772815756418564,0.10228956381216961,0.08547105677277325
-0.10604627466183056,-0.012308311592074865,0.09559962555329544,0.06759591569955371,-0.11732737128423046,0.0681117817830167,0.06320661807803718,0.08522382077143023,0.05707367243776188,0.08772815756418564,0.0800680464220643,0.05987339031927351
-0.10604627466183056,-0.044183235745922374,0.06243815148279847,0.08537282110994127,-0.09887562893118511,0.029869026263226184,0.08970425740656052,0.08522382077143023,0.05707367243776188,0.06768897639670371,0.0800680464220643,0.05987339031927351
-0.13688351454831724,-0.07605815989976988,0.06243815148279847,0.12092663193071634,-0.11732737128423046,0.010747648503330924,0.06320661807803718,0.06628173779852578,0.05707367243776188,0.04764979522922177,0.035625011641853686,0.00867805741227402
-0.13688351454831724,-0.07605815989976988,0.06243815148279847,0.12092663193071634,-0.11732737128423046,0.010747648503330924,0.08970425740656052,0.06628173779852578,0.021832244003337137,0.04764979522922177,0.013403494251748381,-0.016919609041225726
-0.07520903477534385,-0.1079330840536174,-0.03704627072869245,0.1031497265203288,-0.025068659519003687,-0.06573786253625012,0.08970425740656052,0.04733965482562133,0.021832244003337137,0.027610614061739827,-0.008818023138356926,-0.042517275494725476
-0.13688351454831724,-0.1079330840536174,0.029276677412301503,0.13870353734110388,-0.09887562893118511,-0.0274951070164596,0.08970425740656052,0.04733965482562133,0.00421152978612476,0.027610614061739827,-0.031039540528462233,-0.09371260840172496
-0.13688351454831724,-0.1398080082074649,-0.0038847966581954723,0.15648044275149142,-0.08042388657813976,-0.06573786253625012,0.08970425740656052,0.04733965482562133,0.00421152978612476,0.007571432894257888,-0.053261057918567535,-0.09371260840172496
-0.16772075443480394,-0.1398080082074649,0.029276677412301503,0.17425734816187896,-0.11732737128423046,-0.046616484776354855,0.08970425740656052,0.04733965482562133,0.00421152978612476,0.007571432894257888,-0.053261057918567535,-0.09371260840172496
-0.13688351454831724,-0.1398080082074649,-0.0038847966581954723,0.15648044275149142,-0.08042388657813976,-0.06573786253625012,0.08970425740656052,0.028397571852716883,-0.013409184431087615,-0.012467748273224052,-0.053261057918567535,-0.06811494194822522
-0.16772075443480394,-0.1398080082074649,0.029276677412301503,0.17425734816187896,-0.11732737128423046,-0.046616484776354855,0.08970425740656052,0.04733965482562133,0.00421152978612476,-0.03250692944070599,-0.07548257530867285,-0.14490794130872445
-0.13688351454831724,-0.1398080082074649,-0.0038847966581954723,0.15648044275149142,-0.08042388657813976,-0.08485924029614537,0.08970425740656052,0.04733965482562133,0.00421152978612476,-0.03250692944070599,-0.07548257530867285,-0.14490794130872445
-0.16772075443480394,-0.1716829323613124,-0.0038847966581954723,0.1920342535722665,-0.09887562893118511,-0.10398061805604064,0.08970425740656052,0.028397571852716883,0.00421152978612476,-0.03250692944070599,-0.07548257530867285,-0.1193102748552247
-0.19855799432129065,-0.1716829323613124,0.029276677412301503,0.20981115898265404,-0.13577911363727582,-0.08485924029614537,0.11620189673508387,0.028397571852716883,0.021832244003337137,-0.012467748273224052,-0.053261057918567535,-0.1193102748552247
-0.19855799432129065,-0.1716829323613124,0.029276677412301503,0.20981115898265404,-0.13577911363727582,-0.08485924029614537,0.11620189673508387,0.04733965482562133,0.00421152978612476,-0.03250692944070599,-0.07548257530867285,-0.1193102748552247
-0.19855799432129065,-0.20355785651515992,-0.0038847966581954723,0.2275880643930416,-0.11732737128423046,-0.12310199581593591,0.11620189673508387,0.04733965482562133,0.021832244003337137,-0.03250692944070599,-0.053261057918567535,-0.09371260840172496
-0.19855799432129065,-0.20355785651515992,-0.0038847966581954723,0.2275880643930416,-0.11732737128423046,-0.12310199581593591,0.16919717539213053,0.04733965482562133,0.021832244003337137,-0.03250692944070599,-0.053261057918567535,-0.09371260840172496
-0.16772075443480394,-0.20355785651515992,-0.03704627072869245,0.20981115898265404,-0.08042388657813976,-0.14222337357583117,0.1426995360636072,0.028397571852716883,0.00421152978612476,-0.012467748273224052,-0.07548257530867285,-0.1193102748552247
-0.22939523420777733,-0.20355785651515992,0.029276677412301503,0.24536496980342914,-0.1542308559903212,-0.10398061805604064,0.16919717539213053,0.04733965482562133,0.021832244003337137,-0.03250692944070599,-0.07548257530867285,-0.09371260840172496
-0.19855799432129065,-0.20355785651515992,-0.0038847966581954723,0.2275880643930416,-0.11732737128423046,-0.12310199581593591,0.16919717539213053,0.04733965482562133,0.021832244003337137,-0.012467748273224052,-0.053261057918567535,-0.1193102748552247
-0.19855799432129065,-0.20355785651515992,-0.0038847966581954723,0.2275880643930416,-0.11732737128423046,-0.12310199581593591,0.16919717539213053,0.04733965482562133,0.021832244003337137,-0.03250692944070599,-0.07548257530867285,-0.1193102748552247
-0.16772075443480394,-0.1716829323613124,-0.0038847966581954723,0.1920342535722665,-0.09887562893118511,-0.10398061805604064,0.16919717539213053,0.028397571852716883,0.021832244003337137,-0.05254611060818793,-0.07548257530867285,-0.1193102748552247
-0.16772075443480394,-0.20355785651515992,-0.03704627072869245,0.20981115898265404,-0.08042388657813976,-0.14222337357583117,0.16919717539213053,0.028397571852716883,0.00421152978612476,-0.03250692944070599,-0.09770409269877815,-0.1193102748552247
-0.16772075443480394,-0.20355785651515992,-0.03704627072869245,0.20981115898265404,-0.08042388657813976,-0.14222337357583117,0.1426995360636072,0.028397571852716883,0.00421152978612476,-0.05254611060818793,-0.09770409269877815,-0.1193102748552247
-0.22939523420777733,-0.23543278066900744,-0.0038847966581954723,0.26314187521381666,-0.13577911363727582,-0.14222337357583117,0.1956948147206539,0.04733965482562133,0.021832244003337137,-0.03250692944070599,-0.07548257530867285,-0.1193102748552247
-0.22939523420777733,-0.1716829323613124,0.06243815148279847,0.2275880643930416,-0.17268259834336652,-0.06573786253625012,0.16919717539213053,0.028397571852716883,0.00421152978612476,-0.07258529177566987,-0.09770409269877815,-0.1705056077622242
-0.22939523420777733,-0.20355785651515992,0.029276677412301503,0.24536496980342914,-0.1542308559903212,-0.10398061805604064,0.16919717539213053,0.028397571852716883,0.00421152978612476,-0.07258529177566987,-0.09770409269877815,-0.1193102748552247
-0.19855799432129065,-0.20355785651515992,-0.0038847966581954723,0.2275880643930416,-0.11732737128423046,-0.12310199581593591,0.1956948147206539,0.028397571852716883,0.00421152978612476,-0.05254611060818793,-0.09770409269877815,-0.14490794130872445
-0.22939523420777733,-0.20355785651515992,0.029276677412301503,0.24536496980342914,-0.1542308559903212,-0.10398061805604064,0.16919717539213053,0.028397571852716883,0.00421152978612476,-0.0926244729431518,-0.09770409269877815,-0.14490794130872445
-0.13688351454831724,-0.20355785651515992,-0.07020774479918943,0.1920342535722665,-0.043520401872049044,-0.16134475133572643,0.1426995360636072,-0.009486594093092014,-0.013409184431087615,-0.0926244729431518,-0.11992561008888346,-0.1705056077622242
-0.16772075443480394,-0.20355785651515992,-0.03704627072869245,0.20981115898265404,-0.08042388657813976,-0.14222337357583117,0.1426995360636072,0.028397571852716883,0.00421152978612476,-0.0926244729431518,-0.11992561008888346,-0.14490794130872445
-0.22939523420777733,-0.20355785651515992,0.029276677412301503,0.24536496980342914,-0.1542308559903212,-0.10398061805604064,0.16919717539213053,0.028397571852716883,0.021832244003337137,-0.05254611060818793,-0.11992561008888346,-0.1705056077622242
-0.22939523420777733,-0.1716829323613124,0.06243815148279847,0.2275880643930416,-0.17268259834336652,-0.06573786253625012,0.16919717539213053,0.028397571852716883,0.00421152978612476,-0.05254611060818793,-0.11992561008888346,-0.1705056077622242
-0.26023247409426403,-0.1716829323613124,0.09559962555329544,0.24536496980342914,-0.20958608304945725,-0.046616484776354855,0.16919717539213053,0.009455488879812434,-0.013409184431087615,-0.07258529177566987,-0.11992561008888346,-0.14490794130872445
-0.16772075443480394,-0.20355785651515992,-0.03704627072869245,0.20981115898265404,-0.08042388657813976,-0.14222337357583117,0.1426995360636072,-0.02842867706599646,-0.04865061286551236,-0.07258529177566987,-0.09770409269877815,-0.1705056077622242
-0.16772075443480394,-0.1398080082074649,0.029276677412301503,0.17425734816187896,-0.11732737128423046,-0.06573786253625012,0.1426995360636072,-0.009486594093092014,-0.031029898648299987,-0.0926244729431518,-0.14214712747898875,-0.1705056077622242
-0.22939523420777733,-0.1398080082074649,0.09559962555329544,0.20981115898265404,-0.1911343406964119,-0.0274951070164596,0.11620189673508387,-0.009486594093092014,-0.013409184431087615,-0.07258529177566987,-0.11992561008888346,-0.1705056077622242
-0.16772075443480394,-0.1398080082074649,0.029276677412301503,0.17425734816187896,-0.11732737128423046,-0.06573786253625012,0.1426995360636072,-0.02842867706599646,-0.013409184431087615,-0.07258529177566987,-0.14214712747898875,-0.1705056077622242
-0.13688351454831724,-0.1398080082074649,-0.0038847966581954723,0.15648044275149142,-0.08042388657813976,-0.08485924029614537,0.1426995360636072,-0.02842867706599646,-0.031029898648299987,-0.07258529177566987,-0.14214712747898875,-0.1705056077622242
-0.22939523420777733,-0.1398080082074649,0.09559962555329544,0.20981115898265404,-0.1911343406964119,-0.0274951070164596,0.1426995360636072,-0.009486594093092014,0.00421152978612476,-0.07258529177566987,-0.11992561008888346,-0.14490794130872445
-0.13688351454831724,-0.1079330840536174,0.029276677412301503,0.13870353734110388,-0.09887562893118511,-0.046616484776354855,0.11620189673508387,-0.02842867706599646,-0.013409184431087615,-0.0926244729431518,-0.16436864486909408,-0.1705056077622242
-0.19855799432129065,-0.1079330840536174,0.09559962555329544,0.17425734816187896,-0.17268259834336652,-0.008373729256564336,0.11620189673508387,-0.02842867706599646,0.00421152978612476,-0.07258529177566987,-0.14214712747898875,-0.14490794130872445
-0.19855799432129065,-0.1079330840536174,0.09559962555329544,0.17425734816187896,-0.17268259834336652,-0.008373729256564336,0.1426995360636072,-0.009486594093092014,0.00421152978612476,-0.05254611060818793,-0.14214712747898875,-0.1705056077622242
-0.22939523420777733,-0.07605815989976988,0.16192257369428942,0.17425734816187896,-0.2280378254025026,0.048990404023121444,0.1426995360636072,-0.009486594093092014,0.00421152978612476,-0.07258529177566987,-0.14214712747898875,-0.19610327421572396
-0.16772075443480394,-0.1079330840536174,0.06243815148279847,0.15648044275149142,-0.13577911363727582,-0.0274951070164596,0.11620189673508387,-0.02842867706599646,-0.013409184431087615,-0.07258529177566987,-0.14214712747898875,-0.19610327421572396
-0.16772075443480394,-0.1079330840536174,0.06243815148279847,0.15648044275149142,-0.13577911363727582,-0.0274951070164596,0.11620189673508387,-0.02842867706599646,0.00421152978612476,-0.07258529177566987,-0.11992561008888346,-0.1705056077622242
-0.13688351454831724,-0.1079330840536174,0.029276677412301503,0.13870353734110388,-0.09887562893118511,-0.046616484776354855,0.08970425740656052,-0.02842867706599646,-0.013409184431087615,-0.0926244729431518,-0.14214712747898875,-0.1705056077622242
-0.13688351454831724,-0.07605815989976988,0.06243815148279847,0.12092663193071634,-0.11732737128423046,-0.008373729256564336,0.08970425740656052,-0.04737076003890091,-0.013409184431087615,-0.0926244729431518,-0.16436864486909408,-0.19610327421572396
-0.13688351454831724,-0.07605815989976988,0.06243815148279847,0.12092663193071634,-0.11732737128423046,-0.008373729256564336,0.08970425740656052,-0.009486594093092014,-0.013409184431087615,-0.0926244729431518,-0.14214712747898875,-0.1705056077622242
-0.13688351454831724,-0.07605815989976988,0.06243815148279847,0.12092663193071634,-0.11732737128423046,-0.008373729256564336,0.06320661807803718,-0.02842867706599646,-0.013409184431087615,-0.0926244729431518,-0.11992561008888346,-0.14490794130872445
-0.16772075443480394,-0.07605815989976988,0.09559962555329544,0.13870353734110388,-0.1542308559903212,0.010747648503330924,0.11620189673508387,-0.009486594093092014,-0.013409184431087615,-0.0926244729431518,-0.11992561008888346,-0.14490794130872445
-0.13688351454831724,-0.07605815989976988,0.06243815148279847,0.12092663193071634,-0.11732737128423046,-0.008373729256564336,0.06320661807803718,-0.02842867706599646,-0.013409184431087615,-0.0926244729431518,-0.11992561008888346,-0.14490794130872445
-0.07520903477534385,-0.07605815989976988,-0.0038847966581954723,0.08537282110994127,-0.043520401872049044,-0.046616484776354855,0.06320661807803718,-0.02842867706599646,-0.013409184431087615,-0.0926244729431518,-0.11992561008888346,-0.14490794130872445
-0.16772075443480394,-0.1079330840536174,0.06243815148279847,0.15648044275149142,-0.13577911363727582,-0.0274951070164596,0.08970425740656052,-0.009486594093092014,0.00421152978612476,-0.07258529177566987,-0.11992561008888346,-0.1193102748552247
-0.16772075443480394,-0.1079330840536174,0.06243815148279847,0.15648044275149142,-0.13577911363727582,-0.0274951070164596,0.08970425740656052,-0.009486594093092014,-0.013409184431087615,-0.07258529177566987,-0.11992561008888346,-0.09371260840172496
-0.10604627466183056,-0.1079330840536174,-0.0038847966581954723,0.12092663193071634,-0.061972144225094394,-0.06573786253625012,0.06320661807803718,-0.009486594093092014,-0.013409184431087615,-0.0926244729431518,-0.09770409269877815,-0.1193102748552247
-0.07520903477534385,-0.1398080082074649,-0.07020774479918943,0.12092663193071634,-0.00661691716595833,-0.14222337357583117,0.03670897874951384,-0.02842867706599646,-0.04865061286551236,-0.0926244729431518,-0.11992561008888346,-0.14490794130872445
-0.10604627466183056,-0.1398080082074649,-0.03704627072869245,0.13870353734110388,-0.043520401872049044,-0.12310199581593591,0.03670897874951384,-0.009486594093092014,-0.031029898648299987,-0.07258529177566987,-0.11992561008888346,-0.14490794130872445
-0.13688351454831724,-0.1716829323613124,-0.03704627072869245,0.17425734816187896,-0.061972144225094394,-0.14222337357583117,0.03670897874951384,-0.009486594093092014,-0.013409184431087615,-0.05254611060818793,-0.11992561008888346,-0.1193102748552247
-0.13688351454831724,-0.1716829323613124,-0.03704627072869245,0.17425734816187896,-0.061972144225094394,-0.14222337357583117,0.010211339420990504,-0.02842867706599646,-0.04865061286551236,-0.07258529177566987,-0.11992561008888346,-0.1193102748552247
-0.07520903477534385,-0.1716829323613124,-0.1033692188696864,0.13870353734110388,0.011834825187087025,-0.1804661290956217,-0.016286299907532834,-0.009486594093092014,-0.06627132708272473,-0.0926244729431518,-0.11992561008888346,-0.1193102748552247
-0.10604627466183056,-0.1716829323613124,-0.07020774479918943,0.15648044275149142,-0.025068659519003687,-0.16134475133572643,0.03670897874951384,-0.009486594093092014,-0.06627132708272473,-0.07258529177566987,-0.11992561008888346,-0.14490794130872445
-0.10604627466183056,-0.1716829323613124,-0.07020774479918943,0.15648044275149142,-0.025068659519003687,-0.16134475133572643,0.010211339420990504,-0.009486594093092014,-0.06627132708272473,-0.07258529177566987,-0.11992561008888346,-0.1193102748552247
-0.13688351454831724,-0.1716829323613124,-0.03704627072869245,0.17425734816187896,-0.061972144225094394,-0.14222337357583117,0.03670897874951384,-0.009486594093092014,-0.04865061286551236,-0.07258529177566987,-0.09770409269877815,-0.1193102748552247
-0.19855799432129065,-0.1716829323613124,0.029276677412301503,0.20981115898265404,-0.13577911363727582,-0.10398061805604064,0.06320661807803718,-0.009486594093092014,-0.031029898648299987,-0.05254611060818793,-0.11992561008888346,-0.09371260840172496
-0.13688351454831724,-0.1398080082074649,-0.0038847966581954723,0.15648044275149142,-0.08042388657813976,-0.10398061805604064,0.06320661807803718,-0.009486594093092014,-0.013409184431087615,-0.07258529177566987,-0.11992561008888346,-0.1193102748552247
-0.16772075443480394,-0.1398080082074649,0.029276677412301503,0.17425734816187896,-0.11732737128423046,-0.08485924029614537,0.06320661807803718,0.009455488879812434,0.00421152978612476,-0.05254611060818793,-0.11992561008888346,-0.1193102748552247
-0.19855799432129065,-0.1398080082074649,0.06243815148279847,0.1920342535722665,-0.1542308559903212,-0.06573786253625012,0.08970425740656052,0.028397571852716883,0.021832244003337137,-0.03250692944070599,-0.09770409269877815,-0.1193102748552247
-0.13688351454831724,-0.1079330840536174,0.029276677412301503,0.13870353734110388,-0.09887562893118511,-0.06573786253625012,0.08970425740656052,0.028397571852716883,0.00421152978612476,-0.05254611060818793,-0.14214712747898875,-0.14490794130872445
-0.13688351454831724,-0.1398080082074649,-0.0038847966581954723,0.15648044275149142,-0.08042388657813976,-0.10398061805604064,0.11620189673508387,0.028397571852716883,0.00421152978612476,-0.07258529177566987,-0.11992561008888346,-0.14490794130872445
-0.10604627466183056,-0.1398080082074649,-0.03704627072869245,0.13870353734110388,-0.043520401872049044,-0.12310199581593591,0.11620189673508387,0.028397571852716883,0.021832244003337137,-0.07258529177566987,-0.14214712747898875,-0.14490794130872445
-0.19855799432129065,-0.1398080082074649,0.06243815148279847,0.1920342535722665,-0.1542308559903212,-0.06573786253625012,0.1426995360636072,0.028397571852716883,0.03945295822054951,-0.05254611060818793,-0.09770409269877815,-0.1193102748552247
-0.19855799432129065,-0.1079330840536174,0.09559962555329544,0.17425734816187896,-0.17268259834336652,-0.0274951070164596,0.1426995360636072,0.028397571852716883,0.021832244003337137,-0.05254611060818793,-0.11992561008888346,-0.1193102748552247
-0.13688351454831724,-0.1079330840536174,0.029276677412301503,0.13870353734110388,-0.09887562893118511,-0.06573786253625012,0.11620189673508387,0.009455488879812434,0.00421152978612476,-0.07258529177566987,-0.14214712747898875,-0.14490794130872445
-0.10604627466183056,-0.1398080082074649,-0.03704627072869245,0.13870353734110388,-0.043520401872049044,-0.12310199581593591,0.11620189673508387,-0.009486594093092014,0.00421152978612476,-0.07258529177566987,-0.14214712747898875,-0.1705056077622242
-0.13688351454831724,-0.1079330840536174,0.029276677412301503,0.13870353734110388,-0.09887562893118511,-0.06573786253625012,0.11620189673508387,-0.009486594093092014,0.00421152978612476,-0.07258529177566987,-0.11992561008888346,-0.1705056077622242
-0.19855799432129065,-0.1398080082074649,0.06243815148279847,0.1920342535722665,-0.1542308559903212,-0.06573786253625012,0.11620189673508387,0.028397571852716883,0.00421152978612476,-0.05254611060818793,-0.09770409269877815,-0.1193102748552247
-0.19855799432129065,-0.1398080082074649,0.06243815148279847,0.1920342535722665,-0.1542308559903212,-0.06573786253625012,0.11620189673508387,0.028397571852716883,0.021832244003337137,-0.05254611060818793,-0.07548257530867285,-0.1193102748552247
-0.26023247409426403,-0.1398080082074649,0.12876109962379242,0.20981115898265404,-0.20958608304945725,-0.0274951070164596,0.1426995360636072,0.04733965482562133,0.021832244003337137,-0.05254611060818793,-0.09770409269877815,-0.1193102748552247
-0.16772075443480394,-0.1398080082074649,0.029276677412301503,0.15648044275149142,-0.09887562893118511,-0.08485924029614537,0.11620189673508387,-0.009486594093092014,0.021832244003337137,-0.07258529177566987,-0.14214712747898875,-0.1705056077622242
-0.13688351454831724,-0.1398080082074649,0.029276677412301503,0.15648044275149142,-0.09887562893118511,-0.08485924029614537,0.08970425740656052,0.028397571852716883,0.00421152978612476,-0.07258529177566987,-0.11992561008888346,-0.1705056077622242
-0.13688351454831724,-0.1716829323613124,-0.0038847966581954723,0.17425734816187896,-0.08042388657813976,-0.12310199581593591,0.11620189673508387,0.028397571852716883,0.021832244003337137,-0.05254611060818793,-0.11992561008888346,-0.1705056077622242
-0.16772075443480394,-0.1398080082074649,0.06243815148279847,0.17425734816187896,-0.13577911363727582,-0.06573786253625012,0.11620189673508387,0.009455488879812434,0.00421152978612476,-0.07258529177566987,-0.14214712747898875,-0.1705056077622242
-0.19855799432129065,-0.1398080082074649,0.09559962555329544,0.1920342535722665,-0.17268259834336652,-0.046616484776354855,0.11620189673508387,0.009455488879812434,0.00421152978612476,-0.07258529177566987,-0.14214712747898875,-0.1705056077622242
-0.13688351454831724,-0.1398080082074649,0.029276677412301503,0.15648044275149142,-0.09887562893118511,-0.08485924029614537,0.08970425740656052,-0.009486594093092014,-0.013409184431087615,-0.07258529177566987,-0.14214712747898875,-0.1705056077622242
-0.13688351454831724,-0.1716829323613124,-0.0038847966581954723,0.17425734816187896,-0.061972144225094394,-0.12310199581593591,0.08970425740656052,0.009455488879812434,-0.013409184431087615,-0.07258529177566987,-0.14214712747898875,-0.19610327421572396
-0.13688351454831724,-0.1398080082074649,0.029276677412301503,0.15648044275149142,-0.08042388657813976,-0.08485924029614537,0.11620189673508387,0.009455488879812434,0.00421152978612476,-0.07258529177566987,-0.14214712747898875,-0.19610327421572396
-0.19855799432129065,-0.1398080082074649,0.09559962555329544,0.1920342535722665,-0.1542308559903212,-0.046616484776354855,0.1426995360636072,0.028397571852716883,0.00421152978612476,-0.05254611060818793,-0.14214712747898875,-0.1705056077622242
-0.16772075443480394,-0.1398080082074649,0.06243815148279847,0.17425734816187896,-0.11732737128423046,-0.06573786253625012,0.11620189673508387,0.028397571852716883,0.00421152978612476,-0.07258529177566987,-0.14214712747898875,-0.14490794130872445
-0.26023247409426403,-0.1398080082074649,0.16192257369428942,0.2275880643930416,-0.2280378254025026,-0.008373729256564336,0.1426995360636072,0.04733965482562133,0.021832244003337137,-0.05254611060818793,-0.09770409269877815,-0.1193102748552247
-0.22939523420777733,-0.1398080082074649,0.12876109962379242,0.20981115898265404,-0.1911343406964119,-0.0274951070164596,0.11620189673508387,0.04733965482562133,0.00421152978612476,-0.07258529177566987,-0.11992561008888346,-0.1193102748552247
-0.13688351454831724,-0.1398080082074649,0.029276677412301503,0.15648044275149142,-0.08042388657813976,-0.08485924029614537,0.08970425740656052,0.009455488879812434,-0.013409184431087615,-0.07258529177566987,-0.11992561008888346,-0.1705056077622242
-0.19855799432129065,-0.1398080082074649,0.09559962555329544,0.1920342535722665,-0.1542308559903212,-0.046616484776354855,0.11620189673508387,0.028397571852716883,0.00421152978612476,-0.05254611060818793,-0.11992561008888346,-0.1705056077622242
-0.19855799432129065,-0.1398080082074649,0.09559962555329544,0.1920342535722665,-0.1542308559903212,-0.046616484776354855,0.1426995360636072,0.028397571852716883,0.00421152978612476,-0.0926244729431518,-0.14214712747898875,-0.14490794130872445
-0.16772075443480394,-0.1398080082074649,0.06243815148279847,0.17425734816187896,-0.11732737128423046,-0.06573786253625012,0.11620189673508387,-0.009486594093092014,-0.013409184431087615,-0.07258529177566987,-0.14214712747898875,-0.14490794130872445
-0.16772075443480394,-0.1398080082074649,0.06243815148279847,0.17425734816187896,-0.11732737128423046,-0.06573786253625012,0.11620189673508387,0.028397571852716883,-0.013409184431087615,-0.0926244729431518,-0.11992561008888346,-0.14490794130872445
-0.16772075443480394,-0.1716829323613124,0.029276677412301503,0.17425734816187896,-0.09887562893118511,-0.10398061805604064,0.11620189673508387,0.009455488879812434,0.00421152978612476,-0.0926244729431518,-0.11992561008888346,-0.1705056077622242
-0.19855799432129065,-0.1398080082074649,0.09559962555329544,0.17425734816187896,-0.1542308559903212,-0.046616484776354855,0.11620189673508387,0.028397571852716883,0.00421152978612476,-0.07258529177566987,-0.11992561008888346,-0.1705056077622242
-0.22939523420777733,-0.1716829323613124,0.09559962555329544,0.20981115898265404,-0.17268259834336652,-0.06573786253625012,0.1426995360636072,0.028397571852716883,0.00421152978612476,-0.07258529177566987,-0.11992561008888346,-0.14490794130872445
-0.16772075443480394,-0.1716829323613124,0.029276677412301503,0.17425734816187896,-0.09887562893118511,-0.10398061805604064,0.11620189673508387,0.009455488879812434,0.00421152978612476,-0.0926244729431518,-0.14214712747898875,-0.1705056077622242
-0.19855799432129065,-0.1716829323613124,0.06243815148279847,0.1920342535722665,-0.13577911363727582,-0.08485924029614537,0.11620189673508387,0.009455488879812434,0.00421152978612476,-0.0926244729431518,-0.11992561008888346,-0.14490794130872445
-0.16772075443480394,-0.1398080082074649,0.06243815148279847,0.15648044275149142,-0.11732737128423046,-0.06573786253625012,0.11620189673508387,-0.009486594093092014,-0.013409184431087615,-0.11266365411063374,-0.14214712747898875,-0.14490794130872445
-0.13688351454831724,-0.1716829323613124,-0.0038847966581954723,0.15648044275149142,-0.061972144225094394,-0.12310199581593591,0.11620189673508387,0.009455488879812434,-0.013409184431087615,-0.07258529177566987,-0.11992561008888346,-0.14490794130872445
-0.22939523420777733,-0.1716829323613124,0.09559962555329544,0.20981115898265404,-0.17268259834336652,-0.06573786253625012,0.1426995360636072,0.028397571852716883,0.00421152978612476,-0.07258529177566987,-0.09770409269877815,-0.1193102748552247
-0.26023247409426403,-0.1716829323613124,0.09559962555329544,0.2275880643930416,-0.20958608304945725,-0.046616484776354855,0.1426995360636072,0.04733965482562133,0.021832244003337137,-0.07258529177566987,-0.09770409269877815,-0.1193102748552247
-0.19855799432129065,-0.1398080082074649,0.06243815148279847,0.17425734816187896,-0.1542308559903212,-0.046616484776354855,0.11620189673508387,0.028397571852716883,0.00421152978612476,-0.07258529177566987,-0.09770409269877815,-0.1193102748552247
-0.22939523420777733,-0.1716829323613124,0.06243815148279847,0.20981115898265404,-0.17268259834336652,-0.06573786253625012,0.11620189673508387,0.028397571852716883,0.021832244003337137,-0.05254611060818793,-0.09770409269877815,-0.14490794130872445
-0.19855799432129065,-0.1398080082074649,0.06243815148279847,0.17425734816187896,-0.1542308559903212,-0.046616484776354855,0.11620189673508387,0.028397571852716883,0.00421152978612476,-0.07258529177566987,-0.11992561008888346,-0.14490794130872445
-0.16772075443480394,-0.1716829323613124,-0.0038847966581954723,0.17425734816187896,-0.09887562893118511,-0.10398061805604064,0.11620189673508387,0.009455488879812434,0.00421152978612476,-0.07258529177566987,-0.14214712747898875,-0.14490794130872445
-0.13688351454831724,-0.1716829323613124,-0.03704627072869245,0.15648044275149142,-0.061972144225094394,-0.12310199581593591,0.08970425740656052,0.009455488879812434,-0.013409184431087615,-0.0926244729431518,-0.14214712747898875,-0.1705056077622242
-0.19855799432129065,-0.1716829323613124,0.029276677412301503,0.1920342535722665,-0.13577911363727582,-0.08485924029614537,0.11620189673508387,0.028397571852716883,0.00421152978612476,-0.07258529177566987,-0.11992561008888346,-0.1705056077622242
-0.13688351454831724,-0.1398080082074649,-0.0038847966581954723,0.13870353734110388,-0.08042388657813976,-0.08485924029614537,0.11620189673508387,-0.009486594093092014,-0.013409184431087615,-0.07258529177566987,-0.14214712747898875,-0.2217009406692237
-0.22939523420777733,-0.1398080082074649,0.09559962555329544,0.1920342535722665,-0.1911343406964119,-0.0274951070164596,0.11620189673508387,0.028397571852716883,0.00421152978612476,-0.05254611060818793,-0.11992561008888346,-0.14490794130872445
-0.22939523420777733,-0.1398080082074649,0.09559962555329544,0.1920342535722665,-0.1911343406964119,-0.0274951070164596,0.11620189673508387,0.028397571852716883,0.00421152978612476,-0.07258529177566987,-0.11992561008888346,-0.1705056077622242
-0.22939523420777733,-0.1398080082074649,0.09559962555329544,0.1920342535722665,-0.1911343406964119,-0.0274951070164596,0.11620189673508387,0.028397571852716883,0.00421152978612476,-0.07258529177566987,-0.11992561008888346,-0.14490794130872445
-0.16772075443480394,-0.1398080082074649,0.029276677412301503,0.15648044275149142,-0.11732737128423046,-0.06573786253625012,0.11620189673508387,0.009455488879812434,0.00421152978612476,-0.0926244729431518,-0.14214712747898875,-0.1705056077622242
-0.22939523420777733,-0.1716829323613124,0.06243815148279847,0.20981115898265404,-0.17268259834336652,-0.06573786253625012,0.1426995360636072,0.028397571852716883,0.00421152978612476,-0.07258529177566987,-0.11992561008888346,-0.1705056077622242
-0.19855799432129065,-0.1716829323613124,0.029276677412301503,0.1920342535722665,-0.13577911363727582,-0.08485924029614537,0.1426995360636072,0.04733965482562133,0.00421152978612476,-0.07258529177566987,-0.11992561008888346,-0.1705056077622242
-0.16772075443480394,-0.1398080082074649,0.029276677412301503,0.15648044275149142,-0.11732737128423046,-0.06573786253625012,0.11620189673508387,-0.009486594093092014,0.00421152978612476,-0.0926244729431518,-0.14214712747898875,-0.1193102748552247
-0.16772075443480394,-0.1398080082074649,0.029276677412301503,0.15648044275149142,-0.11732737128423046,-0.06573786253625012,0.11620189673508387,0.028397571852716883,0.021832244003337137,-0.0926244729431518,-0.14214712747898875,-0.1193102748552247
-0.22939523420777733,-0.1398080082074649,0.09559962555329544,0.1920342535722665,-0.1911343406964119,-0.0274951070164596,0.16919717539213053,0.028397571852716883,0.03945295822054951,-0.03250692944070599,-0.11992561008888346,-0.09371260840172496
-0.22939523420777733,-0.1398080082074649,0.09559962555329544,0.1920342535722665,-0.1911343406964119,-0.0274951070164596,0.16919717539213053,0.028397571852716883,0.021832244003337137,-0.07258529177566987,-0.14214712747898875,-0.14490794130872445
-0.22939523420777733,-0.1079330840536174,0.12876109962379242,0.17425734816187896,-0.20958608304945725,0.010747648503330924,0.16919717539213053,0.028397571852716883,0.021832244003337137,-0.07258529177566987,-0.14214712747898875,-0.1193102748552247
-0.16772075443480394,-0.1398080082074649,0.029276677412301503,0.15648044275149142,-0.11732737128423046,-0.06573786253625012,0.1426995360636072,0.028397571852716883,0.021832244003337137,-0.07258529177566987,-0.11992561008888346,-0.1193102748552247
-0.16772075443480394,-0.1398080082074649,0.029276677412301503,0.15648044275149142,-0.11732737128423046,-0.06573786253625012,0.1426995360636072,0.028397571852716883,0.00421152978612476,-0.07258529177566987,-0.11992561008888346,-0.1193102748552247
-0.26023247409426403,-0.1398080082074649,0.12876109962379242,0.20981115898265404,-0.2280378254025026,-0.008373729256564336,0.16919717539213053,0.04733965482562133,0.021832244003337137,-0.03250692944070599,-0.11992561008888346,-0.09371260840172496
-0.19855799432129065,-0.1398080082074649,0.06243815148279847,0.17425734816187896,-0.1542308559903212,-0.046616484776354855,0.1426995360636072,0.028397571852716883,0.021832244003337137,-0.07258529177566987,-0.14214712747898875,-0.14490794130872445
-0.16772075443480394,-0.1398080082074649,0.029276677412301503,0.15648044275149142,-0.11732737128423046,-0.06573786253625012,0.1426995360636072,0.028397571852716883,0.021832244003337137,-0.05254611060818793,-0.11992561008888346,-0.14490794130872445
-0.16772075443480394,-0.1398080082074649,0.029276677412301503,0.15648044275149142,-0.11732737128423046,-0.06573786253625012,0.11620189673508387,0.009455488879812434,0.021832244003337137,-0.0926244729431518,-0.14214712747898875,-0.14490794130872445
-0.16772075443480394,-0.1398080082074649,0.029276677412301503,0.15648044275149142,-0.11732737128423046,-0.06573786253625012,0.11620189673508387,0.009455488879812434,0.021832244003337137,-0.07258529177566987,-0.14214712747898875,-0.14490794130872445
-0.16772075443480394,-0.1398080082074649,0.029276677412301503,0.15648044275149142,-0.11732737128423046,-0.06573786253625012,0.11620189673508387,0.009455488879812434,0.00421152978612476,-0.07258529177566987,-0.14214712747898875,-0.14490794130872445
-0.16772075443480394,-0.1079330840536174,0.029276677412301503,0.15648044275149142,-0.11732737128423046,-0.06573786253625012,0.11620189673508387,-0.009486594093092014,0.00421152978612476,-0.07258529177566987,-0.14214712747898875,-0.14490794130872445
-0.22939523420777733,-0.1079330840536174,0.09559962555329544,0.1920342535722665,-0.1911343406964119,-0.0274951070164596,0.1426995360636072,0.028397571852716883,0.00421152978612476,-0.07258529177566987,-0.11992561008888346,-0.1193102748552247
-0.19855799432129065,-0.1079330840536174,0.06243815148279847,0.17425734816187896,-0.1542308559903212,-0.046616484776354855,0.1426995360636072,0.028397571852716883,0.00421152978612476,-0.0926244729431518,-0.11992561008888346,-0.14490794130872445
-0.19855799432129065,-0.1398080082074649,0.029276677412301503,0.1920342535722665,-0.13577911363727582,-0.06573786253625012,0.11620189673508387,0.028397571852716883,0.00421152978612476,-0.07258529177566987,-0.11992561008888346,-0.1193102748552247
-0.16772075443480394,-0.1079330840536174,0.029276677412301503,0.15648044275149142,-0.11732737128423046,-0.046616484776354855,0.11620189673508387,0.028397571852716883,0.00421152978612476,-0.0926244729431518,-0.11992561008888346,-0.14490794130872445
-0.13688351454831724,-0.1079330840536174,-0.0038847966581954723,0.13870353734110388,-0.08042388657813976,-0.06573786253625012,0.11620189673508387,0.009455488879812434,0.00421152978612476,-0.0926244729431518,-0.11992561008888346,-0.1705056077622242
-0.22939523420777733,-0.1079330840536174,0.09559962555329544,0.1920342535722665,-0.1911343406964119,-0.008373729256564336,0.16919717539213053,0.028397571852716883,0.021832244003337137,-0.05254611060818793,-0.09770409269877815,-0.1193102748552247
-0.19855799432129065,-0.1398080082074649,0.029276677412301503,0.1920342535722665,-0.13577911363727582,-0.06573786253625012,0.1426995360636072,0.028397571852716883,0.00421152978612476,-0.0926244729431518,-0.09770409269877815,-0.14490794130872445
-0.22939523420777733,-0.1398080082074649,0.06243815148279847,0.20981115898265404,-0.17268259834336652,-0.046616484776354855,0.1426995360636072,0.028397571852716883,0.00421152978612476,-0.07258529177566987,-0.14214712747898875,-0.14490794130872445
-0.19855799432129065,-0.1398080082074649,0.029276677412301503,0.1920342535722665,-0.13577911363727582,-0.06573786253625012,0.1426995360636072,0.009455488879812434,0.00421152978612476,-0.0926244729431518,-0.14214712747898875,-0.14490794130872445
-0.19855799432129065,-0.1398080082074649,0.029276677412301503,0.1920342535722665,-0.13577911363727582,-0.06573786253625012,0.11620189673508387,-0.009486594093092014,0.00421152978612476,-0.0926244729431518,-0.14214712747898875,-0.14490794130872445
-0.16772075443480394,-0.1398080082074649,-0.0038847966581954723,0.17425734816187896,-0.09887562893118511,-0.08485924029614537,0.11620189673508387,0.009455488879812434,-0.013409184431087615,-0.0926244729431518,-0.14214712747898875,-0.14490794130872445
-0.22939523420777733,-0.1398080082074649,0.06243815148279847,0.20981115898265404,-0.17268259834336652,-0.046616484776354855,0.11620189673508387,0.028397571852716883,0.00421152978612476,-0.05254611060818793,-0.11992561008888346,-0.14490794130872445
-0.19855799432129065,-0.1716829323613124,-0.0038847966581954723,0.20981115898265404,-0.11732737128423046,-0.10398061805604064,0.08970425740656052,0.009455488879812434,0.00421152978612476,-0.0926244729431518,-0.11992561008888346,-0.14490794130872445
-0.19855799432129065,-0.1716829323613124,-0.0038847966581954723,0.20981115898265404,-0.11732737128423046,-0.10398061805604064,0.11620189673508387,0.028397571852716883,-0.013409184431087615,-0.07258529177566987,-0.11992561008888346,-0.1705056077622242
-0.16772075443480394,-0.20355785651515992,-0.07020774479918943,0.20981115898265404,-0.061972144225094394,-0.16134475133572643,0.03670897874951384,0.009455488879812434,-0.04865061286551236,-0.11266365411063374,-0.14214712747898875,-0.1705056077622242
-0.16772075443480394,-0.20355785651515992,-0.07020774479918943,0.20981115898265404,-0.061972144225094394,-0.16134475133572643,0.06320661807803718,0.009455488879812434,-0.04865061286551236,-0.0926244729431518,-0.11992561008888346,-0.14490794130872445
-0.22939523420777733,-0.1716829323613124,0.029276677412301503,0.2275880643930416,-0.1542308559903212,-0.08485924029614537,0.08970425740656052,0.028397571852716883,-0.031029898648299987,-0.05254611060818793,-0.09770409269877815,-0.1193102748552247
-0.19855799432129065,-0.1716829323613124,-0.0038847966581954723,0.20981115898265404,-0.11732737128423046,-0.10398061805604064,0.08970425740656052,0.009455488879812434,-0.031029898648299987,-0.05254611060818793,-0.14214712747898875,-0.1193102748552247
-0.22939523420777733,-0.1716829323613124,0.029276677412301503,0.2275880643930416,-0.1542308559903212,-0.08485924029614537,0.08970425740656052,0.009455488879812434,-0.013409184431087615,-0.07258529177566987,-0.11992561008888346,-0.1193102748552247
-0.13688351454831724,-0.1716829323613124,-0.07020774479918943,0.17425734816187896,-0.043520401872049044,-0.14222337357583117,0.11620189673508387,-0.009486594093092014,-0.031029898648299987,-0.07258529177566987,-0.14214712747898875,-0.14490794130872445
-0.13688351454831724,-0.1716829323613124,-0.07020774479918943,0.17425734816187896,-0.043520401872049044,-0.14222337357583117,0.08970425740656052,-0.009486594093092014,-0.013409184431087615,-0.05254611060818793,-0.11992561008888346,-0.14490794130872445
-0.19855799432129065,-0.1398080082074649,0.029276677412301503,0.1920342535722665,-0.13577911363727582,-0.06573786253625012,0.11620189673508387,0.028397571852716883,-0.013409184431087615,-0.03250692944070599,-0.09770409269877815,-0.14490794130872445
-0.16772075443480394,-0.1398080082074649,-0.0038847966581954723,0.17425734816187896,-0.09887562893118511,-0.08485924029614537,0.08970425740656052,0.028397571852716883,-0.013409184431087615,-0.05254611060818793,-0.14214712747898875,-0.14490794130872445
-0.13688351454831724,-0.1398080082074649,-0.03704627072869245,0.15648044275149142,-0.061972144225094394,-0.10398061805604064,0.08970425740656052,0.009455488879812434,-0.013409184431087615,-0.07258529177566987,-0.14214712747898875,-0.14490794130872445
-0.13688351454831724,-0.1398080082074649,-0.03704627072869245,0.15648044275149142,-0.061972144225094394,-0.10398061805604064,0.11620189673508387,-0.009486594093092014,-0.013409184431087615,-0.07258529177566987,-0.11992561008888346,-0.14490794130872445
-0.16772075443480394,-0.1398080082074649,-0.0038847966581954723,0.17425734816187896,-0.09887562893118511,-0.08485924029614537,0.11620189673508387,-0.009486594093092014,0.00421152978612476,-0.07258529177566987,-0.14214712747898875,-0.14490794130872445
-0.16772075443480394,-0.1079330840536174,0.029276677412301503,0.15648044275149142,-0.11732737128423046,-0.046616484776354855,0.1426995360636072,0.009455488879812434,-0.013409184431087615,-0.05254611060818793,-0.14214712747898875,-0.1193102748552247
-0.13688351454831724,-0.1716829323613124,-0.07020774479918943,0.17425734816187896,-0.043520401872049044,-0.14222337357583117,0.1426995360636072,0.009455488879812434,-0.013409184431087615,-0.05254611060818793,-0.11992561008888346,-0.1193102748552247
-0.13688351454831724,-0.1398080082074649,-0.03704627072869245,0.15648044275149142,-0.061972144225094394,-0.10398061805604064,0.1426995360636072,0.009455488879812434,-0.013409184431087615,-0.05254611060818793,-0.11992561008888346,-0.1193102748552247
-0.19855799432129065,-0.1398080082074649,0.029276677412301503,0.1920342535722665,-0.13577911363727582,-0.06573786253625012,0.1426995360636072,-0.009486594093092014,0.00421152978612476,-0.0926244729431518,-0.11992561008888346,-0.1193102748552247
-0.13688351454831724,-0.1398080082074649,-0.03704627072869245,0.15648044275149142,-0.061972144225094394,-0.10398061805604064,0.11620189673508387,0.009455488879812434,-0.013409184431087615,-0.0926244729431518,-0.14214712747898875,-0.1193102748552247
-0.13688351454831724,-0.1398080082074649,-0.03704627072869245,0.15648044275149142,-0.061972144225094394,-0.10398061805604064,0.11620189673508387,0.028397571852716883,0.00421152978612476,-0.05254611060818793,-0.11992561008888346,-0.14490794130872445
-0.13688351454831724,-0.1398080082074649,-0.03704627072869245,0.15648044275149142,-0.043520401872049044,-0.10398061805604064,0.11620189673508387,0.028397571852716883,0.00421152978612476,-0.07258529177566987,-0.11992561008888346,-0.14490794130872445
-0.16772075443480394,-0.1398080082074649,-0.0038847966581954723,0.17425734816187896,-0.08042388657813976,-0.08485924029614537,0.08970425740656052,0.028397571852716883,0.00421152978612476,-0.07258529177566987,-0.11992561008888346,-0.14490794130872445
-0.16772075443480394,-0.1398080082074649,-0.0038847966581954723,0.17425734816187896,-0.08042388657813976,-0.08485924029614537,0.11620189673508387,0.028397571852716883,0.00421152978612476,-0.05254611060818793,-0.11992561008888346,-0.14490794130872445
-0.22939523420777733,-0.1398080082074649,0.06243815148279847,0.20981115898265404,-0.1542308559903212,-0.046616484776354855,0.11620189673508387,0.028397571852716883,0.00421152978612476,-0.05254611060818793,-0.11992561008888346,-0.14490794130872445
-0.26023247409426403,-0.1398080082074649,0.09559962555329544,0.2275880643930416,-0.1911343406964119,-0.0274951070164596,0.1426995360636072,0.04733965482562133,0.00421152978612476,-0.05254611060818793,-0.11992561008888346,-0.14490794130872445
-0.16772075443480394,-0.1398080082074649,0.06243815148279847,0.1920342535722665,-0.11732737128423046,-0.06573786253625012,0.11620189673508387,0.04733965482562133,0.00421152978612476,-0.07258529177566987,-0.14214712747898875,-0.1193102748552247
-0.13688351454831724,-0.1398080082074649,0.029276677412301503,0.17425734816187896,-0.08042388657813976,-0.08485924029614537,0.08970425740656052,0.028397571852716883,-0.013409184431087615,-0.07258529177566987,-0.11992561008888346,-0.14490794130872445
-0.13688351454831724,-0.1398080082074649,0.029276677412301503,0.17425734816187896,-0.08042388657813976,-0.08485924029614537,0.08970425740656052,0.028397571852716883,0.00421152978612476,-0.05254611060818793,-0.14214712747898875,-0.14490794130872445
-0.16772075443480394,-0.1398080082074649,0.06243815148279847,0.1920342535722665,-0.11732737128423046,-0.06573786253625012,0.11620189673508387,0.028397571852716883,0.00421152978612476,-0.05254611060818793,-0.14214712747898875,-0.1705056077622242
-0.13688351454831724,-0.1398080082074649,0.029276677412301503,0.17425734816187896,-0.08042388657813976,-0.08485924029614537,0.11620189673508387,0.028397571852716883,0.00421152978612476,-0.05254611060818793,-0.14214712747898875,-0.14490794130872445
-0.16772075443480394,-0.1398080082074649,0.06243815148279847,0.1920342535722665,-0.11732737128423046,-0.06573786253625012,0.11620189673508387,0.04733965482562133,-0.013409184431087615,-0.07258529177566987,-0.14214712747898875,-0.14490794130872445
-0.16772075443480394,-0.1398080082074649,0.06243815148279847,0.1920342535722665,-0.11732737128423046,-0.06573786253625012,0.11620189673508387,0.04733965482562133,-0.013409184431087615,-0.07258529177566987,-0.11992561008888346,-0.14490794130872445
-0.16772075443480394,-0.1398080082074649,0.06243815148279847,0.1920342535722665,-0.11732737128423046,-0.06573786253625012,0.08970425740656052,0.028397571852716883,-0.013409184431087615,-0.07258529177566987,-0.11992561008888346,-0.1193102748552247
-0.13688351454831724,-0.1716829323613124,-0.0038847966581954723,0.1920342535722665,-0.061972144225094394,-0.12310199581593591,0.11620189673508387,0.04733965482562133,-0.013409184431087615,-0.05254611060818793,-0.11992561008888346,-0.14490794130872445
-0.16772075443480394,-0.1079330840536174,0.09559962555329544,0.17425734816187896,-0.13577911363727582,-0.008373729256564336,0.08970425740656052,0.028397571852716883,-0.013409184431087615,-0.0926244729431518,-0.14214712747898875,-0.14490794130872445
-0.16772075443480394,-0.1398080082074649,0.06243815148279847,0.1920342535722665,-0.11732737128423046,-0.046616484776354855,0.08970425740656052,0.009455488879812434,-0.013409184431087615,-0.0926244729431518,-0.14214712747898875,-0.1705056077622242
-0.10604627466183056,-0.1398080082074649,-0.0038847966581954723,0.15648044275149142,-0.043520401872049044,-0.08485924029614537,0.08970425740656052,0.009455488879812434,-0.013409184431087615,-0.07258529177566987,-0.14214712747898875,-0.14490794130872445
-0.13688351454831724,-0.1716829323613124,-0.0038847966581954723,0.1920342535722665,-0.061972144225094394,-0.10398061805604064,0.08970425740656052,0.009455488879812434,-0.013409184431087615,-0.07258529177566987,-0.11992561008888346,-0.14490794130872445
-0.16772075443480394,-0.1079330840536174,0.09559962555329544,0.17425734816187896,-0.13577911363727582,-0.008373729256564336,0.08970425740656052,0.009455488879812434,-0.013409184431087615,-0.07258529177566987,-0.11992561008888346,-0.14490794130872445
-0.13688351454831724,-0.1398080082074649,0.029276677412301503,0.17425734816187896,-0.08042388657813976,-0.06573786253625012,0.08970425740656052,0.009455488879812434,-0.013409184431087615,-0.0926244729431518,-0.14214712747898875,-0.14490794130872445
-0.10604627466183056,-0.1716829323613124,-0.03704627072869245,0.15648044275149142,-0.025068659519003687,-0.12310199581593591,0.08970425740656052,0.028397571852716883,-0.013409184431087615,-0.0926244729431518,-0.14214712747898875,-0.14490794130872445
-0.19855799432129065,-0.1716829323613124,0.06243815148279847,0.20981115898265404,-0.13577911363727582,-0.06573786253625012,0.11620189673508387,0.028397571852716883,0.021832244003337137,-0.07258529177566987,-0.11992561008888346,-0.14490794130872445
-0.19855799432129065,-0.1716829323613124,0.06243815148279847,0.20981115898265404,-0.13577911363727582,-0.06573786253625012,0.11620189673508387,0.04733965482562133,0.00421152978612476,-0.07258529177566987,-0.11992561008888346,-0.1193102748552247
-0.19855799432129065,-0.1398080082074649,0.09559962555329544,0.1920342535722665,-0.1542308559903212,-0.0274951070164596,0.11620189673508387,0.028397571852716883,0.021832244003337137,-0.05254611060818793,-0.09770409269877815,-0.1193102748552247
-0.16772075443480394,-0.1716829323613124,0.029276677412301503,0.1920342535722665,-0.09887562893118511,-0.08485924029614537,0.11620189673508387,0.04733965482562133,0.021832244003337137,-0.07258529177566987,-0.09770409269877815,-0.1193102748552247
-0.07520903477534385,-0.1716829323613124,-0.07020774479918943,0.13870353734110388,0.011834825187087025,-0.14222337357583117,0.08970425740656052,0.009455488879812434,-0.013409184431087615,-0.07258529177566987,-0.11992561008888346,-0.1705056077622242
-0.07520903477534385,-0.1079330840536174,-0.0038847966581954723,0.1031497265203288,-0.025068659519003687,-0.06573786253625012,0.08970425740656052,0.028397571852716883,0.00421152978612476,-0.07258529177566987,-0.11992561008888346,-0.14490794130872445
-0.07520903477534385,-0.07605815989976988,0.029276677412301503,0.08537282110994127,-0.043520401872049044,-0.0274951070164596,0.11620189673508387,0.04733965482562133,0.021832244003337137,-0.05254611060818793,-0.09770409269877815,-0.1193102748552247
-0.07520903477534385,0.051441536715620156,0.16192257369428942,0.014265199468391093,-0.11732737128423046,0.12547591506270248,0.11620189673508387,0.08522382077143023,0.05707367243776188,-0.012467748273224052,-0.053261057918567535,-0.09371260840172496
-0.04437179488885716,0.1789412333310102,0.2614069959057803,-0.07461932758354661,-0.1542308559903212,0.2593255593819693,0.1426995360636072,0.10416590374433468,0.09231510087218663,0.027610614061739827,-0.053261057918567535,-0.016919609041225726
-0.07520903477534385,0.2108161574848577,0.3277299440467743,-0.07461932758354661,-0.20958608304945725,0.3166896926616551,0.1426995360636072,0.10416590374433468,0.09231510087218663,0.027610614061739827,-0.008818023138356926,-0.016919609041225726
-0.10604627466183056,0.1789412333310102,0.3277299440467743,-0.039065516762771535,-0.2280378254025026,0.29756831490175983,0.1426995360636072,0.10416590374433468,0.09231510087218663,0.027610614061739827,-0.031039540528462233,-0.016919609041225726
-0.13688351454831724,0.2426910816387052,0.4272143662582652,-0.056842422173159074,-0.30184479481468407,0.3931752037012361,0.1956948147206539,0.16099215266304803,0.109935815089399,0.027610614061739827,-0.008818023138356926,-0.016919609041225726
-0.07520903477534385,0.14706630917716268,0.2614069959057803,-0.039065516762771535,-0.17268259834336652,0.24020418162207405,0.1956948147206539,0.17993423563595248,0.12755652930661138,0.04764979522922177,-0.008818023138356926,0.00867805741227402
0.01730268488411623,0.2108161574848577,0.22824552183528335,-0.12795004381470923,-0.09887562893118511,0.2593255593819693,0.1956948147206539,0.19887631860885693,0.12755652930661138,0.08772815756418564,0.035625011641853686,0.034275723865773766
0.01730268488411623,0.2426910816387052,0.2614069959057803,-0.1457269492250968,-0.11732737128423046,0.29756831490175983,0.16919717539213053,0.17993423563595248,0.14517724352382377,0.08772815756418564,0.0800680464220643,0.00867805741227402
-0.013534555002370467,0.2426910816387052,0.2945684699762773,-0.12795004381470923,-0.1542308559903212,0.3166896926616551,0.08970425740656052,0.14205006969014358,0.12755652930661138,0.06768897639670371,0.035625011641853686,0.00867805741227402
-0.013534555002370467,0.14706630917716268,0.19508404776478638,-0.07461932758354661,-0.09887562893118511,0.20196142610228351,0.03670897874951384,0.06628173779852578,0.109935815089399,0.027610614061739827,-0.008818023138356926,-0.016919609041225726
0.04813992477060292,0.08331646086946766,0.06243815148279847,-0.07461932758354661,0.011834825187087025,0.08723315954291197,0.010211339420990504,0.04733965482562133,0.07469438665497424,0.007571432894257888,-0.031039540528462233,0.00867805741227402
0.04813992477060292,0.051441536715620156,0.029276677412301503,-0.056842422173159074,0.03028656754013238,0.048990404023121444,0.010211339420990504,0.06628173779852578,0.05707367243776188,0.007571432894257888,-0.031039540528462233,-0.042517275494725476
0.07897716465708962,0.08331646086946766,0.029276677412301503,-0.09239623299393417,0.03028656754013238,0.0681117817830167,-0.016286299907532834,0.028397571852716883,0.05707367243776188,0.007571432894257888,-0.053261057918567535,-0.042517275494725476
0.07897716465708962,0.08331646086946766,0.029276677412301503,-0.09239623299393417,0.03028656754013238,0.08723315954291197,0.03670897874951384,0.06628173779852578,0.07469438665497424,0.027610614061739827,0.013403494251748381,0.00867805741227402
0.140651644430063,0.08331646086946766,-0.07020774479918943,-0.1101731384043217,0.12254527930535916,0.010747648503330924,-0.016286299907532834,0.04733965482562133,0.05707367243776188,0.007571432894257888,0.013403494251748381,0.00867805741227402
0.04813992477060292,0.051441536715620156,-0.0038847966581954723,-0.056842422173159074,0.03028656754013238,0.029869026263226184,0.010211339420990504,0.04733965482562133,0.05707367243776188,-0.03250692944070599,-0.053261057918567535,-0.042517275494725476
0.04813992477060292,0.019566612561772643,-0.03704627072869245,-0.039065516762771535,0.048738309893177734,-0.008373729256564336,0.03670897874951384,0.009455488879812434,0.03945295822054951,-0.05254611060818793,-0.09770409269877815,-0.09371260840172496
0.04813992477060292,-0.07605815989976988,-0.13653069294018336,0.014265199468391093,0.1040935369523138,-0.10398061805604064,0.03670897874951384,-0.02842867706599646,-0.031029898648299987,-0.11266365411063374,-0.14214712747898875,-0.1705056077622242
-0.10604627466183056,-0.1079330840536174,-0.0038847966581954723,0.12092663193071634,-0.061972144225094394,-0.046616484776354855,0.06320661807803718,-0.04737076003890091,-0.06627132708272473,-0.15274201644559762,-0.1865901622591994,-0.2217009406692237
-0.19855799432129065,-0.1079330840536174,0.09559962555329544,0.17425734816187896,-0.17268259834336652,0.010747648503330924,0.08970425740656052,-0.02842867706599646,-0.04865061286551236,-0.11266365411063374,-0.14214712747898875,-0.1705056077622242
-0.19855799432129065,-0.1716829323613124,0.029276677412301503,0.20981115898265404,-0.13577911363727582,-0.06573786253625012,0.08970425740656052,-0.009486594093092014,-0.031029898648299987,-0.0926244729431518,-0.11992561008888346,-0.14490794130872445
-0.19855799432129065,-0.20355785651515992,-0.0038847966581954723,0.2275880643930416,-0.11732737128423046,-0.10398061805604064,0.11620189673508387,-0.009486594093092014,-0.013409184431087615,-0.0926244729431518,-0.14214712747898875,-0.1705056077622242
-0.22939523420777733,-0.20355785651515992,0.029276677412301503,0.24536496980342914,-0.1542308559903212,-0.08485924029614537,0.11620189673508387,-0.009486594093092014,-0.04865061286551236,-0.11266365411063374,-0.16436864486909408,-0.19610327421572396
-0.26023247409426403,-0.23543278066900744,0.029276677412301503,0.2809187806242042,-0.17268259834336652,-0.10398061805604064,0.1426995360636072,-0.009486594093092014,-0.06627132708272473,-0.15274201644559762,-0.2088116796493047,-0.2217009406692237
-0.2910697139807507,-0.23543278066900744,0.06243815148279847,0.29869568603459173,-0.20958608304945725,-0.08485924029614537,0.1426995360636072,-0.02842867706599646,-0.06627132708272473,-0.15274201644559762,-0.23103319703941,-0.24729860712272345
-0.32190695386723744,-0.29918262897670245,0.029276677412301503,0.3520264022657544,-0.20958608304945725,-0.14222337357583117,0.1426995360636072,-0.02842867706599646,-0.04865061286551236,-0.15274201644559762,-0.23103319703941,-0.2217009406692237
-0.32190695386723744,-0.26730770482285493,0.06243815148279847,0.33424949685536687,-0.2280378254025026,-0.10398061805604064,0.11620189673508387,-0.04737076003890091,-0.06627132708272473,-0.17278119761307958,-0.2532547144295153,-0.2728962735762232
-0.26023247409426403,-0.29918262897670245,-0.03704627072869245,0.3164725914449793,-0.13577911363727582,-0.1804661290956217,0.11620189673508387,-0.06631284301180536,-0.08389204129993712,-0.17278119761307958,-0.23103319703941,-0.2728962735762232
-0.26023247409426403,-0.26730770482285493,-0.0038847966581954723,0.29869568603459173,-0.1542308559903212,-0.14222337357583117,0.1426995360636072,-0.06631284301180536,-0.10151275551714949,-0.17278119761307958,-0.2532547144295153,-0.2728962735762232
-0.26023247409426403,-0.29918262897670245,-0.03704627072869245,0.3164725914449793,-0.13577911363727582,-0.1804661290956217,0.16919717539213053,-0.04737076003890091,-0.08389204129993712,-0.17278119761307958,-0.23103319703941,-0.24729860712272345
-0.3527441937537241,-0.26730770482285493,0.09559962555329544,0.3520264022657544,-0.2649413101085933,-0.08485924029614537,0.16919717539213053,-0.02842867706599646,-0.06627132708272473,-0.15274201644559762,-0.23103319703941,-0.24729860712272345
-0.26023247409426403,-0.26730770482285493,-0.0038847966581954723,0.29869568603459173,-0.1542308559903212,-0.14222337357583117,0.16919717539213053,-0.04737076003890091,-0.08389204129993712,-0.17278119761307958,-0.23103319703941,-0.2728962735762232
-0.2910697139807507,-0.26730770482285493,0.029276677412301503,0.3164725914449793,-0.1911343406964119,-0.12310199581593591,0.16919717539213053,-0.04737076003890091,-0.08389204129993712,-0.17278119761307958,-0.23103319703941,-0.2728962735762232
-0.32190695386723744,-0.29918262897670245,0.029276677412301503,0.3520264022657544,-0.20958608304945725,-0.14222337357583117,0.16919717539213053,-0.04737076003890091,-0.06627132708272473,-0.17278119761307958,-0.23103319703941,-0.2728962735762232
-0.26023247409426403,-0.26730770482285493,-0.0038847966581954723,0.29869568603459173,-0.1542308559903212,-0.14222337357583117,0.1426995360636072,-0.06631284301180536,-0.08389204129993712,-0.19282037878056152,-0.2532547144295153,-0.29849394002972296
-0.22939523420777733,-0.29918262897670245,-0.07020774479918943,0.29869568603459173,-0.09887562893118511,-0.19958750685551696,0.16919717539213053,-0.04737076003890091,-0.08389204129993712,-0.17278119761307958,-0.23103319703941,-0.29849394002972296
-0.26023247409426403,-0.26730770482285493,-0.0038847966581954723,0.29869568603459173,-0.1542308559903212,-0.14222337357583117,0.1426995360636072,-0.04737076003890091,-0.08389204129993712,-0.19282037878056152,-0.23103319703941,-0.29849394002972296
-0.3527441937537241,-0.26730770482285493,0.09559962555329544,0.3520264022657544,-0.2649413101085933,-0.08485924029614537,0.16919717539213053,-0.04737076003890091,-0.06627132708272473,-0.19282037878056152,-0.23103319703941,-0.24729860712272345
-0.32190695386723744,-0.26730770482285493,0.06243815148279847,0.33424949685536687,-0.2280378254025026,-0.10398061805604064,0.16919717539213053,-0.02842867706599646,-0.06627132708272473,-0.19282037878056152,-0.23103319703941,-0.2728962735762232
-0.2910697139807507,-0.26730770482285493,0.029276677412301503,0.3164725914449793,-0.1911343406964119,-0.12310199581593591,0.1426995360636072,-0.02842867706599646,-0.06627132708272473,-0.17278119761307958,-0.2088116796493047,-0.24729860712272345
-0.26023247409426403,-0.26730770482285493,-0.0038847966581954723,0.29869568603459173,-0.1542308559903212,-0.14222337357583117,0.1426995360636072,-0.02842867706599646,-0.06627132708272473,-0.19282037878056152,-0.23103319703941,-0.24729860712272345
-0.2910697139807507,-0.23543278066900744,0.06243815148279847,0.29869568603459173,-0.20958608304945725,-0.08485924029614537,0.1426995360636072,-0.009486594093092014,-0.04865061286551236,-0.17278119761307958,-0.2088116796493047,-0.2217009406692237
-0.22939523420777733,-0.23543278066900744,-0.0038847966581954723,0.26314187521381666,-0.13577911363727582,-0.12310199581593591,0.1426995360636072,-0.02842867706599646,-0.04865061286551236,-0.1327028352781157,-0.2088116796493047,-0.24729860712272345
-0.19855799432129065,-0.20355785651515992,-0.0038847966581954723,0.2275880643930416,-0.11732737128423046,-0.10398061805604064,0.11620189673508387,-0.02842867706599646,-0.04865061286551236,-0.15274201644559762,-0.23103319703941,-0.2728962735762232
-0.19855799432129065,-0.20355785651515992,-0.0038847966581954723,0.2275880643930416,-0.11732737128423046,-0.10398061805604064,0.1426995360636072,-0.009486594093092014,-0.04865061286551236,-0.15274201644559762,-0.2088116796493047,-0.2728962735762232
-0.22939523420777733,-0.20355785651515992,0.029276677412301503,0.24536496980342914,-0.1542308559903212,-0.08485924029614537,0.1426995360636072,-0.009486594093092014,-0.04865061286551236,-0.15274201644559762,-0.1865901622591994,-0.24729860712272345
-0.3527441937537241,-0.1398080082074649,0.22824552183528335,0.2809187806242042,-0.33874827952077474,0.0681117817830167,0.24869009337770057,0.10416590374433468,0.03945295822054951,-0.07258529177566987,-0.14214712747898875,-0.2217009406692237
-0.5377676330726443,0.051441536715620156,0.5930217366107501,0.26314187521381666,-0.6339761571695004,0.3931752037012361,0.4606712080058873,0.2746446505004747,0.21566010039267325,0.027610614061739827,-0.09770409269877815,-0.19610327421572396
-0.3835814336402108,0.11519138502331518,0.49353731439925913,0.13870353734110388,-0.4863622183451376,0.37405382594134085,0.4871688473344106,0.40723923131080586,0.2861429572615227,0.06768897639670371,-0.008818023138356926,-0.1705056077622242
0.04813992477060292,0.019566612561772643,-0.07020774479918943,-0.056842422173159074,0.08564179459926845,-0.008373729256564336,0.35468065069179394,0.44512339725661476,0.2861429572615227,0.16788488223411338,0.19117563337259083,0.13666638967977274
0.7265592022733103,-0.044183235745922374,-0.8660831224911167,-0.41238053038090994,0.9344219428393548,-0.5055295510138411,0.08970425740656052,0.4640654802295192,0.3742465283475846,0.44843341857886054,0.6133844637845917,0.7766080510172664
1.5591646792084508,0.019566612561772643,-1.6951199742535412,-0.9279107872821486,1.8939125451977132,-0.9453212394914321,-0.14877449655014954,0.8239650567147037,0.7795229553434693,1.0696480347708006,1.4133590898283828,1.826112375610756
2.237583956711158,0.4339406265617903,-1.993573240888014,-1.5501024766457125,2.4659165581421196,-0.868835728451851,-0.4402485291639063,0.880791305633417,1.1319372396877168,1.690862650962741,2.2133337158721735,2.8756167002042456
2.885165994327379,0.7845647922541129,-2.325187981592984,-2.118963449778114,3.0379205710865254,-0.8497143506919558,-0.9437036764058498,0.17993423563595248,0.9028679548639559,1.7710193756326686,2.4799919245534374,3.43876536218124
3.409399072397653,1.1033140337925882,-2.5573183000864628,-2.5989398958585777,3.480762387559614,-0.79235021741227,-1.4736564629763167,-0.5777490832802255,0.6033158131713455,1.690862650962741,2.524434959333648,3.7203396931697372
3.501910792057113,0.7845647922541129,-2.988417463002923,-2.4745015579858647,3.77599026520834,-1.232141905889861,-1.9241163315612133,-1.240721987331881,0.09231510087218663,1.1898831217756924,1.9466755071909099,3.1571910311927427
2.854328754440892,0.2745660057925527,-2.8226100926504385,-1.8167560578015256,3.2962449640291607,-1.442477061248709,-2.0301068888753067,-1.7521582276003012,-0.5948927535990959,0.288119969239005,0.8355996376856447,1.7749170427037566
1.2816295202300707,-0.012308311592074865,-1.4298281816895655,-0.7501417331782733,1.5802329251959422,-0.8114715951721653,-1.5266517416333634,-2.168884053004199,-1.299721322287591,-0.9342700819773931,-0.7643496144019373,-0.29849394002972296
-0.32190695386723744,-0.23543278066900744,0.06243815148279847,0.29869568603459173,-0.20958608304945725,-0.08485924029614537,-0.9172060370773265,-2.3204207167874347,-1.7402391777179003,-1.7959548721791165,-1.9865330708577293,-1.9111469266002068
-1.0311634712564315,-0.29918262897670245,0.7588291069632349,0.7431183212942803,-1.021462746583453,0.2784469371418646,-0.6257320044635697,-2.3393627997603392,-1.7931013203695374,-1.956268321518972,-2.253191279538993,-2.320709589856203
-1.0620007111429182,-0.29918262897670245,0.7919905810337319,0.7608952267046678,-1.0583662312895437,0.29756831490175983,-0.49324380782095295,-2.036289472193868,-1.4759284644597146,-1.5554846981693333,-1.7865394143467814,-1.7831585943327082
-1.0928379510294048,-0.1398080082074649,0.9909594254567138,0.6897876050631176,-1.187528427760861,0.5079034702606077,-0.28126269319276626,-1.5627373978712567,-1.1587556085498918,-1.2348577994896224,-1.3865521013248858,-1.501584263344211
-1.0003262313699448,-0.1398080082074649,0.8914750032452229,0.6364568888319551,-1.076817973642589,0.4505393369809219,0.06320661807803718,-0.9565907427383145,-0.7710998957712196,-0.9142309008099112,-1.031007823083201,-1.092021600088215
-0.6611165926185911,-0.1079330840536174,0.5598602625402531,0.42313402390730454,-0.6893313842286365,0.2784469371418646,0.03670897874951384,-0.6345753321989389,-0.5244098967302465,-0.6136431832976822,-0.742128097011832,-0.7080566032857188
-0.3835814336402108,-0.044183235745922374,0.3277299440467743,0.2275880643930416,-0.39410350657991083,0.18284004834238826,-0.14877449655014954,-0.5777490832802255,-0.40106489720975985,-0.4332905527903448,-0.4976914057206736,-0.47767760520422115
-0.2910697139807507,-0.044183235745922374,0.22824552183528335,0.17425734816187896,-0.28339305246163865,0.12547591506270248,-0.042783939236056175,-0.4072703365240854,-0.312961326123698,-0.3330946469529351,-0.3643623013800418,-0.40088460584372193
-0.26023247409426403,-0.044183235745922374,0.19508404776478638,0.15648044275149142,-0.24648956775554795,0.10635453730280722,0.08970425740656052,-0.14208117490342315,-0.17199561238599897,-0.2529379222830073,-0.2976977492097259,-0.3752869393902222
-0.19855799432129065,-0.1398080082074649,0.029276677412301503,0.17425734816187896,-0.11732737128423046,-0.046616484776354855,0.11620189673508387,-0.0852549259847098,-0.08389204129993712,-0.21285955994804345,-0.2754762318196206,-0.32409160648322266
-0.16772075443480394,-0.1398080082074649,-0.0038847966581954723,0.15648044275149142,-0.08042388657813976,-0.06573786253625012,0.08970425740656052,-0.14208117490342315,-0.11913346973436187,-0.21285955994804345,-0.2754762318196206,-0.29849394002972296
-0.2910697139807507,-0.1398080082074649,0.12876109962379242,0.2275880643930416,-0.2280378254025026,0.010747648503330924,0.1426995360636072,-0.0852549259847098,-0.08389204129993712,-0.17278119761307958,-0.2088116796493047,-0.24729860712272345
-0.26023247409426403,-0.1716829323613124,0.06243815148279847,0.2275880643930416,-0.17268259834336652,-0.046616484776354855,0.1426995360636072,-0.02842867706599646,-0.06627132708272473,-0.15274201644559762,-0.2088116796493047,-0.2217009406692237
-0.26023247409426403,-0.1716829323613124,0.06243815148279847,0.2275880643930416,-0.17268259834336652,-0.046616484776354855,0.16919717539213053,-0.009486594093092014,-0.031029898648299987,-0.11266365411063374,-0.16436864486909408,-0.2217009406692237
-0.2910697139807507,-0.1716829323613124,0.09559962555329544,0.24536496980342914,-0.20958608304945725,-0.0274951070164596,0.1956948147206539,0.009455488879812434,-0.013409184431087615,-0.0926244729431518,-0.14214712747898875,-0.19610327421572396
-0.22939523420777733,-0.1716829323613124,0.06243815148279847,0.20981115898265404,-0.13577911363727582,-0.06573786253625012,0.16919717539213053,0.009455488879812434,-0.013409184431087615,-0.0926244729431518,-0.14214712747898875,-0.19610327421572396
-0.26023247409426403,-0.1716829323613124,0.09559962555329544,0.2275880643930416,-0.17268259834336652,-0.046616484776354855,0.1956948147206539,0.009455488879812434,0.00421152978612476,-0.07258529177566987,-0.14214712747898875,-0.1705056077622242
-0.19855799432129065,-0.1716829323613124,0.029276677412301503,0.1920342535722665,-0.09887562893118511,-0.08485924029614537,0.16919717539213053,0.009455488879812434,0.00421152978612476,-0.0926244729431518,-0.14214712747898875,-0.1705056077622242
-0.16772075443480394,-0.1398080082074649,0.029276677412301503,0.15648044275149142,-0.08042388657813976,-0.06573786253625012,0.1956948147206539,-0.009486594093092014,-0.013409184431087615,-0.11266365411063374,-0.14214712747898875,-0.19610327421572396
-0.19855799432129065,-0.1716829323613124,0.029276677412301503,0.1920342535722665,-0.09887562893118511,-0.08485924029614537,0.1956948147206539,0.009455488879812434,0.00421152978612476,-0.0926244729431518,-0.14214712747898875,-0.1705056077622242
-0.22939523420777733,-0.1716829323613124,0.06243815148279847,0.20981115898265404,-0.13577911363727582,-0.06573786253625012,0.1956948147206539,0.028397571852716883,0.00421152978612476,-0.07258529177566987,-0.14214712747898875,-0.1705056077622242
-0.22939523420777733,-0.1716829323613124,0.06243815148279847,0.20981115898265404,-0.13577911363727582,-0.06573786253625012,0.1956948147206539,0.028397571852716883,0.00421152978612476,-0.07258529177566987,-0.11992561008888346,-0.14490794130872445
-0.26023247409426403,-0.1716829323613124,0.09559962555329544,0.2275880643930416,-0.17268259834336652,-0.0274951070164596,0.1956948147206539,0.04733965482562133,0.03945295822054951,-0.05254611060818793,-0.09770409269877815,-0.14490794130872445
-0.22939523420777733,-0.1716829323613124,0.06243815148279847,0.20981115898265404,-0.1542308559903212,-0.046616484776354855,0.1956948147206539,0.04733965482562133,0.03945295822054951,-0.05254611060818793,-0.07548257530867285,-0.14490794130872445
-0.19855799432129065,-0.1716829323613124,0.029276677412301503,0.1920342535722665,-0.11732737128423046,-0.06573786253625012,0.1956948147206539,0.028397571852716883,0.021832244003337137,-0.07258529177566987,-0.11992561008888346,-0.1193102748552247
-0.22939523420777733,-0.1398080082074649,0.09559962555329544,0.1920342535722665,-0.17268259834336652,-0.008373729256564336,0.1956948147206539,0.028397571852716883,0.021832244003337137,-0.07258529177566987,-0.11992561008888346,-0.1705056077622242
-0.22939523420777733,-0.1716829323613124,0.06243815148279847,0.20981115898265404,-0.1542308559903212,-0.046616484776354855,0.1956948147206539,0.028397571852716883,0.021832244003337137,-0.07258529177566987,-0.11992561008888346,-0.14490794130872445
-0.19855799432129065,-0.1716829323613124,0.029276677412301503,0.1920342535722665,-0.11732737128423046,-0.06573786253625012,0.22219245404917723,0.06628173779852578,0.00421152978612476,-0.05254611060818793,-0.07548257530867285,-0.14490794130872445
-0.19855799432129065,-0.1716829323613124,0.029276677412301503,0.1920342535722665,-0.11732737128423046,-0.06573786253625012,0.22219245404917723,0.04733965482562133,0.00421152978612476,-0.05254611060818793,-0.09770409269877815,-0.1705056077622242
-0.16772075443480394,-0.1398080082074649,0.029276677412301503,0.15648044275149142,-0.09887562893118511,-0.046616484776354855,0.22219245404917723,0.04733965482562133,0.00421152978612476,-0.05254611060818793,-0.11992561008888346,-0.14490794130872445
-0.13688351454831724,-0.1716829323613124,-0.03704627072869245,0.15648044275149142,-0.043520401872049044,-0.10398061805604064,0.16919717539213053,0.04733965482562133,-0.013409184431087615,-0.07258529177566987,-0.11992561008888346,-0.14490794130872445
-0.22939523420777733,-0.1716829323613124,0.06243815148279847,0.20981115898265404,-0.17268259834336652,-0.046616484776354855,0.22219245404917723,0.04733965482562133,0.021832244003337137,-0.03250692944070599,-0.09770409269877815,-0.14490794130872445
-0.16772075443480394,-0.1716829323613124,-0.0038847966581954723,0.17425734816187896,-0.09887562893118511,-0.08485924029614537,0.1956948147206539,0.028397571852716883,0.00421152978612476,-0.05254611060818793,-0.14214712747898875,-0.14490794130872445
-0.22939523420777733,-0.1716829323613124,0.06243815148279847,0.2275880643930416,-0.17268259834336652,-0.046616484776354855,0.1956948147206539,0.028397571852716883,0.00421152978612476,-0.05254611060818793,-0.09770409269877815,-0.1193102748552247
-0.16772075443480394,-0.1716829323613124,0.029276677412301503,0.1920342535722665,-0.11732737128423046,-0.08485924029614537,0.16919717539213053,0.028397571852716883,0.00421152978612476,-0.07258529177566987,-0.11992561008888346,-0.14490794130872445
-0.10604627466183056,-0.1398080082074649,-0.0038847966581954723,0.13870353734110388,-0.061972144225094394,-0.08485924029614537,0.1426995360636072,-0.009486594093092014,-0.013409184431087615,-0.0926244729431518,-0.14214712747898875,-0.14490794130872445
-0.13688351454831724,-0.1398080082074649,0.029276677412301503,0.15648044275149142,-0.09887562893118511,-0.06573786253625012,0.16919717539213053,0.009455488879812434,0.00421152978612476,-0.0926244729431518,-0.16436864486909408,-0.1705056077622242
-0.16772075443480394,-0.1716829323613124,0.029276677412301503,0.1920342535722665,-0.11732737128423046,-0.08485924029614537,0.1956948147206539,0.009455488879812434,0.021832244003337137,-0.0926244729431518,-0.14214712747898875,-0.14490794130872445
-0.16772075443480394,-0.1716829323613124,-0.0038847966581954723,0.17425734816187896,-0.09887562893118511,-0.10398061805604064,0.16919717539213053,0.009455488879812434,-0.013409184431087615,-0.0926244729431518,-0.14214712747898875,-0.14490794130872445
-0.13688351454831724,-0.1398080082074649,-0.0038847966581954723,0.13870353734110388,-0.09887562893118511,-0.08485924029614537,0.16919717539213053,0.009455488879812434,-0.013409184431087615,-0.0926244729431518,-0.16436864486909408,-0.1705056077622242
-0.19855799432129065,-0.1716829323613124,0.029276677412301503,0.20981115898265404,-0.1542308559903212,-0.08485924029614537,0.16919717539213053,0.028397571852716883,0.00421152978612476,-0.05254611060818793,-0.11992561008888346,-0.14490794130872445
-0.10604627466183056,-0.1398080082074649,-0.07020774479918943,0.13870353734110388,-0.025068659519003687,-0.12310199581593591,0.1426995360636072,0.009455488879812434,-0.013409184431087615,-0.0926244729431518,-0.11992561008888346,-0.14490794130872445
-0.26023247409426403,-0.1398080082074649,0.09559962555329544,0.2275880643930416,-0.20958608304945725,-0.0274951070164596,0.16919717539213053,0.04733965482562133,0.021832244003337137,-0.07258529177566987,-0.09770409269877815,-0.14490794130872445
-0.26023247409426403,-0.1079330840536174,0.12876109962379242,0.20981115898265404,-0.2280378254025026,0.010747648503330924,0.16919717539213053,0.04733965482562133,0.021832244003337137,-0.0926244729431518,-0.09770409269877815,-0.1193102748552247
-0.16772075443480394,-0.1079330840536174,0.029276677412301503,0.15648044275149142,-0.11732737128423046,-0.046616484776354855,0.1426995360636072,0.028397571852716883,0.00421152978612476,-0.0926244729431518,-0.09770409269877815,-0.14490794130872445
-0.04437179488885716,-0.1398080082074649,-0.13653069294018336,0.1031497265203288,0.048738309893177734,-0.16134475133572643,0.1426995360636072,0.028397571852716883,0.00421152978612476,-0.0926244729431518,-0.11992561008888346,-0.14490794130872445
-0.04437179488885716,-0.1398080082074649,-0.13653069294018336,0.1031497265203288,0.048738309893177734,-0.16134475133572643,0.1426995360636072,0.028397571852716883,0.00421152978612476,-0.0926244729431518,-0.11992561008888346,-0.1193102748552247
-0.16772075443480394,-0.1716829323613124,-0.0038847966581954723,0.17425734816187896,-0.09887562893118511,-0.08485924029614537,0.1426995360636072,0.04733965482562133,0.021832244003337137,-0.05254611060818793,-0.07548257530867285,-0.06811494194822522
-0.04437179488885716,-0.1716829323613124,-0.13653069294018336,0.1031497265203288,0.048738309893177734,-0.16134475133572643,0.11620189673508387,0.028397571852716883,0.00421152978612476,-0.05254611060818793,-0.07548257530867285,-0.06811494194822522
-0.13688351454831724,-0.1398080082074649,-0.0038847966581954723,0.13870353734110388,-0.08042388657813976,-0.06573786253625012,0.1426995360636072,0.06628173779852578,0.03945295822054951,-0.03250692944070599,-0.008818023138356926,-0.016919609041225726
-0.04437179488885716,-0.1398080082074649,-0.1033692188696864,0.08537282110994127,0.03028656754013238,-0.12310199581593591,0.08970425740656052,0.04733965482562133,0.03945295822054951,-0.03250692944070599,-0.008818023138356926,-0.016919609041225726
0.04813992477060292,-0.1079330840536174,-0.16969216701068032,0.014265199468391093,0.12254527930535916,-0.14222337357583117,0.06320661807803718,0.04733965482562133,0.05707367243776188,-0.012467748273224052,-0.008818023138356926,0.00867805741227402
0.07897716465708962,-0.1079330840536174,-0.20285364108117732,-0.0035117059419964504,0.15944876401144986,-0.16134475133572643,0.08970425740656052,0.04733965482562133,0.07469438665497424,0.027610614061739827,0.035625011641853686,0.05987339031927351
0.07897716465708962,-0.07605815989976988,-0.16969216701068032,-0.021288611352383992,0.14099702165840453,-0.12310199581593591,0.06320661807803718,0.04733965482562133,0.05707367243776188,0.027610614061739827,0.035625011641853686,0.05987339031927351
0.140651644430063,-0.012308311592074865,-0.16969216701068032,-0.09239623299393417,0.17790050636449523,-0.08485924029614537,0.010211339420990504,0.06628173779852578,0.07469438665497424,0.04764979522922177,0.10228956381216961,0.11106872322627301
0.1714888843165497,-0.012308311592074865,-0.20285364108117732,-0.1101731384043217,0.21480399107058593,-0.10398061805604064,0.010211339420990504,0.06628173779852578,0.09231510087218663,0.08772815756418564,0.14673259859238022,0.18786172258677225
0.2331633640895231,0.019566612561772643,-0.23601511515167428,-0.16350385463548434,0.270159218129722,-0.10398061805604064,-0.016286299907532834,0.10416590374433468,0.09231510087218663,0.14784570106663147,0.19117563337259083,0.23905705549377174
0.3256750837489832,0.051441536715620156,-0.3023380632926682,-0.2346114762770345,0.36241792989494875,-0.12310199581593591,-0.06928157856457952,0.10416590374433468,0.12755652930661138,0.18792406340159531,0.23561866815280144,0.2902523884007712
0.3873495635219566,0.11519138502331518,-0.3023380632926682,-0.30571909791858465,0.3993214146010395,-0.08485924029614537,-0.06928157856457952,0.10416590374433468,0.14517724352382377,0.20796324456907725,0.3022832203231174,0.36704538776127044
0.5415357629543901,0.14706630917716268,-0.43498395957465613,-0.41238053038090994,0.5653870957784477,-0.14222337357583117,-0.14877449655014954,0.08522382077143023,0.16279795774103614,0.2280024257365592,0.346726255103328,0.4438383871217697
0.5723730028408768,0.2108161574848577,-0.40182248550415917,-0.4657112466120725,0.5653870957784477,-0.08485924029614537,-0.14877449655014954,0.10416590374433468,0.1804186719582485,0.30815915040648695,0.3911692898835386,0.5718267193892684
0.6032102427273635,0.2745660057925527,-0.3686610114336622,-0.5190419628432351,0.5653870957784477,-0.046616484776354855,-0.17527213587867288,0.10416590374433468,0.21566010039267325,0.3482375127414508,0.4578338420538545,0.623022052296268
0.757396442159797,0.3383158541002477,-0.4681454336451531,-0.643480300715948,0.7130010346028105,-0.06573786253625012,-0.2547650538642429,0.10416590374433468,0.19803938617546088,0.3482375127414508,0.5022768768340652,0.6486197187497676
0.7882336820462836,0.3383158541002477,-0.5013069077156501,-0.6612572061263355,0.7499045193089012,-0.08485924029614537,-0.2547650538642429,0.10416590374433468,0.23328081460988562,0.3883158750764147,0.5467199116142758,0.7510103845637667
0.8807454017057437,0.40206570240794276,-0.5344683817861471,-0.7501417331782733,0.8237114887210827,-0.06573786253625012,-0.28126269319276626,0.08522382077143023,0.23328081460988562,0.4083550562438967,0.5467199116142758,0.7766080510172664
0.9732571213652038,0.40206570240794276,-0.633952803997638,-0.8034724494094359,0.9344219428393548,-0.12310199581593591,-0.3077603325212896,0.06628173779852578,0.23328081460988562,0.44843341857886054,0.6133844637845917,0.827803383924266
0.9424198814787171,0.4339406265617903,-0.567629855856644,-0.8034724494094359,0.8790667157802187,-0.06573786253625012,-0.33425797184981293,0.08522382077143023,0.2685222430443104,0.4885117809138244,0.635605981174697,0.8534010503777657
0.9115826415922305,0.4658155507156378,-0.5013069077156501,-0.8034724494094359,0.8237114887210827,-0.008373729256564336,-0.33425797184981293,0.10416590374433468,0.2861429572615227,0.5085509620813063,0.6800490159549076,0.9301940497382649
0.9115826415922305,0.5295653990233328,-0.43498395957465613,-0.8390262602302109,0.786808004014992,0.0681117817830167,-0.36075561117833627,0.10416590374433468,0.2861429572615227,0.5085509620813063,0.7022705333450129,0.9301940497382649
0.9115826415922305,0.5614403231771803,-0.40182248550415917,-0.8568031656405984,0.7683562616619466,0.10635453730280722,-0.33425797184981293,0.10416590374433468,0.3037636714787351,0.5686685055837521,0.7022705333450129,0.9557917161917647
0.9424198814787171,0.5295653990233328,-0.4681454336451531,-0.8568031656405984,0.8237114887210827,0.048990404023121444,-0.33425797184981293,0.10416590374433468,0.3037636714787351,0.5486293244162702,0.7244920507351182,0.9557917161917647
0.9424198814787171,0.5933152473310278,-0.40182248550415917,-0.8923569764613736,0.786808004014992,0.12547591506270248,-0.36075561117833627,0.08522382077143023,0.2861429572615227,0.4885117809138244,0.6800490159549076,0.9045963832847652
0.9424198814787171,0.5614403231771803,-0.43498395957465613,-0.874580071050986,0.8052597463680373,0.08723315954291197,-0.36075561117833627,0.04733965482562133,0.2685222430443104,0.4684725997463425,0.635605981174697,0.8534010503777657
0.9115826415922305,0.5295653990233328,-0.43498395957465613,-0.8390262602302109,0.786808004014992,0.0681117817830167,-0.3077603325212896,0.04733965482562133,0.250901528827098,0.4684725997463425,0.5911629463944864,0.8534010503777657
0.757396442159797,0.4976904748694853,-0.3023380632926682,-0.7145879223574981,0.6207423228375837,0.12547591506270248,-0.3077603325212896,0.08522382077143023,0.23328081460988562,0.4684725997463425,0.5911629463944864,0.7510103845637667
0.6957219623868235,0.4976904748694853,-0.23601511515167428,-0.679034111536723,0.5469353534254023,0.16371867058249298,-0.28126269319276626,0.08522382077143023,0.21566010039267325,0.4283942374113786,0.5244983942241704,0.6486197187497676
0.6032102427273635,0.4658155507156378,-0.16969216701068032,-0.6079264898951728,0.4546766416601755,0.18284004834238826,-0.22826741453571955,0.06628173779852578,0.21566010039267325,0.36827669390893275,0.48005535944395983,0.5974243858427681
0.6032102427273635,0.40206570240794276,-0.23601511515167428,-0.5723726790743978,0.49158012636626625,0.10635453730280722,-0.20176977520719622,0.06628173779852578,0.21566010039267325,0.3482375127414508,0.4133908072736439,0.5462290529357687
0.4181868034084433,0.3383158541002477,-0.1033692188696864,-0.43015743579129745,0.30706270283581266,0.14459729282259776,-0.12227685722162619,0.10416590374433468,0.19803938617546088,0.3281983315739689,0.3911692898835386,0.5206313864822689
0.35651232363546986,0.2745660057925527,-0.1033692188696864,-0.3590498141497473,0.270159218129722,0.10635453730280722,-0.09577921789310286,0.10416590374433468,0.19803938617546088,0.30815915040648695,0.3245047377132227,0.41824072066826995
0.35651232363546986,0.2426910816387052,-0.13653069294018336,-0.3412729087393597,0.28861096048276735,0.0681117817830167,-0.06928157856457952,0.08522382077143023,0.16279795774103614,0.2680807880715231,0.2800617029330121,0.315850054854271
0.2331633640895231,0.1789412333310102,-0.07020774479918943,-0.2346114762770345,0.17790050636449523,0.0681117817830167,-0.042783939236056175,0.08522382077143023,0.1804186719582485,0.2280024257365592,0.23561866815280144,0.2902523884007712
0.1714888843165497,0.14706630917716268,-0.03704627072869245,-0.18128076004587187,0.12254527930535916,0.0681117817830167,-0.016286299907532834,0.08522382077143023,0.14517724352382377,0.20796324456907725,0.19117563337259083,0.23905705549377174
0.07897716465708962,0.11519138502331518,0.029276677412301503,-0.1101731384043217,0.03028656754013238,0.08723315954291197,0.03670897874951384,0.10416590374433468,0.12755652930661138,0.16788488223411338,0.19117563337259083,0.18786172258677225
0.01730268488411623,0.051441536715620156,0.029276677412301503,-0.039065516762771535,-0.00661691716595833,0.048990404023121444,0.03670897874951384,0.10416590374433468,0.12755652930661138,0.14784570106663147,0.16895411598248553,0.13666638967977274
0.01730268488411623,-0.012308311592074865,-0.03704627072869245,-0.0035117059419964504,0.03028656754013238,-0.0274951070164596,0.06320661807803718,0.08522382077143023,0.109935815089399,0.08772815756418564,0.12451108120227491,0.08547105677277325
-0.013534555002370467,-0.044183235745922374,-0.03704627072869245,0.032042104878778635,0.011834825187087025,-0.046616484776354855,0.06320661807803718,0.06628173779852578,0.07469438665497424,0.08772815756418564,0.0800680464220643,0.05987339031927351
-0.04437179488885716,-0.07605815989976988,-0.03704627072869245,0.06759591569955371,-0.00661691716595833,-0.06573786253625012,0.08970425740656052,0.06628173779852578,0.07469438665497424,0.06768897639670371,0.05784652903195899,0.034275723865773766
-0.07520903477534385,-0.1079330840536174,-0.03704627072869245,0.1031497265203288,-0.025068659519003687,-0.08485924029614537,0.08970425740656052,0.04733965482562133,0.05707367243776188,0.06768897639670371,0.013403494251748381,-0.016919609041225726
-0.13688351454831724,-0.1079330840536174,0.029276677412301503,0.13870353734110388,-0.09887562893118511,-0.046616484776354855,0.11620189673508387,0.06628173779852578,0.05707367243776188,0.06768897639670371,0.013403494251748381,0.034275723865773766
-0.13688351454831724,-0.1079330840536174,0.029276677412301503,0.13870353734110388,-0.09887562893118511,-0.046616484776354855,0.11620189673508387,0.04733965482562133,0.03945295822054951,0.027610614061739827,0.013403494251748381,-0.042517275494725476
-0.13688351454831724,-0.1716829323613124,-0.03704627072869245,0.17425734816187896,-0.061972144225094394,-0.12310199581593591,0.11620189673508387,0.04733965482562133,0.021832244003337137,0.007571432894257888,-0.008818023138356926,-0.016919609041225726
-0.10604627466183056,-0.1398080082074649,-0.03704627072869245,0.13870353734110388,-0.043520401872049044,-0.10398061805604064,0.08970425740656052,0.028397571852716883,0.021832244003337137,-0.012467748273224052,-0.031039540528462233,-0.06811494194822522
-0.13688351454831724,-0.1716829323613124,-0.03704627072869245,0.17425734816187896,-0.061972144225094394,-0.12310199581593591,0.11620189673508387,0.028397571852716883,0.021832244003337137,-0.012467748273224052,-0.07548257530867285,-0.09371260840172496
-0.13688351454831724,-0.1716829323613124,-0.03704627072869245,0.17425734816187896,-0.061972144225094394,-0.12310199581593591,0.11620189673508387,0.028397571852716883,0.021832244003337137,-0.012467748273224052,-0.053261057918567535,-0.09371260840172496
-0.13688351454831724,-0.20355785651515992,-0.07020774479918943,0.1920342535722665,-0.043520401872049044,-0.16134475133572643,0.11620189673508387,0.04733965482562133,0.00421152978612476,0.007571432894257888,-0.07548257530867285,-0.06811494194822522
-0.22939523420777733,-0.20355785651515992,0.029276677412301503,0.24536496980342914,-0.1542308559903212,-0.10398061805604064,0.1426995360636072,0.06628173779852578,0.021832244003337137,-0.012467748273224052,-0.053261057918567535,-0.06811494194822522
-0.19855799432129065,-0.20355785651515992,-0.0038847966581954723,0.2275880643930416,-0.11732737128423046,-0.12310199581593591,0.1426995360636072,0.04733965482562133,0.021832244003337137,-0.03250692944070599,-0.053261057918567535,-0.09371260840172496
-0.19855799432129065,-0.20355785651515992,-0.0038847966581954723,0.2275880643930416,-0.11732737128423046,-0.12310199581593591,0.1426995360636072,0.04733965482562133,0.021832244003337137,-0.012467748273224052,-0.053261057918567535,-0.09371260840172496
-0.19855799432129065,-0.20355785651515992,-0.0038847966581954723,0.2275880643930416,-0.11732737128423046,-0.12310199581593591,0.1426995360636072,0.04733965482562133,0.00421152978612476,-0.03250692944070599,-0.07548257530867285,-0.09371260840172496
-0.13688351454831724,-0.20355785651515992,-0.07020774479918943,0.1920342535722665,-0.043520401872049044,-0.16134475133572643,0.11620189673508387,0.028397571852716883,0.00421152978612476,-0.03250692944070599,-0.09770409269877815,-0.1193102748552247
-0.13688351454831724,-0.20355785651515992,-0.07020774479918943,0.1920342535722665,-0.043520401872049044,-0.16134475133572643,0.11620189673508387,0.028397571852716883,0.00421152978612476,-0.05254611060818793,-0.11992561008888346,-0.1193102748552247
-0.19855799432129065,-0.20355785651515992,-0.0038847966581954723,0.2275880643930416,-0.11732737128423046,-0.12310199581593591,0.1426995360636072,0.028397571852716883,0.021832244003337137,-0.03250692944070599,-0.07548257530867285,-0.1193102748552247
-0.16772075443480394,-0.20355785651515992,-0.03704627072869245,0.20981115898265404,-0.08042388657813976,-0.14222337357583117,0.11620189673508387,0.028397571852716883,0.00421152978612476,-0.03250692944070599,-0.11992561008888346,-0.1193102748552247
-0.22939523420777733,-0.20355785651515992,0.029276677412301503,0.24536496980342914,-0.1542308559903212,-0.10398061805604064,0.1426995360636072,0.04733965482562133,0.021832244003337137,-0.012467748273224052,-0.09770409269877815,-0.1193102748552247
-0.16772075443480394,-0.20355785651515992,-0.03704627072869245,0.20981115898265404,-0.08042388657813976,-0.14222337357583117,0.1426995360636072,0.028397571852716883,0.021832244003337137,-0.012467748273224052,-0.07548257530867285,-0.1193102748552247
-0.26023247409426403,-0.20355785651515992,0.06243815148279847,0.26314187521381666,-0.1911343406964119,-0.08485924029614537,0.1426995360636072,0.04733965482562133,0.021832244003337137,0.007571432894257888,-0.07548257530867285,-0.06811494194822522
-0.16772075443480394,-0.20355785651515992,-0.03704627072869245,0.20981115898265404,-0.08042388657813976,-0.14222337357583117,0.11620189673508387,0.009455488879812434,0.00421152978612476,-0.03250692944070599,-0.09770409269877815,-0.1193102748552247
-0.16772075443480394,-0.1716829323613124,-0.0038847966581954723,0.1920342535722665,-0.09887562893118511,-0.10398061805604064,0.11620189673508387,0.028397571852716883,0.00421152978612476,-0.03250692944070599,-0.09770409269877815,-0.14490794130872445
-0.19855799432129065,-0.20355785651515992,-0.0038847966581954723,0.2275880643930416,-0.11732737128423046,-0.12310199581593591,0.1426995360636072,0.028397571852716883,0.00421152978612476,-0.03250692944070599,-0.09770409269877815,-0.14490794130872445
-0.16772075443480394,-0.20355785651515992,-0.03704627072869245,0.20981115898265404,-0.08042388657813976,-0.14222337357583117,0.11620189673508387,0.009455488879812434,0.00421152978612476,-0.03250692944070599,-0.11992561008888346,-0.1705056077622242
-0.26023247409426403,-0.20355785651515992,0.06243815148279847,0.26314187521381666,-0.1911343406964119,-0.08485924029614537,0.1426995360636072,0.04733965482562133,0.00421152978612476,-0.03250692944070599,-0.11992561008888346,-0.1705056077622242
-0.19855799432129065,-0.20355785651515992,-0.0038847966581954723,0.2275880643930416,-0.11732737128423046,-0.12310199581593591,0.11620189673508387,0.028397571852716883,-0.013409184431087615,-0.03250692944070599,-0.11992561008888346,-0.1705056077622242
-0.13688351454831724,-0.1716829323613124,-0.03704627072869245,0.17425734816187896,-0.061972144225094394,-0.12310199581593591,0.08970425740656052,0.04733965482562133,-0.013409184431087615,-0.07258529177566987,-0.14214712747898875,-0.19610327421572396
-0.19855799432129065,-0.1716829323613124,0.029276677412301503,0.20981115898265404,-0.13577911363727582,-0.08485924029614537,0.11620189673508387,0.028397571852716883,0.00421152978612476,-0.0926244729431518,-0.14214712747898875,-0.19610327421572396
-0.26023247409426403,-0.1398080082074649,0.12876109962379242,0.2275880643930416,-0.2280378254025026,-0.008373729256564336,0.1426995360636072,0.028397571852716883,0.021832244003337137,-0.05254611060818793,-0.11992561008888346,-0.1705056077622242
-0.22939523420777733,-0.1398080082074649,0.09559962555329544,0.20981115898265404,-0.1911343406964119,-0.0274951070164596,0.1426995360636072,0.028397571852716883,0.00421152978612476,-0.05254611060818793,-0.11992561008888346,-0.19610327421572396
-0.2910697139807507,-0.1716829323613124,0.12876109962379242,0.26314187521381666,-0.24648956775554795,-0.0274951070164596,0.16919717539213053,0.028397571852716883,0.021832244003337137,-0.05254611060818793,-0.11992561008888346,-0.1705056077622242
-0.19855799432129065,-0.1398080082074649,0.06243815148279847,0.1920342535722665,-0.1542308559903212,-0.046616484776354855,0.1426995360636072,0.009455488879812434,0.00421152978612476,-0.07258529177566987,-0.14214712747898875,-0.19610327421572396
-0.19855799432129065,-0.1716829323613124,0.029276677412301503,0.20981115898265404,-0.13577911363727582,-0.08485924029614537,0.1426995360636072,0.028397571852716883,-0.013409184431087615,-0.05254611060818793,-0.14214712747898875,-0.19610327421572396
-0.26023247409426403,-0.1398080082074649,0.12876109962379242,0.2275880643930416,-0.2280378254025026,-0.008373729256564336,0.1426995360636072,0.04733965482562133,0.00421152978612476,-0.05254611060818793,-0.14214712747898875,-0.1705056077622242
-0.22939523420777733,-0.1398080082074649,0.09559962555329544,0.20981115898265404,-0.1911343406964119,-0.0274951070164596,0.11620189673508387,0.028397571852716883,0.00421152978612476,-0.0926244729431518,-0.11992561008888346,-0.19610327421572396
-0.13688351454831724,-0.1398080082074649,-0.0038847966581954723,0.15648044275149142,-0.08042388657813976,-0.08485924029614537,0.11620189673508387,0.009455488879812434,-0.013409184431087615,-0.0926244729431518,-0.14214712747898875,-0.19610327421572396
-0.13688351454831724,-0.1398080082074649,-0.0038847966581954723,0.15648044275149142,-0.08042388657813976,-0.08485924029614537,0.11620189673508387,-0.009486594093092014,-0.031029898648299987,-0.0926244729431518,-0.14214712747898875,-0.2217009406692237
-0.19855799432129065,-0.1079330840536174,0.09559962555329544,0.17425734816187896,-0.17268259834336652,-0.008373729256564336,0.11620189673508387,-0.009486594093092014,-0.013409184431087615,-0.0926244729431518,-0.14214712747898875,-0.19610327421572396
-0.16772075443480394,-0.1398080082074649,0.029276677412301503,0.17425734816187896,-0.11732737128423046,-0.06573786253625012,0.11620189673508387,-0.009486594093092014,-0.013409184431087615,-0.11266365411063374,-0.14214712747898875,-0.19610327421572396
-0.19855799432129065,-0.1079330840536174,0.09559962555329544,0.17425734816187896,-0.17268259834336652,-0.008373729256564336,0.11620189673508387,0.009455488879812434,-0.013409184431087615,-0.11266365411063374,-0.11992561008888346,-0.14490794130872445
-0.19855799432129065,-0.1398080082074649,0.06243815148279847,0.1920342535722665,-0.1542308559903212,-0.046616484776354855,0.11620189673508387,0.009455488879812434,0.00421152978612476,-0.07258529177566987,-0.11992561008888346,-0.14490794130872445
-0.22939523420777733,-0.1079330840536174,0.12876109962379242,0.1920342535722665,-0.20958608304945725,-0.008373729256564336,0.11620189673508387,0.009455488879812434,-0.013409184431087615,-0.11266365411063374,-0.14214712747898875,-0.1705056077622242
-0.19855799432129065,-0.1079330840536174,0.09559962555329544,0.17425734816187896,-0.17268259834336652,-0.0274951070164596,0.08970425740656052,0.009455488879812434,-0.013409184431087615,-0.0926244729431518,-0.14214712747898875,-0.14490794130872445
-0.16772075443480394,-0.1079330840536174,0.06243815148279847,0.15648044275149142,-0.13577911363727582,-0.046616484776354855,0.06320661807803718,-0.009486594093092014,0.021832244003337137,-0.0926244729431518,-0.11992561008888346,-0.14490794130872445
-0.10604627466183056,-0.1079330840536174,-0.0038847966581954723,0.12092663193071634,-0.061972144225094394,-0.08485924029614537,0.08970425740656052,-0.009486594093092014,0.00421152978612476,-0.07258529177566987,-0.11992561008888346,-0.14490794130872445
-0.22939523420777733,-0.1079330840536174,0.12876109962379242,0.1920342535722665,-0.20958608304945725,-0.008373729256564336,0.08970425740656052,0.028397571852716883,0.021832244003337137,-0.07258529177566987,-0.11992561008888346,-0.14490794130872445
-0.13688351454831724,-0.1079330840536174,0.029276677412301503,0.13870353734110388,-0.09887562893118511,-0.06573786253625012,0.06320661807803718,0.009455488879812434,0.00421152978612476,-0.0926244729431518,-0.14214712747898875,-0.1193102748552247
-0.10604627466183056,-0.1398080082074649,-0.03704627072869245,0.13870353734110388,-0.043520401872049044,-0.12310199581593591,0.08970425740656052,0.009455488879812434,0.00421152978612476,-0.07258529177566987,-0.11992561008888346,-0.1193102748552247
-0.10604627466183056,-0.1398080082074649,-0.03704627072869245,0.13870353734110388,-0.043520401872049044,-0.12310199581593591,0.08970425740656052,-0.009486594093092014,0.00421152978612476,-0.0926244729431518,-0.11992561008888346,-0.1193102748552247
-0.13688351454831724,-0.1079330840536174,0.029276677412301503,0.13870353734110388,-0.09887562893118511,-0.06573786253625012,0.08970425740656052,-0.009486594093092014,0.00421152978612476,-0.05254611060818793,-0.11992561008888346,-0.14490794130872445
-0.13688351454831724,-0.1079330840536174,0.029276677412301503,0.13870353734110388,-0.09887562893118511,-0.06573786253625012,0.08970425740656052,0.009455488879812434,-0.013409184431087615,-0.05254611060818793,-0.11992561008888346,-0.09371260840172496
-0.10604627466183056,-0.1398080082074649,-0.03704627072869245,0.13870353734110388,-0.043520401872049044,-0.12310199581593591,0.06320661807803718,0.009455488879812434,0.00421152978612476,-0.05254611060818793,-0.09770409269877815,-0.09371260840172496
-0.13688351454831724,-0.1079330840536174,0.029276677412301503,0.13870353734110388,-0.09887562893118511,-0.06573786253625012,0.11620189673508387,0.009455488879812434,0.021832244003337137,-0.07258529177566987,-0.09770409269877815,-0.1193102748552247
-0.13688351454831724,-0.1079330840536174,0.029276677412301503,0.13870353734110388,-0.09887562893118511,-0.06573786253625012,0.08970425740656052,0.028397571852716883,0.00421152978612476,-0.07258529177566987,-0.09770409269877815,-0.1193102748552247
-0.13688351454831724,-0.1079330840536174,0.029276677412301503,0.13870353734110388,-0.09887562893118511,-0.06573786253625012,0.06320661807803718,0.009455488879812434,0.00421152978612476,-0.07258529177566987,-0.11992561008888346,-0.1193102748552247
-0.13688351454831724,-0.1398080082074649,-0.0038847966581954723,0.15648044275149142,-0.08042388657813976,-0.10398061805604064,0.08970425740656052,0.009455488879812434,0.021832244003337137,-0.07258529177566987,-0.11992561008888346,-0.09371260840172496
-0.16772075443480394,-0.1079330840536174,0.06243815148279847,0.15648044275149142,-0.13577911363727582,-0.046616484776354855,0.08970425740656052,0.009455488879812434,0.021832244003337137,-0.07258529177566987,-0.09770409269877815,-0.1193102748552247
-0.10604627466183056,-0.1079330840536174,-0.0038847966581954723,0.12092663193071634,-0.061972144225094394,-0.08485924029614537,0.06320661807803718,0.009455488879812434,0.00421152978612476,-0.07258529177566987,-0.09770409269877815,-0.14490794130872445
-0.13688351454831724,-0.1079330840536174,0.029276677412301503,0.13870353734110388,-0.09887562893118511,-0.06573786253625012,0.08970425740656052,0.009455488879812434,0.00421152978612476,-0.05254611060818793,-0.09770409269877815,-0.1193102748552247
-0.19855799432129065,-0.1398080082074649,0.06243815148279847,0.1920342535722665,-0.1542308559903212,-0.06573786253625012,0.08970425740656052,0.028397571852716883,0.00421152978612476,-0.05254611060818793,-0.09770409269877815,-0.09371260840172496
-0.19855799432129065,-0.1398080082074649,0.06243815148279847,0.1920342535722665,-0.1542308559903212,-0.06573786253625012,0.08970425740656052,0.028397571852716883,0.021832244003337137,-0.05254611060818793,-0.09770409269877815,-0.09371260840172496
-0.16772075443480394,-0.1079330840536174,0.06243815148279847,0.15648044275149142,-0.13577911363727582,-0.046616484776354855,0.06320661807803718,0.028397571852716883,0.00421152978612476,-0.05254611060818793,-0.09770409269877815,-0.09371260840172496
-0.13688351454831724,-0.1079330840536174,0.029276677412301503,0.12092663193071634,-0.09887562893118511,-0.06573786253625012,0.06320661807803718,0.028397571852716883,0.00421152978612476,-0.0926244729431518,-0.09770409269877815,-0.1193102748552247
-0.13688351454831724,-0.1398080082074649,-0.0038847966581954723,0.13870353734110388,-0.08042388657813976,-0.10398061805604064,0.08970425740656052,0.028397571852716883,0.00421152978612476,-0.07258529177566987,-0.09770409269877815,-0.1193102748552247
-0.13688351454831724,-0.1398080082074649,-0.0038847966581954723,0.13870353734110388,-0.08042388657813976,-0.10398061805604064,0.08970425740656052,0.028397571852716883,0.00421152978612476,-0.07258529177566987,-0.09770409269877815,-0.14490794130872445
-0.16772075443480394,-0.1398080082074649,0.029276677412301503,0.15648044275149142,-0.11732737128423046,-0.08485924029614537,0.11620189673508387,0.028397571852716883,0.00421152978612476,-0.07258529177566987,-0.11992561008888346,-0.1193102748552247
-0.22939523420777733,-0.1079330840536174,0.12876109962379242,0.17425734816187896,-0.20958608304945725,-0.008373729256564336,0.11620189673508387,0.04733965482562133,0.021832244003337137,-0.05254611060818793,-0.07548257530867285,-0.1193102748552247
-0.19855799432129065,-0.1398080082074649,0.06243815148279847,0.17425734816187896,-0.1542308559903212,-0.06573786253625012,0.11620189673508387,0.028397571852716883,0.00421152978612476,-0.05254611060818793,-0.11992561008888346,-0.1193102748552247
-0.16772075443480394,-0.1398080082074649,0.029276677412301503,0.15648044275149142,-0.11732737128423046,-0.08485924029614537,0.11620189673508387,0.028397571852716883,0.00421152978612476,-0.07258529177566987,-0.11992561008888346,-0.14490794130872445
-0.13688351454831724,-0.1716829323613124,-0.03704627072869245,0.15648044275149142,-0.061972144225094394,-0.14222337357583117,0.11620189673508387,0.028397571852716883,-0.013409184431087615,-0.07258529177566987,-0.11992561008888346,-0.1705056077622242
-0.13688351454831724,-0.1398080082074649,-0.0038847966581954723,0.13870353734110388,-0.08042388657813976,-0.10398061805604064,0.08970425740656052,0.009455488879812434,0.00421152978612476,-0.07258529177566987,-0.11992561008888346,-0.14490794130872445
-0.16772075443480394,-0.1398080082074649,0.029276677412301503,0.15648044275149142,-0.11732737128423046,-0.08485924029614537,0.11620189673508387,0.028397571852716883,0.00421152978612476,-0.05254611060818793,-0.14214712747898875,-0.14490794130872445
-0.16772075443480394,-0.1398080082074649,-0.0038847966581954723,0.15648044275149142,-0.11732737128423046,-0.08485924029614537,0.11620189673508387,0.028397571852716883,0.00421152978612476,-0.0926244729431518,-0.11992561008888346,-0.14490794130872445
-0.16772075443480394,-0.1398080082074649,-0.0038847966581954723,0.15648044275149142,-0.11732737128423046,-0.08485924029614537,0.08970425740656052,0.028397571852716883,-0.013409184431087615,-0.0926244729431518,-0.14214712747898875,-0.14490794130872445
-0.22939523420777733,-0.1398080082074649,0.06243815148279847,0.1920342535722665,-0.17268259834336652,-0.046616484776354855,0.11620189673508387,0.04733965482562133,0.00421152978612476,-0.05254611060818793,-0.09770409269877815,-0.1193102748552247
-0.19855799432129065,-0.1398080082074649,0.029276677412301503,0.17425734816187896,-0.13577911363727582,-0.06573786253625012,0.11620189673508387,0.028397571852716883,0.00421152978612476,-0.05254611060818793,-0.11992561008888346,-0.14490794130872445
-0.22939523420777733,-0.1398080082074649,0.06243815148279847,0.1920342535722665,-0.17268259834336652,-0.046616484776354855,0.11620189673508387,0.04733965482562133,0.00421152978612476,-0.05254611060818793,-0.11992561008888346,-0.14490794130872445
-0.19855799432129065,-0.1398080082074649,0.029276677412301503,0.17425734816187896,-0.13577911363727582,-0.06573786253625012,0.11620189673508387,0.028397571852716883,-0.013409184431087615,-0.07258529177566987,-0.16436864486909408,-0.14490794130872445
-0.16772075443480394,-0.1398080082074649,-0.0038847966581954723,0.15648044275149142,-0.08042388657813976,-0.08485924029614537,0.08970425740656052,0.028397571852716883,-0.013409184431087615,-0.0926244729431518,-0.14214712747898875,-0.1705056077622242
-0.13688351454831724,-0.1398080082074649,-0.0038847966581954723,0.15648044275149142,-0.08042388657813976,-0.10398061805604064,0.11620189673508387,0.009455488879812434,0.00421152978612476,-0.07258529177566987,-0.11992561008888346,-0.14490794130872445
-0.16772075443480394,-0.1398080082074649,0.029276677412301503,0.17425734816187896,-0.11732737128423046,-0.08485924029614537,0.11620189673508387,0.028397571852716883,0.021832244003337137,-0.07258529177566987,-0.11992561008888346,-0.14490794130872445
-0.19855799432129065,-0.1398080082074649,0.06243815148279847,0.1920342535722665,-0.1542308559903212,-0.06573786253625012,0.11620189673508387,0.028397571852716883,0.00421152978612476,-0.05254611060818793,-0.11992561008888346,-0.14490794130872445
-0.19855799432129065,-0.1716829323613124,0.029276677412301503,0.20981115898265404,-0.13577911363727582,-0.10398061805604064,0.11620189673508387,0.028397571852716883,0.021832244003337137,-0.05254611060818793,-0.11992561008888346,-0.14490794130872445
-0.13688351454831724,-0.1398080082074649,-0.0038847966581954723,0.15648044275149142,-0.08042388657813976,-0.10398061805604064,0.11620189673508387,0.028397571852716883,-0.013409184431087615,-0.0926244729431518,-0.11992561008888346,-0.1705056077622242
-0.13688351454831724,-0.1398080082074649,-0.0038847966581954723,0.15648044275149142,-0.08042388657813976,-0.10398061805604064,0.11620189673508387,0.009455488879812434,0.00421152978612476,-0.0926244729431518,-0.11992561008888346,-0.1705056077622242
-0.16772075443480394,-0.1079330840536174,0.06243815148279847,0.15648044275149142,-0.13577911363727582,-0.046616484776354855,0.11620189673508387,0.028397571852716883,0.00421152978612476,-0.0926244729431518,-0.14214712747898875,-0.1705056077622242
-0.13688351454831724,-0.1079330840536174,0.029276677412301503,0.13870353734110388,-0.09887562893118511,-0.06573786253625012,0.1426995360636072,0.009455488879812434,0.00421152978612476,-0.0926244729431518,-0.14214712747898875,-0.14490794130872445
-0.13688351454831724,-0.1079330840536174,0.029276677412301503,0.13870353734110388,-0.09887562893118511,-0.06573786253625012,0.1426995360636072,0.028397571852716883,0.00421152978612476,-0.0926244729431518,-0.14214712747898875,-0.1705056077622242
-0.10604627466183056,-0.07605815989976988,0.029276677412301503,0.1031497265203288,-0.061972144225094394,-0.046616484776354855,0.1426995360636072,0.009455488879812434,0.00421152978612476,-0.11266365411063374,-0.16436864486909408,-0.19610327421572396
-0.10604627466183056,-0.07605815989976988,0.029276677412301503,0.1031497265203288,-0.061972144225094394,-0.046616484776354855,0.11620189673508387,0.009455488879812434,0.00421152978612476,-0.0926244729431518,-0.14214712747898875,-0.1705056077622242
-0.16772075443480394,-0.07605815989976988,0.09559962555329544,0.13870353734110388,-0.13577911363727582,-0.008373729256564336,0.11620189673508387,0.028397571852716883,0.021832244003337137,-0.07258529177566987,-0.14214712747898875,-0.14490794130872445
-0.19855799432129065,-0.07605815989976988,0.12876109962379242,0.15648044275149142,-0.17268259834336652,0.010747648503330924,0.1426995360636072,0.028397571852716883,0.03945295822054951,-0.07258529177566987,-0.11992561008888346,-0.14490794130872445
-0.22939523420777733,-0.1079330840536174,0.12876109962379242,0.1920342535722665,-0.1911343406964119,-0.008373729256564336,0.1426995360636072,0.04733965482562133,0.021832244003337137,-0.07258529177566987,-0.14214712747898875,-0.14490794130872445
-0.13688351454831724,-0.07605815989976988,0.029276677412301503,0.12092663193071634,-0.09887562893118511,-0.0274951070164596,0.11620189673508387,0.009455488879812434,0.021832244003337137,-0.07258529177566987,-0.14214712747898875,-0.14490794130872445
-0.16772075443480394,-0.07605815989976988,0.06243815148279847,0.13870353734110388,-0.13577911363727582,-0.008373729256564336,0.1426995360636072,0.028397571852716883,0.00421152978612476,-0.07258529177566987,-0.14214712747898875,-0.1705056077622242
-0.22939523420777733,-0.1079330840536174,0.09559962555329544,0.1920342535722665,-0.1911343406964119,-0.008373729256564336,0.1426995360636072,0.028397571852716883,0.021832244003337137,-0.05254611060818793,-0.11992561008888346,-0.14490794130872445
-0.16772075443480394,-0.1079330840536174,0.029276677412301503,0.15648044275149142,-0.11732737128423046,-0.046616484776354855,0.16919717539213053,0.009455488879812434,0.00421152978612476,-0.03250692944070599,-0.11992561008888346,-0.14490794130872445
-0.19855799432129065,-0.1079330840536174,0.06243815148279847,0.17425734816187896,-0.1542308559903212,-0.0274951070164596,0.1426995360636072,0.028397571852716883,0.021832244003337137,-0.05254611060818793,-0.09770409269877815,-0.1193102748552247
-0.26023247409426403,-0.1079330840536174,0.12876109962379242,0.20981115898265404,-0.20958608304945725,-0.008373729256564336,0.11620189673508387,0.028397571852716883,0.03945295822054951,-0.03250692944070599,-0.09770409269877815,-0.1193102748552247
-0.26023247409426403,-0.1079330840536174,0.12876109962379242,0.20981115898265404,-0.20958608304945725,-0.008373729256564336,0.1426995360636072,0.028397571852716883,0.03945295822054951,-0.03250692944070599,-0.11992561008888346,-0.14490794130872445
-0.19855799432129065,-0.1079330840536174,0.06243815148279847,0.17425734816187896,-0.13577911363727582,-0.046616484776354855,0.11620189673508387,0.009455488879812434,0.021832244003337137,-0.0926244729431518,-0.11992561008888346,-0.14490794130872445
-0.19855799432129065,-0.1398080082074649,0.029276677412301503,0.1920342535722665,-0.11732737128423046,-0.08485924029614537,0.11620189673508387,0.009455488879812434,0.00421152978612476,-0.07258529177566987,-0.11992561008888346,-0.1705056077622242
-0.19855799432129065,-0.1079330840536174,0.06243815148279847,0.17425734816187896,-0.13577911363727582,-0.046616484776354855,0.11620189673508387,0.009455488879812434,0.00421152978612476,-0.0926244729431518,-0.11992561008888346,-0.19610327421572396
-0.19855799432129065,-0.1079330840536174,0.06243815148279847,0.17425734816187896,-0.13577911363727582,-0.046616484776354855,0.06320661807803718,0.009455488879812434,0.00421152978612476,-0.0926244729431518,-0.11992561008888346,-0.1705056077622242
-0.16772075443480394,-0.1079330840536174,0.029276677412301503,0.15648044275149142,-0.09887562893118511,-0.06573786253625012,0.08970425740656052,0.009455488879812434,0.00421152978612476,-0.11266365411063374,-0.14214712747898875,-0.1705056077622242
-0.19855799432129065,-0.1398080082074649,0.029276677412301503,0.1920342535722665,-0.11732737128423046,-0.08485924029614537,0.11620189673508387,0.028397571852716883,-0.013409184431087615,-0.07258529177566987,-0.14214712747898875,-0.1705056077622242
-0.22939523420777733,-0.1398080082074649,0.06243815148279847,0.20981115898265404,-0.1542308559903212,-0.06573786253625012,0.08970425740656052,0.009455488879812434,0.00421152978612476,-0.0926244729431518,-0.14214712747898875,-0.14490794130872445
-0.26023247409426403,-0.20355785651515992,0.029276677412301503,0.26314187521381666,-0.1542308559903212,-0.12310199581593591,0.11620189673508387,0.028397571852716883,-0.013409184431087615,-0.05254611060818793,-0.09770409269877815,-0.14490794130872445
-0.22939523420777733,-0.23543278066900744,-0.03704627072869245,0.26314187521381666,-0.09887562893118511,-0.1804661290956217,0.08970425740656052,0.009455488879812434,-0.013409184431087615,-0.05254611060818793,-0.11992561008888346,-0.14490794130872445
-0.19855799432129065,-0.20355785651515992,-0.03704627072869245,0.2275880643930416,-0.08042388657813976,-0.16134475133572643,0.06320661807803718,0.009455488879812434,-0.031029898648299987,-0.05254611060818793,-0.11992561008888346,-0.14490794130872445
-0.19855799432129065,-0.20355785651515992,-0.03704627072869245,0.2275880643930416,-0.08042388657813976,-0.16134475133572643,0.03670897874951384,0.028397571852716883,-0.031029898648299987,-0.07258529177566987,-0.14214712747898875,-0.14490794130872445
-0.16772075443480394,-0.20355785651515992,-0.07020774479918943,0.20981115898265404,-0.043520401872049044,-0.1804661290956217,0.06320661807803718,0.009455488879812434,-0.04865061286551236,-0.05254611060818793,-0.14214712747898875,-0.1705056077622242
-0.19855799432129065,-0.1716829323613124,-0.0038847966581954723,0.20981115898265404,-0.09887562893118511,-0.12310199581593591,0.08970425740656052,0.028397571852716883,-0.013409184431087615,-0.07258529177566987,-0.11992561008888346,-0.14490794130872445
-0.19855799432129065,-0.1398080082074649,0.029276677412301503,0.1920342535722665,-0.11732737128423046,-0.08485924029614537,0.08970425740656052,0.009455488879812434,-0.013409184431087615,-0.07258529177566987,-0.11992561008888346,-0.14490794130872445
-0.16772075443480394,-0.1398080082074649,-0.0038847966581954723,0.17425734816187896,-0.08042388657813976,-0.10398061805604064,0.08970425740656052,0.028397571852716883,-0.013409184431087615,-0.07258529177566987,-0.11992561008888346,-0.1705056077622242
-0.13688351454831724,-0.1398080082074649,-0.03704627072869245,0.15648044275149142,-0.043520401872049044,-0.12310199581593591,0.11620189673508387,0.009455488879812434,-0.013409184431087615,-0.0926244729431518,-0.14214712747898875,-0.1705056077622242
-0.19855799432129065,-0.07605815989976988,0.09559962555329544,0.15648044275149142,-0.1542308559903212,-0.008373729256564336,0.11620189673508387,0.028397571852716883,0.00421152978612476,-0.0926244729431518,-0.14214712747898875,-0.14490794130872445
-0.22939523420777733,-0.07605815989976988,0.12876109962379242,0.17425734816187896,-0.1911343406964119,0.010747648503330924,0.11620189673508387,0.028397571852716883,0.021832244003337137,-0.0926244729431518,-0.14214712747898875,-0.14490794130872445
-0.16772075443480394,-0.044183235745922374,0.09559962555329544,0.12092663193071634,-0.13577911363727582,0.010747648503330924,0.11620189673508387,-0.009486594093092014,0.00421152978612476,-0.0926244729431518,-0.16436864486909408,-0.1705056077622242
-0.16772075443480394,-0.044183235745922374,0.09559962555329544,0.12092663193071634,-0.13577911363727582,0.010747648503330924,0.11620189673508387,0.009455488879812434,0.00421152978612476,-0.0926244729431518,-0.14214712747898875,-0.1705056077622242
-0.16772075443480394,-0.044183235745922374,0.09559962555329544,0.12092663193071634,-0.13577911363727582,0.010747648503330924,0.1426995360636072,0.009455488879812434,0.00421152978612476,-0.0926244729431518,-0.14214712747898875,-0.19610327421572396
-0.07520903477534385,-0.044183235745922374,0.029276677412301503,0.08537282110994127,-0.061972144225094394,-0.0274951070164596,0.1426995360636072,-0.02842867706599646,0.00421152978612476,-0.0926244729431518,-0.16436864486909408,-0.19610327421572396
-0.13688351454831724,-0.07605815989976988,0.06243815148279847,0.13870353734110388,-0.11732737128423046,-0.0274951070164596,0.1426995360636072,0.009455488879812434,0.021832244003337137,-0.11266365411063374,-0.14214712747898875,-0.1705056077622242
-0.22939523420777733,-0.044183235745922374,0.19508404776478638,0.17425734816187896,-0.24648956775554795,0.0681117817830167,0.16919717539213053,0.009455488879812434,0.03945295822054951,-0.07258529177566987,-0.11992561008888346,-0.1193102748552247
-0.19855799432129065,-0.044183235745922374,0.16192257369428942,0.15648044275149142,-0.20958608304945725,0.048990404023121444,0.1426995360636072,0.009455488879812434,0.03945295822054951,-0.07258529177566987,-0.14214712747898875,-0.14490794130872445
-0.22939523420777733,-0.044183235745922374,0.19508404776478638,0.17425734816187896,-0.24648956775554795,0.0681117817830167,0.1426995360636072,0.028397571852716883,0.03945295822054951,-0.05254611060818793,-0.11992561008888346,-0.1193102748552247
-0.19855799432129065,-0.044183235745922374,0.16192257369428942,0.15648044275149142,-0.20958608304945725,0.048990404023121444,0.1426995360636072,0.04733965482562133,0.03945295822054951,-0.05254611060818793,-0.11992561008888346,-0.09371260840172496
-0.19855799432129065,-0.07605815989976988,0.12876109962379242,0.17425734816187896,-0.1911343406964119,0.010747648503330924,0.1426995360636072,0.04733965482562133,0.03945295822054951,-0.05254611060818793,-0.14214712747898875,-0.14490794130872445
-0.16772075443480394,-0.044183235745922374,0.12876109962379242,0.13870353734110388,-0.17268259834336652,0.029869026263226184,0.1426995360636072,0.028397571852716883,0.03945295822054951,-0.07258529177566987,-0.16436864486909408,-0.14490794130872445
-0.13688351454831724,-0.044183235745922374,0.09559962555329544,0.12092663193071634,-0.13577911363727582,0.010747648503330924,0.11620189673508387,0.028397571852716883,0.021832244003337137,-0.0926244729431518,-0.11992561008888346,-0.14490794130872445
-0.16772075443480394,-0.044183235745922374,0.12876109962379242,0.13870353734110388,-0.17268259834336652,0.029869026263226184,0.11620189673508387,0.028397571852716883,0.021832244003337137,-0.0926244729431518,-0.11992561008888346,-0.19610327421572396
-0.16772075443480394,-0.07605815989976988,0.09559962555329544,0.15648044275149142,-0.1542308559903212,-0.008373729256564336,0.08970425740656052,0.028397571852716883,0.00421152978612476,-0.0926244729431518,-0.14214712747898875,-0.19610327421572396
-0.13688351454831724,-0.07605815989976988,0.06243815148279847,0.13870353734110388,-0.11732737128423046,-0.0274951070164596,0.08970425740656052,-0.009486594093092014,0.00421152978612476,-0.11266365411063374,-0.16436864486909408,-0.1705056077622242
-0.16772075443480394,-0.07605815989976988,0.09559962555329544,0.15648044275149142,-0.1542308559903212,-0.008373729256564336,0.08970425740656052,0.028397571852716883,0.00421152978612476,-0.0926244729431518,-0.14214712747898875,-0.1705056077622242
-0.19855799432129065,-0.07605815989976988,0.12876109962379242,0.17425734816187896,-0.1911343406964119,0.010747648503330924,0.11620189673508387,0.028397571852716883,0.00421152978612476,-0.0926244729431518,-0.14214712747898875,-0.1705056077622242
-0.19855799432129065,-0.07605815989976988,0.12876109962379242,0.17425734816187896,-0.1911343406964119,0.010747648503330924,0.11620189673508387,0.04733965482562133,0.021832244003337137,-0.07258529177566987,-0.11992561008888346,-0.19610327421572396
-0.19855799432129065,-0.1079330840536174,0.09559962555329544,0.1920342535722665,-0.17268259834336652,-0.0274951070164596,0.11620189673508387,0.028397571852716883,0.00421152978612476,-0.05254611060818793,-0.11992561008888346,-0.1705056077622242
-0.13688351454831724,-0.07605815989976988,0.06243815148279847,0.13870353734110388,-0.11732737128423046,-0.0274951070164596,0.08970425740656052,0.009455488879812434,-0.013409184431087615,-0.11266365411063374,-0.14214712747898875,-0.19610327421572396
-0.19855799432129065,-0.07605815989976988,0.12876109962379242,0.17425734816187896,-0.1911343406964119,0.010747648503330924,0.11620189673508387,0.028397571852716883,0.00421152978612476,-0.11266365411063374,-0.11992561008888346,-0.1705056077622242
-0.22939523420777733,-0.1079330840536174,0.12876109962379242,0.20981115898265404,-0.20958608304945725,-0.008373729256564336,0.11620189673508387,0.04733965482562133,0.021832244003337137,-0.0926244729431518,-0.09770409269877815,-0.14490794130872445
-0.19855799432129065,-0.1079330840536174,0.09559962555329544,0.1920342535722665,-0.17268259834336652,-0.0274951070164596,0.11620189673508387,0.04733965482562133,0.021832244003337137,-0.07258529177566987,-0.11992561008888346,-0.14490794130872445
-0.22939523420777733,-0.1079330840536174,0.12876109962379242,0.20981115898265404,-0.20958608304945725,-0.008373729256564336,0.11620189673508387,0.04733965482562133,0.021832244003337137,-0.07258529177566987,-0.11992561008888346,-0.1705056077622242
-0.19855799432129065,-0.1079330840536174,0.09559962555329544,0.1920342535722665,-0.17268259834336652,-0.0274951070164596,0.11620189673508387,0.04733965482562133,0.03945295822054951,-0.07258529177566987,-0.11992561008888346,-0.14490794130872445
-0.16772075443480394,-0.1079330840536174,0.06243815148279847,0.17425734816187896,-0.13577911363727582,-0.046616484776354855,0.08970425740656052,0.028397571852716883,0.00421152978612476,-0.0926244729431518,-0.11992561008888346,-0.14490794130872445
-0.13688351454831724,-0.1079330840536174,0.029276677412301503,0.15648044275149142,-0.09887562893118511,-0.06573786253625012,0.08970425740656052,0.028397571852716883,0.00421152978612476,-0.11266365411063374,-0.14214712747898875,-0.14490794130872445
-0.13688351454831724,-0.1079330840536174,0.029276677412301503,0.15648044275149142,-0.09887562893118511,-0.06573786253625012,0.08970425740656052,0.028397571852716883,0.00421152978612476,-0.11266365411063374,-0.14214712747898875,-0.19610327421572396
-0.16772075443480394,-0.1398080082074649,0.029276677412301503,0.1920342535722665,-0.11732737128423046,-0.08485924029614537,0.08970425740656052,0.04733965482562133,0.00421152978612476,-0.0926244729431518,-0.11992561008888346,-0.1705056077622242
-0.16772075443480394,-0.1079330840536174,0.06243815148279847,0.17425734816187896,-0.13577911363727582,-0.046616484776354855,0.08970425740656052,0.04733965482562133,0.021832244003337137,-0.0926244729431518,-0.14214712747898875,-0.14490794130872445
-0.16772075443480394,-0.1079330840536174,0.06243815148279847,0.17425734816187896,-0.13577911363727582,-0.046616484776354855,0.08970425740656052,0.04733965482562133,-0.013409184431087615,-0.0926244729431518,-0.14214712747898875,-0.14490794130872445
-0.13688351454831724,-0.1079330840536174,0.029276677412301503,0.15648044275149142,-0.08042388657813976,-0.06573786253625012,0.08970425740656052,0.04733965482562133,0.021832244003337137,-0.0926244729431518,-0.14214712747898875,-0.1705056077622242
-0.16772075443480394,-0.1398080082074649,0.029276677412301503,0.1920342535722665,-0.09887562893118511,-0.08485924029614537,0.08970425740656052,0.04733965482562133,0.021832244003337137,-0.07258529177566987,-0.14214712747898875,-0.1705056077622242
-0.13688351454831724,-0.1716829323613124,-0.03704627072869245,0.1920342535722665,-0.043520401872049044,-0.14222337357583117,0.08970425740656052,0.04733965482562133,0.00421152978612476,-0.07258529177566987,-0.14214712747898875,-0.14490794130872445
-0.10604627466183056,-0.1398080082074649,-0.03704627072869245,0.15648044275149142,-0.025068659519003687,-0.12310199581593591,0.11620189673508387,0.04733965482562133,0.00421152978612476,-0.0926244729431518,-0.14214712747898875,-0.1705056077622242
-0.10604627466183056,-0.1716829323613124,-0.07020774479918943,0.17425734816187896,-0.00661691716595833,-0.16134475133572643,0.08970425740656052,0.04733965482562133,0.00421152978612476,-0.0926244729431518,-0.14214712747898875,-0.1705056077622242
-0.16772075443480394,-0.1716829323613124,-0.0038847966581954723,0.20981115898265404,-0.08042388657813976,-0.12310199581593591,0.11620189673508387,0.06628173779852578,0.021832244003337137,-0.07258529177566987,-0.11992561008888346,-0.14490794130872445
-0.10604627466183056,-0.1716829323613124,-0.07020774479918943,0.17425734816187896,-0.00661691716595833,-0.16134475133572643,0.08970425740656052,0.028397571852716883,0.00421152978612476,-0.07258529177566987,-0.11992561008888346,-0.1705056077622242
-0.26023247409426403,-0.1716829323613124,0.09559962555329544,0.26314187521381666,-0.1911343406964119,-0.06573786253625012,0.1426995360636072,0.06628173779852578,0.021832244003337137,-0.07258529177566987,-0.09770409269877815,-0.1705056077622242
-0.13688351454831724,-0.1716829323613124,-0.03704627072869245,0.1920342535722665,-0.043520401872049044,-0.14222337357583117,0.11620189673508387,0.06628173779852578,0.021832244003337137,-0.05254611060818793,-0.09770409269877815,-0.14490794130872445
-0.13688351454831724,-0.1716829323613124,-0.03704627072869245,0.1920342535722665,-0.043520401872049044,-0.14222337357583117,0.11620189673508387,0.04733965482562133,0.00421152978612476,-0.07258529177566987,-0.11992561008888346,-0.14490794130872445
-0.13688351454831724,-0.1716829323613124,-0.03704627072869245,0.1920342535722665,-0.043520401872049044,-0.14222337357583117,0.11620189673508387,0.04733965482562133,0.021832244003337137,-0.0926244729431518,-0.11992561008888346,-0.1705056077622242
-0.16772075443480394,-0.1398080082074649,0.029276677412301503,0.1920342535722665,-0.09887562893118511,-0.08485924029614537,0.11620189673508387,0.06628173779852578,0.021832244003337137,-0.07258529177566987,-0.09770409269877815,-0.14490794130872445
-0.13688351454831724,-0.1716829323613124,-0.03704627072869245,0.1920342535722665,-0.043520401872049044,-0.14222337357583117,0.08970425740656052,0.06628173779852578,0.021832244003337137,-0.07258529177566987,-0.09770409269877815,-0.14490794130872445
-0.10604627466183056,-0.1716829323613124,-0.07020774479918943,0.17425734816187896,-0.00661691716595833,-0.16134475133572643,0.08970425740656052,0.06628173779852578,0.021832244003337137,-0.07258529177566987,-0.09770409269877815,-0.1705056077622242
-0.16772075443480394,-0.1716829323613124,-0.0038847966581954723,0.20981115898265404,-0.08042388657813976,-0.12310199581593591,0.11620189673508387,0.06628173779852578,0.021832244003337137,-0.05254611060818793,-0.09770409269877815,-0.1705056077622242
-0.13688351454831724,-0.1398080082074649,-0.0038847966581954723,0.17425734816187896,-0.061972144225094394,-0.10398061805604064,0.11620189673508387,0.04733965482562133,0.00421152978612476,-0.07258529177566987,-0.11992561008888346,-0.14490794130872445
-0.19855799432129065,-0.1398080082074649,0.06243815148279847,0.20981115898265404,-0.13577911363727582,-0.06573786253625012,0.11620189673508387,0.06628173779852578,0.021832244003337137,-0.07258529177566987,-0.09770409269877815,-0.1705056077622242
-0.16772075443480394,-0.1398080082074649,0.029276677412301503,0.1920342535722665,-0.09887562893118511,-0.08485924029614537,0.11620189673508387,0.06628173779852578,0.021832244003337137,-0.07258529177566987,-0.09770409269877815,-0.1705056077622242
-0.16772075443480394,-0.1398080082074649,0.029276677412301503,0.17425734816187896,-0.09887562893118511,-0.08485924029614537,0.11620189673508387,0.04733965482562133,0.00421152978612476,-0.07258529177566987,-0.11992561008888346,-0.1705056077622242
-0.16772075443480394,-0.1716829323613124,-0.0038847966581954723,0.1920342535722665,-0.08042388657813976,-0.12310199581593591,0.1426995360636072,0.04733965482562133,0.021832244003337137,-0.05254611060818793,-0.09770409269877815,-0.14490794130872445
-0.13688351454831724,-0.1716829323613124,-0.03704627072869245,0.17425734816187896,-0.043520401872049044,-0.14222337357583117,0.11620189673508387,0.06628173779852578,0.00421152978612476,-0.07258529177566987,-0.09770409269877815,-0.1705056077622242
-0.19855799432129065,-0.1398080082074649,0.06243815148279847,0.1920342535722665,-0.13577911363727582,-0.06573786253625012,0.11620189673508387,0.06628173779852578,0.021832244003337137,-0.07258529177566987,-0.09770409269877815,-0.14490794130872445
-0.13688351454831724,-0.1398080082074649,-0.0038847966581954723,0.15648044275149142,-0.061972144225094394,-0.10398061805604064,0.11620189673508387,0.04733965482562133,0.00421152978612476,-0.07258529177566987,-0.09770409269877815,-0.14490794130872445
-0.16772075443480394,-0.1398080082074649,0.029276677412301503,0.17425734816187896,-0.09887562893118511,-0.08485924029614537,0.11620189673508387,0.04733965482562133,0.021832244003337137,-0.05254611060818793,-0.11992561008888346,-0.14490794130872445
-0.16772075443480394,-0.1398080082074649,0.029276677412301503,0.17425734816187896,-0.09887562893118511,-0.08485924029614537,0.11620189673508387,0.04733965482562133,0.021832244003337137,-0.07258529177566987,-0.11992561008888346,-0.1193102748552247
-0.22939523420777733,-0.1398080082074649,0.09559962555329544,0.20981115898265404,-0.17268259834336652,-0.046616484776354855,0.1426995360636072,0.04733965482562133,0.021832244003337137,-0.07258529177566987,-0.09770409269877815,-0.1193102748552247
-0.19855799432129065,-0.1716829323613124,0.029276677412301503,0.20981115898265404,-0.11732737128423046,-0.10398061805604064,0.11620189673508387,0.04733965482562133,0.021832244003337137,-0.05254611060818793,-0.09770409269877815,-0.1193102748552247
-0.13688351454831724,-0.1398080082074649,-0.0038847966581954723,0.15648044275149142,-0.061972144225094394,-0.10398061805604064,0.08970425740656052,0.028397571852716883,0.00421152978612476,-0.0926244729431518,-0.09770409269877815,-0.1193102748552247
-0.16772075443480394,-0.1079330840536174,0.06243815148279847,0.15648044275149142,-0.11732737128423046,-0.046616484776354855,0.11620189673508387,0.04733965482562133,0.03945295822054951,-0.07258529177566987,-0.07548257530867285,-0.09371260840172496
-0.16772075443480394,-0.07605815989976988,0.09559962555329544,0.13870353734110388,-0.13577911363727582,-0.008373729256564336,0.11620189673508387,0.08522382077143023,0.05707367243776188,-0.012467748273224052,-0.053261057918567535,-0.06811494194822522
-0.07520903477534385,0.051441536715620156,0.12876109962379242,0.014265199468391093,-0.09887562893118511,0.08723315954291197,0.1426995360636072,0.10416590374433468,0.05707367243776188,-0.012467748273224052,-0.053261057918567535,-0.016919609041225726
-0.04437179488885716,0.14706630917716268,0.19508404776478638,-0.056842422173159074,-0.11732737128423046,0.18284004834238826,0.1426995360636072,0.10416590374433468,0.109935815089399,0.007571432894257888,-0.031039540528462233,-0.016919609041225726
-0.10604627466183056,0.2108161574848577,0.3277299440467743,-0.056842422173159074,-0.2280378254025026,0.29756831490175983,0.16919717539213053,0.10416590374433468,0.12755652930661138,0.007571432894257888,-0.031039540528462233,-0.016919609041225726
-0.07520903477534385,0.1789412333310102,0.2614069959057803,-0.056842422173159074,-0.17268259834336652,0.2593255593819693,0.16919717539213053,0.14205006969014358,0.12755652930661138,0.007571432894257888,-0.031039540528462233,-0.016919609041225726
-0.07520903477534385,0.2426910816387052,0.3277299440467743,-0.09239623299393417,-0.20958608304945725,0.33581107042155034,0.24869009337770057,0.16099215266304803,0.14517724352382377,0.06768897639670371,0.013403494251748381,0.00867805741227402
-0.013534555002370467,0.2108161574848577,0.22824552183528335,-0.1101731384043217,-0.11732737128423046,0.2593255593819693,0.1426995360636072,0.17993423563595248,0.12755652930661138,0.04764979522922177,0.013403494251748381,-0.042517275494725476
-0.013534555002370467,0.2745660057925527,0.2945684699762773,-0.1457269492250968,-0.1542308559903212,0.33581107042155034,0.1956948147206539,0.19887631860885693,0.1804186719582485,0.08772815756418564,0.035625011641853686,0.00867805741227402
-0.013534555002370467,0.2426910816387052,0.2614069959057803,-0.12795004381470923,-0.13577911363727582,0.29756831490175983,0.16919717539213053,0.16099215266304803,0.14517724352382377,0.06768897639670371,0.013403494251748381,0.00867805741227402
-0.07520903477534385,0.2745660057925527,0.36089141811727127,-0.1101731384043217,-0.2280378254025026,0.37405382594134085,0.11620189673508387,0.12310798671723913,0.12755652930661138,0.06768897639670371,0.013403494251748381,0.00867805741227402
-0.10604627466183056,0.2426910816387052,0.36089141811727127,-0.07461932758354661,-0.24648956775554795,0.3549324481814456,0.08970425740656052,0.08522382077143023,0.109935815089399,0.04764979522922177,-0.008818023138356926,-0.016919609041225726
-0.04437179488885716,0.14706630917716268,0.19508404776478638,-0.056842422173159074,-0.11732737128423046,0.20196142610228351,0.03670897874951384,0.06628173779852578,0.09231510087218663,0.027610614061739827,-0.053261057918567535,-0.042517275494725476
-0.013534555002370467,0.11519138502331518,0.12876109962379242,-0.056842422173159074,-0.061972144225094394,0.14459729282259776,0.06320661807803718,0.06628173779852578,0.07469438665497424,0.007571432894257888,-0.031039540528462233,-0.06811494194822522
-0.013534555002370467,0.11519138502331518,0.12876109962379242,-0.056842422173159074,-0.061972144225094394,0.14459729282259776,0.010211339420990504,0.028397571852716883,0.05707367243776188,0.007571432894257888,-0.053261057918567535,-0.042517275494725476
0.01730268488411623,0.11519138502331518,0.09559962555329544,-0.07461932758354661,-0.025068659519003687,0.12547591506270248,0.06320661807803718,0.08522382077143023,0.07469438665497424,0.027610614061739827,-0.031039540528462233,0.00867805741227402
-0.013534555002370467,0.08331646086946766,0.09559962555329544,-0.039065516762771535,-0.043520401872049044,0.10635453730280722,0.010211339420990504,0.08522382077143023,0.07469438665497424,0.027610614061739827,-0.008818023138356926,0.034275723865773766
-0.07520903477534385,0.051441536715620156,0.12876109962379242,0.014265199468391093,-0.09887562893118511,0.10635453730280722,0.06320661807803718,0.08522382077143023,0.07469438665497424,0.007571432894257888,-0.031039540528462233,0.00867805741227402
-0.07520903477534385,0.019566612561772643,0.09559962555329544,0.014265199468391093,-0.08042388657813976,0.0681117817830167,0.08970425740656052,0.06628173779852578,0.021832244003337137,-0.012467748273224052,-0.053261057918567535,-0.06811494194822522
-0.10604627466183056,-0.07605815989976988,0.029276677412301503,0.08537282110994127,-0.061972144225094394,-0.008373729256564336,0.08970425740656052,0.028397571852716883,0.021832244003337137,-0.05254611060818793,-0.09770409269877815,-0.1193102748552247
-0.19855799432129065,-0.1079330840536174,0.09559962555329544,0.13870353734110388,-0.1542308559903212,0.010747648503330924,0.08970425740656052,-0.009486594093092014,0.00421152978612476,-0.11266365411063374,-0.14214712747898875,-0.14490794130872445
-0.22939523420777733,-0.07605815989976988,0.12876109962379242,0.15648044275149142,-0.20958608304945725,0.029869026263226184,0.11620189673508387,-0.009486594093092014,0.00421152978612476,-0.11266365411063374,-0.14214712747898875,-0.14490794130872445
-0.16772075443480394,-0.1398080082074649,-0.03704627072869245,0.17425734816187896,-0.08042388657813976,-0.10398061805604064,0.06320661807803718,0.009455488879812434,-0.013409184431087615,-0.11266365411063374,-0.14214712747898875,-0.14490794130872445
-0.19855799432129065,-0.1716829323613124,-0.03704627072869245,0.20981115898265404,-0.09887562893118511,-0.12310199581593591,0.08970425740656052,0.028397571852716883,-0.013409184431087615,-0.11266365411063374,-0.16436864486909408,-0.1705056077622242
-0.26023247409426403,-0.20355785651515992,-0.0038847966581954723,0.26314187521381666,-0.1542308559903212,-0.12310199581593591,0.11620189673508387,0.028397571852716883,-0.013409184431087615,-0.11266365411063374,-0.14214712747898875,-0.2217009406692237
-0.26023247409426403,-0.20355785651515992,-0.0038847966581954723,0.26314187521381666,-0.1542308559903212,-0.12310199581593591,0.11620189673508387,0.009455488879812434,-0.031029898648299987,-0.17278119761307958,-0.1865901622591994,-0.2728962735762232
-0.26023247409426403,-0.26730770482285493,-0.07020774479918943,0.29869568603459173,-0.11732737128423046,-0.19958750685551696,0.11620189673508387,0.009455488879812434,-0.06627132708272473,-0.17278119761307958,-0.1865901622591994,-0.2728962735762232
-0.2910697139807507,-0.26730770482285493,-0.03704627072869245,0.3164725914449793,-0.1542308559903212,-0.1804661290956217,0.11620189673508387,0.009455488879812434,-0.06627132708272473,-0.17278119761307958,-0.1865901622591994,-0.2728962735762232
-0.26023247409426403,-0.26730770482285493,-0.07020774479918943,0.29869568603459173,-0.11732737128423046,-0.19958750685551696,0.1426995360636072,-0.009486594093092014,-0.06627132708272473,-0.17278119761307958,-0.2088116796493047,-0.2728962735762232
-0.2910697139807507,-0.23543278066900744,-0.0038847966581954723,0.29869568603459173,-0.17268259834336652,-0.12310199581593591,0.1426995360636072,-0.009486594093092014,-0.031029898648299987,-0.17278119761307958,-0.23103319703941,-0.24729860712272345
-0.32190695386723744,-0.26730770482285493,-0.0038847966581954723,0.33424949685536687,-0.1911343406964119,-0.14222337357583117,0.11620189673508387,-0.02842867706599646,-0.031029898648299987,-0.17278119761307958,-0.2088116796493047,-0.24729860712272345
-0.2910697139807507,-0.23543278066900744,-0.0038847966581954723,0.29869568603459173,-0.17268259834336652,-0.10398061805604064,0.08970425740656052,-0.02842867706599646,-0.04865061286551236,-0.17278119761307958,-0.23103319703941,-0.2728962735762232
-0.2910697139807507,-0.23543278066900744,-0.0038847966581954723,0.29869568603459173,-0.17268259834336652,-0.10398061805604064,0.11620189673508387,-0.02842867706599646,-0.031029898648299987,-0.17278119761307958,-0.23103319703941,-0.2728962735762232
-0.2910697139807507,-0.26730770482285493,-0.03704627072869245,0.3164725914449793,-0.1542308559903212,-0.14222337357583117,0.11620189673508387,-0.02842867706599646,-0.031029898648299987,-0.19282037878056152,-0.2532547144295153,-0.2728962735762232
-0.32190695386723744,-0.26730770482285493,-0.0038847966581954723,0.33424949685536687,-0.1911343406964119,-0.12310199581593591,0.1426995360636072,-0.02842867706599646,-0.031029898648299987,-0.17278119761307958,-0.23103319703941,-0.2728962735762232
-0.2910697139807507,-0.20355785651515992,0.029276677412301503,0.2809187806242042,-0.1911343406964119,-0.06573786253625012,0.11620189673508387,-0.04737076003890091,-0.06627132708272473,-0.19282037878056152,-0.2532547144295153,-0.29849394002972296
-0.2910697139807507,-0.20355785651515992,0.029276677412301503,0.2809187806242042,-0.1911343406964119,-0.06573786253625012,0.08970425740656052,-0.04737076003890091,-0.031029898648299987,-0.17278119761307958,-0.2754762318196206,-0.29849394002972296
-0.2910697139807507,-0.20355785651515992,0.029276677412301503,0.2809187806242042,-0.1911343406964119,-0.06573786253625012,0.11620189673508387,-0.04737076003890091,-0.031029898648299987,-0.17278119761307958,-0.2532547144295153,-0.2728962735762232
-0.32190695386723744,-0.20355785651515992,0.06243815148279847,0.29869568603459173,-0.2280378254025026,-0.046616484776354855,0.1426995360636072,-0.02842867706599646,-0.031029898648299987,-0.17278119761307958,-0.23103319703941,-0.2728962735762232
-0.2910697139807507,-0.23543278066900744,-0.0038847966581954723,0.29869568603459173,-0.17268259834336652,-0.10398061805604064,0.11620189673508387,-0.02842867706599646,-0.031029898648299987,-0.17278119761307958,-0.23103319703941,-0.29849394002972296
-0.2910697139807507,-0.20355785651515992,0.029276677412301503,0.2809187806242042,-0.1911343406964119,-0.06573786253625012,0.11620189673508387,-0.02842867706599646,-0.031029898648299987,-0.17278119761307958,-0.2532547144295153,-0.29849394002972296
-0.22939523420777733,-0.20355785651515992,-0.03704627072869245,0.24536496980342914,-0.11732737128423046,-0.10398061805604064,0.08970425740656052,-0.02842867706599646,-0.031029898648299987,-0.19282037878056152,-0.23103319703941,-0.29849394002972296
-0.2910697139807507,-0.1716829323613124,0.06243815148279847,0.26314187521381666,-0.20958608304945725,-0.0274951070164596,0.11620189673508387,-0.02842867706599646,-0.013409184431087615,-0.17278119761307958,-0.23103319703941,-0.2728962735762232
-0.2910697139807507,-0.20355785651515992,0.029276677412301503,0.2809187806242042,-0.1911343406964119,-0.06573786253625012,0.11620189673508387,-0.009486594093092014,-0.013409184431087615,-0.15274201644559762,-0.2088116796493047,-0.2728962735762232
-0.26023247409426403,-0.1716829323613124,0.029276677412301503,0.24536496980342914,-0.17268259834336652,-0.046616484776354855,0.1426995360636072,-0.009486594093092014,-0.04865061286551236,-0.15274201644559762,-0.2088116796493047,-0.24729860712272345
-0.19855799432129065,-0.1716829323613124,-0.03704627072869245,0.20981115898265404,-0.09887562893118511,-0.08485924029614537,0.11620189673508387,0.009455488879812434,-0.013409184431087615,-0.17278119761307958,-0.2088116796493047,-0.2728962735762232
-0.22939523420777733,-0.1398080082074649,0.06243815148279847,0.20981115898265404,-0.1542308559903212,-0.0274951070164596,0.11620189673508387,-0.009486594093092014,-0.031029898648299987,-0.15274201644559762,-0.23103319703941,-0.2728962735762232
-0.2910697139807507,-0.1716829323613124,0.09559962555329544,0.26314187521381666,-0.20958608304945725,-0.0274951070164596,0.1426995360636072,0.009455488879812434,-0.013409184431087615,-0.1327028352781157,-0.2088116796493047,-0.2217009406692237
-0.3527441937537241,-0.1398080082074649,0.19508404776478638,0.2809187806242042,-0.30184479481468407,0.048990404023121444,0.16919717539213053,0.028397571852716883,0.00421152978612476,-0.07258529177566987,-0.1865901622591994,-0.19610327421572396
-0.4760931532996709,0.019566612561772643,0.49353731439925913,0.26314187521381666,-0.5417174454042737,0.3166896926616551,0.3281830113632706,0.21781840158176138,0.12755652930661138,0.007571432894257888,-0.11992561008888346,-0.1705056077622242
-0.4452559134131842,0.1789412333310102,0.626183210681247,0.15648044275149142,-0.5970726724634098,0.4887820925007124,0.43417356867736395,0.40723923131080586,0.21566010039267325,0.04764979522922177,-0.11992561008888346,-0.19610327421572396
-0.13688351454831724,0.051441536715620156,0.16192257369428942,0.049819010289166174,-0.1542308559903212,0.14459729282259776,0.3811782900203173,0.48300756320242366,0.2861429572615227,0.1278065198991495,0.05784652903195899,0.00867805741227402
0.3873495635219566,-0.1079330840536174,-0.567629855856644,-0.16350385463548434,0.5653870957784477,-0.3716799066945743,0.1426995360636072,0.4261813142837103,0.3037636714787351,0.30815915040648695,0.3911692898835386,0.41824072066826995
1.0966060809111504,-0.20355785651515992,-1.4298281816895655,-0.5190419628432351,1.46952247107767,-0.9261998617315368,-0.09577921789310286,0.6534863099585636,0.5680743847369207,0.8291778607610174,1.0355932941965924,1.339756712994261
1.8983743179598045,0.08331646086946766,-1.993573240888014,-1.141233652206799,2.2629473922586203,-1.0791708838106988,-0.33425797184981293,0.9755017204979393,0.955730097515593,1.4704316581204395,1.9022324724106994,2.4660540369482495
2.6076308353489988,0.4658155507156378,-2.3583494556634808,-1.763425341570363,2.890306632262163,-1.0600495060508037,-0.7582202011061864,0.5777179780669459,0.9909715259500177,1.8110977379676325,2.457770407163332,3.259581697006742
3.1935383931922456,0.8164397164079604,-2.6236412482274565,-2.296732503881989,3.388503675794387,-1.0026853727711178,-1.3676659056622233,-0.3125599216595632,0.6561779558229827,1.7509801944651866,2.5022134419435424,3.6179490273557384
3.409399072397653,0.9439394130233504,-2.7231256704389475,-2.4922784633962523,3.573021099324841,-0.9835639950112226,-1.7916281349185967,-0.93764865976541,0.3742465283475846,1.570627563957849,2.391105854993016,3.6435466938092382
3.2243756330787323,0.2745660057925527,-3.220547781496402,-2.0123020173157884,3.739086780502249,-1.671933594367452,-2.1095998068608766,-1.5059111489525434,-0.3482027545581227,0.7089427737561258,1.4355806072184878,2.542847036308749
2.0217232775057514,0.11519138502331518,-2.093057663099505,-1.2301181792587368,2.392109588729938,-1.1174136393304894,-1.81812577424712,-1.9794632232751546,-1.0530313232466175,-0.373173009287899,-0.031039540528462233,0.6742173852032675
0.2948378438624965,-0.20355785651515992,-0.567629855856644,-0.056842422173159074,0.5100318687193116,-0.4290440399742601,-1.2351777090196066,-2.2257103019229123,-1.6168941781974135,-1.4352496111644417,-1.5198812056655178,-1.2712052652627133
-1.0003262313699448,-0.20355785651515992,0.8251520551042288,0.6897876050631176,-1.0399144889364982,0.37405382594134085,-0.7582202011061864,-2.3204207167874347,-1.7931013203695374,-1.9362291403514902,-2.253191279538993,-2.295111923402703
-1.1236751909158915,-0.33105755313054996,0.8583135291747259,0.8320028483462181,-1.1137214583486796,0.29756831490175983,-0.572736725806523,-2.0931157211125813,-1.634514892414626,-1.7157981475091888,-2.0087545882478346,-2.0135375924142056
-1.0620007111429182,-0.29918262897670245,0.8251520551042288,0.7786721321150554,-1.0583662312895437,0.29756831490175983,-0.4402485291639063,-1.7332161446273968,-1.3878248933736528,-1.3751320676619958,-1.608767275225939,-1.6295725956117095
-0.969488991483458,-0.20355785651515992,0.8251520551042288,0.6720106996527302,-1.0030110042304075,0.3549324481814456,-0.17527213587867288,-1.2217799043589765,-0.9825484663777682,-1.0545051689822849,-1.2310014795941486,-1.2968029317162129
-0.7844655521645378,-0.1716829323613124,0.659344684751744,0.5475723617800173,-0.8000418383469087,0.2784469371418646,0.03670897874951384,-0.7103436640905567,-0.6125134678163083,-0.7338782703025738,-0.8976787187425691,-0.9384356013672165
-0.41441867352669753,-0.1398080082074649,0.2945684699762773,0.3164725914449793,-0.39410350657991083,0.08723315954291197,-0.14877449655014954,-0.5777490832802255,-0.4715477540786094,-0.4934080962927906,-0.6087989926712002,-0.6056659374717199
-0.2910697139807507,-0.07605815989976988,0.22824552183528335,0.20981115898265404,-0.28339305246163865,0.08723315954291197,-0.14877449655014954,-0.4830386684157032,-0.3834441829925475,-0.35313382812041705,-0.4310268535503577,-0.4264822722972217
-0.26023247409426403,-0.1716829323613124,0.09559962555329544,0.24536496980342914,-0.1911343406964119,-0.046616484776354855,0.010211339420990504,-0.2367915897679454,-0.2072370408204237,-0.2930162846179712,-0.3421407839899365,-0.3752869393902222
-0.26023247409426403,-0.1716829323613124,0.09559962555329544,0.24536496980342914,-0.1911343406964119,-0.046616484776354855,0.08970425740656052,-0.06631284301180536,-0.08389204129993712,-0.19282037878056152,-0.2754762318196206,-0.29849394002972296
-0.2910697139807507,-0.20355785651515992,0.09559962555329544,0.2809187806242042,-0.20958608304945725,-0.06573786253625012,0.08970425740656052,-0.0852549259847098,-0.06627132708272473,-0.1327028352781157,-0.2088116796493047,-0.2217009406692237
-0.22939523420777733,-0.23543278066900744,-0.0038847966581954723,0.26314187521381666,-0.11732737128423046,-0.14222337357583117,0.08970425740656052,-0.1231390919305187,-0.10151275551714949,-0.1327028352781157,-0.2088116796493047,-0.2217009406692237
-0.26023247409426403,-0.20355785651515992,0.06243815148279847,0.26314187521381666,-0.17268259834336652,-0.08485924029614537,0.08970425740656052,-0.0852549259847098,-0.10151275551714949,-0.1327028352781157,-0.2088116796493047,-0.2217009406692237
-0.26023247409426403,-0.20355785651515992,0.06243815148279847,0.26314187521381666,-0.1911343406964119,-0.08485924029614537,0.11620189673508387,-0.04737076003890091,-0.06627132708272473,-0.11266365411063374,-0.2088116796493047,-0.2217009406692237
-0.22939523420777733,-0.20355785651515992,0.029276677412301503,0.24536496980342914,-0.1542308559903212,-0.10398061805604064,0.11620189673508387,-0.02842867706599646,-0.04865061286551236,-0.11266365411063374,-0.1865901622591994,-0.19610327421572396
-0.16772075443480394,-0.1716829323613124,-0.0038847966581954723,0.1920342535722665,-0.09887562893118511,-0.10398061805604064,0.11620189673508387,-0.02842867706599646,-0.06627132708272473,-0.11266365411063374,-0.1865901622591994,-0.19610327421572396
-0.16772075443480394,-0.1716829323613124,-0.0038847966581954723,0.1920342535722665,-0.09887562893118511,-0.10398061805604064,0.11620189673508387,-0.009486594093092014,-0.04865061286551236,-0.11266365411063374,-0.16436864486909408,-0.19610327421572396
-0.19855799432129065,-0.1716829323613124,0.029276677412301503,0.20981115898265404,-0.13577911363727582,-0.08485924029614537,0.1426995360636072,0.028397571852716883,-0.031029898648299987,-0.11266365411063374,-0.16436864486909408,-0.1705056077622242
-0.16772075443480394,-0.20355785651515992,-0.03704627072869245,0.20981115898265404,-0.08042388657813976,-0.14222337357583117,0.1426995360636072,0.028397571852716883,0.00421152978612476,-0.0926244729431518,-0.14214712747898875,-0.1705056077622242
-0.22939523420777733,-0.20355785651515992,0.029276677412301503,0.24536496980342914,-0.1542308559903212,-0.10398061805604064,0.16919717539213053,0.04733965482562133,0.00421152978612476,-0.07258529177566987,-0.11992561008888346,-0.1193102748552247
-0.19855799432129065,-0.20355785651515992,-0.0038847966581954723,0.2275880643930416,-0.11732737128423046,-0.12310199581593591,0.16919717539213053,0.06628173779852578,0.021832244003337137,-0.07258529177566987,-0.11992561008888346,-0.1193102748552247
-0.22939523420777733,-0.20355785651515992,0.029276677412301503,0.24536496980342914,-0.1542308559903212,-0.10398061805604064,0.16919717539213053,0.04733965482562133,0.021832244003337137,-0.07258529177566987,-0.11992561008888346,-0.1193102748552247
-0.19855799432129065,-0.20355785651515992,-0.0038847966581954723,0.2275880643930416,-0.11732737128423046,-0.12310199581593591,0.16919717539213053,0.04733965482562133,0.021832244003337137,-0.07258529177566987,-0.09770409269877815,-0.14490794130872445
-0.19855799432129065,-0.1716829323613124,0.029276677412301503,0.20981115898265404,-0.13577911363727582,-0.08485924029614537,0.1426995360636072,0.04733965482562133,0.00421152978612476,-0.07258529177566987,-0.11992561008888346,-0.1193102748552247
-0.19855799432129065,-0.1716829323613124,0.029276677412301503,0.20981115898265404,-0.13577911363727582,-0.08485924029614537,0.16919717539213053,0.04733965482562133,0.021832244003337137,-0.05254611060818793,-0.09770409269877815,-0.1193102748552247
-0.19855799432129065,-0.20355785651515992,-0.0038847966581954723,0.2275880643930416,-0.11732737128423046,-0.12310199581593591,0.16919717539213053,0.04733965482562133,0.021832244003337137,-0.07258529177566987,-0.09770409269877815,-0.14490794130872445
-0.16772075443480394,-0.20355785651515992,-0.03704627072869245,0.20981115898265404,-0.08042388657813976,-0.14222337357583117,0.1956948147206539,0.04733965482562133,0.00421152978612476,-0.07258529177566987,-0.11992561008888346,-0.1705056077622242
-0.13688351454831724,-0.20355785651515992,-0.07020774479918943,0.1920342535722665,-0.043520401872049044,-0.16134475133572643,0.16919717539213053,0.04733965482562133,0.00421152978612476,-0.05254611060818793,-0.09770409269877815,-0.1705056077622242
-0.16772075443480394,-0.20355785651515992,-0.03704627072869245,0.20981115898265404,-0.09887562893118511,-0.14222337357583117,0.1956948147206539,0.04733965482562133,0.00421152978612476,-0.07258529177566987,-0.11992561008888346,-0.14490794130872445
-0.19855799432129065,-0.1716829323613124,0.029276677412301503,0.20981115898265404,-0.1542308559903212,-0.08485924029614537,0.16919717539213053,0.04733965482562133,0.00421152978612476,-0.07258529177566987,-0.11992561008888346,-0.14490794130872445
-0.13688351454831724,-0.1716829323613124,-0.03704627072869245,0.17425734816187896,-0.08042388657813976,-0.12310199581593591,0.1426995360636072,0.028397571852716883,-0.013409184431087615,-0.0926244729431518,-0.16436864486909408,-0.1705056077622242
-0.13688351454831724,-0.20355785651515992,-0.07020774479918943,0.1920342535722665,-0.08042388657813976,-0.16134475133572643,0.1426995360636072,0.028397571852716883,-0.013409184431087615,-0.07258529177566987,-0.11992561008888346,-0.1705056077622242
-0.13688351454831724,-0.1716829323613124,-0.03704627072869245,0.17425734816187896,-0.09887562893118511,-0.12310199581593591,0.1426995360636072,0.028397571852716883,-0.013409184431087615,-0.07258529177566987,-0.14214712747898875,-0.1705056077622242
-0.16772075443480394,-0.1398080082074649,-0.0038847966581954723,0.15648044275149142,-0.11732737128423046,-0.08485924029614537,0.1426995360636072,0.028397571852716883,-0.013409184431087615,-0.0926244729431518,-0.14214712747898875,-0.1705056077622242
-0.22939523420777733,-0.1398080082074649,0.06243815148279847,0.1920342535722665,-0.1911343406964119,-0.046616484776354855,0.1426995360636072,0.06628173779852578,-0.013409184431087615,-0.07258529177566987,-0.11992561008888346,-0.1705056077622242
-0.16772075443480394,-0.1716829323613124,-0.03704627072869245,0.17425734816187896,-0.09887562893118511,-0.12310199581593591,0.1426995360636072,0.06628173779852578,0.00421152978612476,-0.07258529177566987,-0.11992561008888346,-0.09371260840172496
-0.19855799432129065,-0.1398080082074649,0.029276677412301503,0.17425734816187896,-0.17268259834336652,-0.06573786253625012,0.1426995360636072,0.04733965482562133,0.00421152978612476,-0.07258529177566987,-0.14214712747898875,-0.1193102748552247
-0.16772075443480394,-0.1398080082074649,-0.0038847966581954723,0.15648044275149142,-0.13577911363727582,-0.08485924029614537,0.1426995360636072,0.06628173779852578,0.00421152978612476,-0.0926244729431518,-0.11992561008888346,-0.1705056077622242
-0.13688351454831724,-0.1398080082074649,-0.03704627072869245,0.13870353734110388,-0.09887562893118511,-0.10398061805604064,0.1426995360636072,0.04733965482562133,0.00421152978612476,-0.0926244729431518,-0.11992561008888346,-0.19610327421572396
-0.22939523420777733,-0.1398080082074649,0.09559962555329544,0.1920342535722665,-0.20958608304945725,-0.046616484776354855,0.1426995360636072,0.06628173779852578,0.021832244003337137,-0.05254611060818793,-0.07548257530867285,-0.14490794130872445
-0.19855799432129065,-0.1398080082074649,0.06243815148279847,0.17425734816187896,-0.17268259834336652,-0.06573786253625012,0.1426995360636072,0.06628173779852578,0.00421152978612476,-0.07258529177566987,-0.11992561008888346,-0.14490794130872445
-0.16772075443480394,-0.1079330840536174,0.06243815148279847,0.13870353734110388,-0.17268259834336652,-0.046616484776354855,0.11620189673508387,0.04733965482562133,0.00421152978612476,-0.07258529177566987,-0.11992561008888346,-0.14490794130872445
-0.13688351454831724,-0.1079330840536174,0.029276677412301503,0.12092663193071634,-0.13577911363727582,-0.06573786253625012,0.11620189673508387,0.04733965482562133,0.00421152978612476,-0.0926244729431518,-0.09770409269877815,-0.14490794130872445
-0.10604627466183056,-0.1079330840536174,-0.0038847966581954723,0.1031497265203288,-0.09887562893118511,-0.06573786253625012,0.11620189673508387,0.04733965482562133,0.00421152978612476,-0.07258529177566987,-0.11992561008888346,-0.1705056077622242
-0.10604627466183056,-0.1716829323613124,-0.07020774479918943,0.13870353734110388,-0.061972144225094394,-0.14222337357583117,0.11620189673508387,0.028397571852716883,0.00421152978612476,-0.07258529177566987,-0.11992561008888346,-0.14490794130872445
-0.07520903477534385,-0.1716829323613124,-0.1033692188696864,0.12092663193071634,-0.025068659519003687,-0.16134475133572643,0.11620189673508387,0.04733965482562133,0.00421152978612476,-0.07258529177566987,-0.09770409269877815,-0.1193102748552247
-0.10604627466183056,-0.1079330840536174,-0.03704627072869245,0.12092663193071634,-0.08042388657813976,-0.10398061805604064,0.11620189673508387,0.06628173779852578,0.00421152978612476,-0.07258529177566987,-0.07548257530867285,-0.09371260840172496
-0.13688351454831724,-0.1079330840536174,-0.0038847966581954723,0.13870353734110388,-0.11732737128423046,-0.08485924029614537,0.11620189673508387,0.06628173779852578,0.021832244003337137,-0.07258529177566987,-0.053261057918567535,-0.09371260840172496
-0.10604627466183056,-0.07605815989976988,-0.0038847966581954723,0.1031497265203288,-0.09887562893118511,-0.06573786253625012,0.1426995360636072,0.06628173779852578,0.021832244003337137,-0.05254611060818793,-0.031039540528462233,-0.06811494194822522
-0.04437179488885716,-0.044183235745922374,-0.03704627072869245,0.049819010289166174,-0.043520401872049044,-0.06573786253625012,0.11620189673508387,0.08522382077143023,0.03945295822054951,-0.05254611060818793,-0.031039540528462233,-0.042517275494725476
-0.07520903477534385,-0.044183235745922374,-0.0038847966581954723,0.06759591569955371,-0.08042388657813976,-0.046616484776354855,0.11620189673508387,0.08522382077143023,0.07469438665497424,-0.03250692944070599,-0.008818023138356926,-0.016919609041225726
-0.04437179488885716,-0.012308311592074865,-0.0038847966581954723,0.032042104878778635,-0.061972144225094394,-0.0274951070164596,0.11620189673508387,0.08522382077143023,0.07469438665497424,-0.012467748273224052,-0.008818023138356926,-0.016919609041225726
0.01730268488411623,-0.012308311592074865,-0.07020774479918943,-0.0035117059419964504,0.011834825187087025,-0.06573786253625012,0.11620189673508387,0.08522382077143023,0.07469438665497424,0.007571432894257888,0.035625011641853686,0.034275723865773766
0.07897716465708962,-0.012308311592074865,-0.13653069294018336,-0.039065516762771535,0.08564179459926845,-0.10398061805604064,0.11620189673508387,0.10416590374433468,0.09231510087218663,0.04764979522922177,0.05784652903195899,0.05987339031927351
0.10981440454357631,0.019566612561772643,-0.13653069294018336,-0.07461932758354661,0.1040935369523138,-0.08485924029614537,0.11620189673508387,0.10416590374433468,0.09231510087218663,0.04764979522922177,0.0800680464220643,0.11106872322627301
0.1714888843165497,0.08331646086946766,-0.13653069294018336,-0.1457269492250968,0.14099702165840453,-0.046616484776354855,0.08970425740656052,0.10416590374433468,0.109935815089399,0.08772815756418564,0.10228956381216961,0.1622640561332725
0.2640006039760098,0.08331646086946766,-0.23601511515167428,-0.19905766545625941,0.2517074757766766,-0.10398061805604064,0.06320661807803718,0.08522382077143023,0.12755652930661138,0.10776733873166758,0.16895411598248553,0.21345938904027198
0.35651232363546986,0.14706630917716268,-0.26917658922217125,-0.28794219250819714,0.325514445188858,-0.08485924029614537,0.03670897874951384,0.10416590374433468,0.14517724352382377,0.1278065198991495,0.23561866815280144,0.2902523884007712
0.4181868034084433,0.2426910816387052,-0.23601511515167428,-0.3768267195601348,0.3439661875419034,-0.008373729256564336,-0.016286299907532834,0.10416590374433468,0.1804186719582485,0.18792406340159531,0.2800617029330121,0.36704538776127044
0.44902404329492995,0.2745660057925527,-0.23601511515167428,-0.41238053038090994,0.36241792989494875,0.010747648503330924,0.010211339420990504,0.12310798671723913,0.19803938617546088,0.2280024257365592,0.346726255103328,0.46943605357526946
0.5106985230679033,0.37019077825409524,-0.20285364108117732,-0.5012650574328477,0.3808696722479941,0.08723315954291197,-0.016286299907532834,0.12310798671723913,0.23328081460988562,0.2680807880715231,0.4133908072736439,0.5206313864822689
0.5723730028408768,0.40206570240794276,-0.23601511515167428,-0.5545957736640102,0.43622489930713015,0.08723315954291197,-0.042783939236056175,0.14205006969014358,0.250901528827098,0.30815915040648695,0.4578338420538545,0.5974243858427681
0.7265592022733103,0.4339406265617903,-0.3686610114336622,-0.6612572061263355,0.6022905804845383,0.029869026263226184,-0.12227685722162619,0.14205006969014358,0.250901528827098,0.3482375127414508,0.4578338420538545,0.6742173852032675
0.7882336820462836,0.4658155507156378,-0.40182248550415917,-0.7145879223574981,0.6576458075436744,0.029869026263226184,-0.14877449655014954,0.12310798671723913,0.2685222430443104,0.36827669390893275,0.5244983942241704,0.7254127181102669
0.7882336820462836,0.5295653990233328,-0.3023380632926682,-0.7501417331782733,0.6022905804845383,0.10635453730280722,-0.17527213587867288,0.12310798671723913,0.3037636714787351,0.4083550562438967,0.5911629463944864,0.7766080510172664
0.8190709219327703,0.5933152473310278,-0.26917658922217125,-0.8034724494094359,0.6022905804845383,0.16371867058249298,-0.20176977520719622,0.12310798671723913,0.3037636714787351,0.4283942374113786,0.6133844637845917,0.827803383924266
0.9115826415922305,0.6251901714848753,-0.3354995373631652,-0.874580071050986,0.6945492922497651,0.14459729282259776,-0.20176977520719622,0.12310798671723913,0.2861429572615227,0.44843341857886054,0.635605981174697,0.9045963832847652
0.9424198814787171,0.6570650956387228,-0.3354995373631652,-0.8923569764613736,0.7130010346028105,0.16371867058249298,-0.22826741453571955,0.10416590374433468,0.2861429572615227,0.4885117809138244,0.6578274985648023,0.9045963832847652
0.9115826415922305,0.7208149439464179,-0.23601511515167428,-0.9101338818717611,0.639194065190629,0.2593255593819693,-0.2547650538642429,0.12310798671723913,0.32138438569594746,0.5085509620813063,0.6800490159549076,0.9045963832847652
0.9424198814787171,0.7526898681002654,-0.23601511515167428,-0.9456876926925362,0.6576458075436744,0.2784469371418646,-0.2547650538642429,0.10416590374433468,0.32138438569594746,0.4885117809138244,0.7022705333450129,0.9301940497382649
0.9115826415922305,0.7208149439464179,-0.20285364108117732,-0.9279107872821486,0.6207423228375837,0.29756831490175983,-0.2547650538642429,0.12310798671723913,0.33900509991315986,0.5085509620813063,0.7022705333450129,0.9557917161917647
0.8807454017057437,0.7208149439464179,-0.16969216701068032,-0.9101338818717611,0.5838388381314931,0.3166896926616551,-0.2547650538642429,0.10416590374433468,0.32138438569594746,0.5285901432487883,0.6800490159549076,0.9557917161917647
0.8807454017057437,0.7208149439464179,-0.16969216701068032,-0.9101338818717611,0.5838388381314931,0.3166896926616551,-0.2547650538642429,0.10416590374433468,0.32138438569594746,0.5085509620813063,0.6578274985648023,0.9045963832847652
0.8190709219327703,0.6889400197925704,-0.13653069294018336,-0.8568031656405984,0.528483611072357,0.3166896926616551,-0.22826741453571955,0.08522382077143023,0.3037636714787351,0.4684725997463425,0.6133844637845917,0.8534010503777657
0.7882336820462836,0.6889400197925704,-0.1033692188696864,-0.8390262602302109,0.49158012636626625,0.33581107042155034,-0.22826741453571955,0.06628173779852578,0.2861429572615227,0.44843341857886054,0.5911629463944864,0.7510103845637667
0.6340474826138501,0.6889400197925704,0.06243815148279847,-0.7501417331782733,0.30706270283581266,0.43141795922102666,-0.14877449655014954,0.08522382077143023,0.2861429572615227,0.4083550562438967,0.5244983942241704,0.6998150516567672
0.6032102427273635,0.6251901714848753,0.029276677412301503,-0.6968110169471106,0.30706270283581266,0.37405382594134085,-0.14877449655014954,0.08522382077143023,0.2685222430443104,0.3883158750764147,0.4578338420538545,0.6486197187497676
0.5723730028408768,0.5933152473310278,0.029276677412301503,-0.6612572061263355,0.28861096048276735,0.3549324481814456,-0.12227685722162619,0.08522382077143023,0.23328081460988562,0.3482375127414508,0.4133908072736439,0.5462290529357687
0.4798612831814167,0.5295653990233328,0.06243815148279847,-0.5723726790743978,0.21480399107058593,0.33581107042155034,-0.06928157856457952,0.10416590374433468,0.23328081460988562,0.3281983315739689,0.3911692898835386,0.4950337200287692
0.3873495635219566,0.4976904748694853,0.12876109962379242,-0.5012650574328477,0.12254527930535916,0.3549324481814456,-0.06928157856457952,0.06628173779852578,0.21566010039267325,0.2680807880715231,0.3245047377132227,0.3926430542147702
0.35651232363546986,0.4339406265617903,0.09559962555329544,-0.447934341201685,0.12254527930535916,0.29756831490175983,-0.016286299907532834,0.08522382077143023,0.19803938617546088,0.2280024257365592,0.2800617029330121,0.34144772130777074
0.2948378438624965,0.40206570240794276,0.12876109962379242,-0.3768267195601348,0.0671900522462231,0.29756831490175983,0.010211339420990504,0.08522382077143023,0.19803938617546088,0.2280024257365592,0.23561866815280144,0.2902523884007712
0.140651644430063,0.37019077825409524,0.2614069959057803,-0.27016528709780957,-0.09887562893118511,0.3549324481814456,0.06320661807803718,0.10416590374433468,0.19803938617546088,0.18792406340159531,0.21339715076269614,0.26465472194727147
0.07897716465708962,0.3383158541002477,0.2945684699762773,-0.21683457086664695,-0.1542308559903212,0.3549324481814456,0.08970425740656052,0.08522382077143023,0.1804186719582485,0.14784570106663147,0.14673259859238022,0.21345938904027198
0.07897716465708962,0.2426910816387052,0.19508404776478638,-0.16350385463548434,-0.09887562893118511,0.24020418162207405,0.11620189673508387,0.06628173779852578,0.14517724352382377,0.1278065198991495,0.12451108120227491,0.13666638967977274
0.04813992477060292,0.1789412333310102,0.16192257369428942,-0.1101731384043217,-0.09887562893118511,0.18284004834238826,0.1426995360636072,0.10416590374433468,0.14517724352382377,0.10776733873166758,0.0800680464220643,0.11106872322627301
-0.04437179488885716,0.1789412333310102,0.2614069959057803,-0.056842422173159074,-0.20958608304945725,0.24020418162207405,0.16919717539213053,0.08522382077143023,0.14517724352382377,0.10776733873166758,0.05784652903195899,0.08547105677277325
-0.07520903477534385,0.1789412333310102,0.2945684699762773,-0.039065516762771535,-0.24648956775554795,0.2593255593819693,0.16919717539213053,0.08522382077143023,0.12755652930661138,0.06768897639670371,-0.008818023138356926,0.034275723865773766
-0.07520903477534385,0.1789412333310102,0.2945684699762773,-0.039065516762771535,-0.24648956775554795,0.2593255593819693,0.16919717539213053,0.04733965482562133,0.109935815089399,0.027610614061739827,-0.031039540528462233,-0.016919609041225726
-0.04437179488885716,0.1789412333310102,0.2614069959057803,-0.056842422173159074,-0.20958608304945725,0.24020418162207405,0.16919717539213053,0.04733965482562133,0.109935815089399,0.027610614061739827,-0.053261057918567535,-0.06811494194822522
-0.04437179488885716,0.14706630917716268,0.22824552183528335,-0.039065516762771535,-0.1911343406964119,0.20196142610228351,0.1956948147206539,0.028397571852716883,0.09231510087218663,-0.012467748273224052,-0.053261057918567535,-0.09371260840172496
-0.10604627466183056,0.14706630917716268,0.2945684699762773,-0.0035117059419964504,-0.2649413101085933,0.24020418162207405,0.1956948147206539,0.028397571852716883,0.09231510087218663,-0.03250692944070599,-0.09770409269877815,-0.09371260840172496
-0.16772075443480394,0.11519138502331518,0.3277299440467743,0.049819010289166174,-0.32029653716772943,0.24020418162207405,0.24869009337770057,0.028397571852716883,0.109935815089399,-0.03250692944070599,-0.09770409269877815,-0.09371260840172496
-0.16772075443480394,0.08331646086946766,0.2945684699762773,0.06759591569955371,-0.30184479481468407,0.20196142610228351,0.24869009337770057,0.009455488879812434,0.109935815089399,-0.03250692944070599,-0.07548257530867285,-0.1193102748552247
-0.13688351454831724,0.08331646086946766,0.2614069959057803,0.049819010289166174,-0.2649413101085933,0.18284004834238826,0.22219245404917723,0.009455488879812434,0.09231510087218663,-0.05254611060818793,-0.11992561008888346,-0.14490794130872445
-0.10604627466183056,0.08331646086946766,0.22824552183528335,0.032042104878778635,-0.2280378254025026,0.16371867058249298,0.1956948147206539,0.009455488879812434,0.07469438665497424,-0.05254611060818793,-0.11992561008888346,-0.14490794130872445
-0.16772075443480394,0.08331646086946766,0.2945684699762773,0.06759591569955371,-0.30184479481468407,0.20196142610228351,0.22219245404917723,0.028397571852716883,0.09231510087218663,-0.07258529177566987,-0.11992561008888346,-0.1193102748552247
-0.19855799432129065,0.08331646086946766,0.3277299440467743,0.08537282110994127,-0.33874827952077474,0.22108280386217877,0.22219245404917723,0.009455488879812434,0.07469438665497424,-0.05254611060818793,-0.09770409269877815,-0.1193102748552247
-0.19855799432129065,0.019566612561772643,0.2614069959057803,0.12092663193071634,-0.30184479481468407,0.14459729282259776,0.24869009337770057,0.028397571852716883,0.09231510087218663,-0.05254611060818793,-0.11992561008888346,-0.1193102748552247
-0.16772075443480394,0.019566612561772643,0.22824552183528335,0.1031497265203288,-0.2649413101085933,0.12547591506270248,0.22219245404917723,0.028397571852716883,0.07469438665497424,-0.03250692944070599,-0.09770409269877815,-0.1193102748552247
-0.16772075443480394,0.051441536715620156,0.2614069959057803,0.08537282110994127,-0.28339305246163865,0.16371867058249298,0.22219245404917723,0.009455488879812434,0.05707367243776188,-0.05254611060818793,-0.11992561008888346,-0.14490794130872445
-0.19855799432129065,-0.044183235745922374,0.22824552183528335,0.13870353734110388,-0.28339305246163865,0.08723315954291197,0.22219245404917723,0.009455488879812434,0.05707367243776188,-0.05254611060818793,-0.11992561008888346,-0.1705056077622242
-0.13688351454831724,-0.07605815989976988,0.12876109962379242,0.12092663193071634,-0.1911343406964119,0.010747648503330924,0.1956948147206539,0.009455488879812434,0.03945295822054951,-0.05254611060818793,-0.14214712747898875,-0.1705056077622242
-0.13688351454831724,-0.1079330840536174,0.09559962555329544,0.13870353734110388,-0.17268259834336652,-0.0274951070164596,0.16919717539213053,0.009455488879812434,0.021832244003337137,-0.07258529177566987,-0.14214712747898875,-0.19610327421572396
-0.10604627466183056,-0.1398080082074649,0.029276677412301503,0.13870353734110388,-0.11732737128423046,-0.08485924029614537,0.1426995360636072,0.009455488879812434,0.00421152978612476,-0.0926244729431518,-0.14214712747898875,-0.19610327421572396
-0.19855799432129065,-0.1716829323613124,0.09559962555329544,0.20981115898265404,-0.20958608304945725,-0.06573786253625012,0.16919717539213053,0.028397571852716883,0.00421152978612476,-0.07258529177566987,-0.11992561008888346,-0.1705056077622242
-0.16772075443480394,-0.20355785651515992,0.029276677412301503,0.20981115898265404,-0.1542308559903212,-0.12310199581593591,0.16919717539213053,0.04733965482562133,0.00421152978612476,-0.03250692944070599,-0.09770409269877815,-0.14490794130872445
-0.16772075443480394,-0.1716829323613124,0.06243815148279847,0.1920342535722665,-0.17268259834336652,-0.08485924029614537,0.1426995360636072,0.028397571852716883,0.00421152978612476,-0.07258529177566987,-0.11992561008888346,-0.1705056077622242
-0.22939523420777733,-0.20355785651515992,0.09559962555329544,0.24536496980342914,-0.2280378254025026,-0.08485924029614537,0.1426995360636072,0.06628173779852578,0.00421152978612476,-0.05254611060818793,-0.09770409269877815,-0.14490794130872445
-0.16772075443480394,-0.20355785651515992,0.029276677412301503,0.20981115898265404,-0.1542308559903212,-0.12310199581593591,0.11620189673508387,0.04733965482562133,0.00421152978612476,-0.07258529177566987,-0.09770409269877815,-0.1705056077622242
-0.13688351454831724,-0.29918262897670245,-0.1033692188696864,0.24536496980342914,-0.061972144225094394,-0.2569516401352027,0.11620189673508387,0.04733965482562133,0.00421152978612476,-0.07258529177566987,-0.11992561008888346,-0.1705056077622242
-0.16772075443480394,-0.3629324772843975,-0.13653069294018336,0.29869568603459173,-0.061972144225094394,-0.31431577341488853,0.11620189673508387,0.04733965482562133,-0.031029898648299987,-0.07258529177566987,-0.11992561008888346,-0.19610327421572396
-0.22939523420777733,-0.4266823255920925,-0.13653069294018336,0.36980330767614195,-0.09887562893118511,-0.35255852893467904,0.08970425740656052,0.06628173779852578,-0.013409184431087615,-0.07258529177566987,-0.09770409269877815,-0.1705056077622242
-0.16772075443480394,-0.394807401438245,-0.16969216701068032,0.3164725914449793,-0.043520401872049044,-0.35255852893467904,0.03670897874951384,0.028397571852716883,-0.031029898648299987,-0.0926244729431518,-0.09770409269877815,-0.19610327421572396
-0.19855799432129065,-0.4266823255920925,-0.16969216701068032,0.3520264022657544,-0.061972144225094394,-0.3716799066945743,0.03670897874951384,0.04733965482562133,-0.04865061286551236,-0.07258529177566987,-0.09770409269877815,-0.1705056077622242
-0.26023247409426403,-0.4266823255920925,-0.1033692188696864,0.38758021308652946,-0.13577911363727582,-0.35255852893467904,0.03670897874951384,0.028397571852716883,-0.06627132708272473,-0.0926244729431518,-0.09770409269877815,-0.19610327421572396
-0.16772075443480394,-0.4266823255920925,-0.20285364108117732,0.33424949685536687,-0.025068659519003687,-0.40992266221436485,0.03670897874951384,0.028397571852716883,-0.06627132708272473,-0.0926244729431518,-0.11992561008888346,-0.1705056077622242
-0.13688351454831724,-0.45855724974594,-0.26917658922217125,0.33424949685536687,0.03028656754013238,-0.4672867954940506,0.010211339420990504,0.028397571852716883,-0.08389204129993712,-0.0926244729431518,-0.11992561008888346,-0.19610327421572396
-0.16772075443480394,-0.4266823255920925,-0.20285364108117732,0.33424949685536687,-0.025068659519003687,-0.40992266221436485,0.010211339420990504,0.028397571852716883,-0.08389204129993712,-0.07258529177566987,-0.14214712747898875,-0.19610327421572396
-0.22939523420777733,-0.4266823255920925,-0.13653069294018336,0.36980330767614195,-0.09887562893118511,-0.3716799066945743,0.010211339420990504,0.028397571852716883,-0.06627132708272473,-0.0926244729431518,-0.14214712747898875,-0.19610327421572396
-0.19855799432129065,-0.394807401438245,-0.13653069294018336,0.33424949685536687,-0.08042388657813976,-0.35255852893467904,0.010211339420990504,0.028397571852716883,-0.06627132708272473,-0.0926244729431518,-0.14214712747898875,-0.1705056077622242
-0.19855799432129065,-0.394807401438245,-0.13653069294018336,0.33424949685536687,-0.08042388657813976,-0.35255852893467904,0.03670897874951384,0.009455488879812434,-0.04865061286551236,-0.07258529177566987,-0.09770409269877815,-0.1705056077622242
-0.22939523420777733,-0.3629324772843975,-0.1033692188696864,0.3164725914449793,-0.11732737128423046,-0.2951943956549933,0.08970425740656052,0.04733965482562133,-0.04865061286551236,-0.05254611060818793,-0.09770409269877815,-0.1193102748552247
-0.22939523420777733,-0.3629324772843975,-0.1033692188696864,0.3164725914449793,-0.11732737128423046,-0.2951943956549933,0.08970425740656052,0.028397571852716883,-0.031029898648299987,-0.07258529177566987,-0.11992561008888346,-0.1193102748552247
-0.19855799432129065,-0.33105755313054996,-0.1033692188696864,0.2809187806242042,-0.09887562893118511,-0.276073017895098,0.08970425740656052,0.028397571852716883,-0.04865061286551236,-0.05254611060818793,-0.11992561008888346,-0.14490794130872445
-0.22939523420777733,-0.33105755313054996,-0.07020774479918943,0.29869568603459173,-0.13577911363727582,-0.2569516401352027,0.11620189673508387,0.028397571852716883,-0.031029898648299987,-0.07258529177566987,-0.11992561008888346,-0.1193102748552247
-0.19855799432129065,-0.29918262897670245,-0.07020774479918943,0.26314187521381666,-0.11732737128423046,-0.2378302623753075,0.08970425740656052,0.028397571852716883,-0.031029898648299987,-0.07258529177566987,-0.11992561008888346,-0.14490794130872445
-0.10604627466183056,-0.29918262897670245,-0.16969216701068032,0.20981115898265404,-0.00661691716595833,-0.2951943956549933,0.08970425740656052,-0.009486594093092014,-0.031029898648299987,-0.0926244729431518,-0.16436864486909408,-0.14490794130872445
-0.10604627466183056,-0.26730770482285493,-0.13653069294018336,0.1920342535722665,-0.025068659519003687,-0.2569516401352027,0.06320661807803718,-0.009486594093092014,-0.04865061286551236,-0.0926244729431518,-0.14214712747898875,-0.14490794130872445
-0.10604627466183056,-0.26730770482285493,-0.13653069294018336,0.1920342535722665,-0.025068659519003687,-0.276073017895098,0.08970425740656052,-0.009486594093092014,-0.031029898648299987,-0.0926244729431518,-0.16436864486909408,-0.1705056077622242
-0.19855799432129065,-0.29918262897670245,-0.07020774479918943,0.26314187521381666,-0.11732737128423046,-0.2569516401352027,0.11620189673508387,0.009455488879812434,-0.013409184431087615,-0.07258529177566987,-0.14214712747898875,-0.14490794130872445
-0.13688351454831724,-0.29918262897670245,-0.13653069294018336,0.2275880643930416,-0.043520401872049044,-0.2951943956549933,0.08970425740656052,0.009455488879812434,0.00421152978612476,-0.07258529177566987,-0.14214712747898875,-0.1193102748552247
-0.16772075443480394,-0.26730770482285493,-0.07020774479918943,0.2275880643930416,-0.09887562893118511,-0.2378302623753075,0.11620189673508387,0.009455488879812434,0.021832244003337137,-0.07258529177566987,-0.11992561008888346,-0.09371260840172496
-0.19855799432129065,-0.23543278066900744,-0.0038847966581954723,0.2275880643930416,-0.1542308559903212,-0.1804661290956217,0.11620189673508387,0.028397571852716883,0.021832244003337137,-0.05254611060818793,-0.07548257530867285,-0.09371260840172496
-0.10604627466183056,-0.23543278066900744,-0.1033692188696864,0.17425734816187896,-0.043520401872049044,-0.2378302623753075,0.1426995360636072,0.009455488879812434,0.00421152978612476,-0.03250692944070599,-0.09770409269877815,-0.1193102748552247
-0.07520903477534385,-0.23543278066900744,-0.13653069294018336,0.15648044275149142,-0.00661691716595833,-0.2569516401352027,0.11620189673508387,-0.009486594093092014,0.00421152978612476,-0.05254611060818793,-0.11992561008888346,-0.1193102748552247
-0.10604627466183056,-0.20355785651515992,-0.1033692188696864,0.15648044275149142,-0.061972144225094394,-0.19958750685551696,0.08970425740656052,-0.009486594093092014,0.00421152978612476,-0.05254611060818793,-0.11992561008888346,-0.1193102748552247
-0.10604627466183056,-0.20355785651515992,-0.1033692188696864,0.15648044275149142,-0.061972144225094394,-0.19958750685551696,0.08970425740656052,0.028397571852716883,0.00421152978612476,-0.07258529177566987,-0.11992561008888346,-0.09371260840172496
-0.10604627466183056,-0.20355785651515992,-0.1033692188696864,0.15648044275149142,-0.061972144225094394,-0.19958750685551696,0.08970425740656052,0.028397571852716883,0.00421152978612476,-0.03250692944070599,-0.11992561008888346,-0.09371260840172496
-0.10604627466183056,-0.20355785651515992,-0.1033692188696864,0.15648044275149142,-0.061972144225094394,-0.19958750685551696,0.11620189673508387,0.028397571852716883,0.021832244003337137,-0.03250692944070599,-0.09770409269877815,-0.1193102748552247
-0.16772075443480394,-0.1716829323613124,-0.0038847966581954723,0.17425734816187896,-0.1542308559903212,-0.12310199581593591,0.11620189673508387,0.028397571852716883,0.021832244003337137,-0.03250692944070599,-0.07548257530867285,-0.09371260840172496
-0.10604627466183056,-0.1716829323613124,-0.07020774479918943,0.13870353734110388,-0.08042388657813976,-0.16134475133572643,0.08970425740656052,0.028397571852716883,0.021832244003337137,-0.07258529177566987,-0.09770409269877815,-0.09371260840172496
-0.07520903477534385,-0.20355785651515992,-0.13653069294018336,0.13870353734110388,-0.025068659519003687,-0.2187088846154122,0.11620189673508387,0.009455488879812434,0.00421152978612476,-0.0926244729431518,-0.09770409269877815,-0.09371260840172496
-0.07520903477534385,-0.1398080082074649,-0.07020774479918943,0.1031497265203288,-0.061972144225094394,-0.14222337357583117,0.08970425740656052,0.028397571852716883,0.00421152978612476,-0.0926244729431518,-0.11992561008888346,-0.09371260840172496
-0.13688351454831724,-0.1716829323613124,-0.03704627072869245,0.15648044275149142,-0.11732737128423046,-0.14222337357583117,0.11620189673508387,0.028397571852716883,0.021832244003337137,-0.07258529177566987,-0.11992561008888346,-0.1193102748552247
-0.10604627466183056,-0.1716829323613124,-0.07020774479918943,0.13870353734110388,-0.08042388657813976,-0.16134475133572643,0.11620189673508387,0.028397571852716883,0.021832244003337137,-0.07258529177566987,-0.11992561008888346,-0.1193102748552247
-0.10604627466183056,-0.1398080082074649,-0.03704627072869245,0.12092663193071634,-0.09887562893118511,-0.12310199581593591,0.11620189673508387,0.009455488879812434,0.021832244003337137,-0.07258529177566987,-0.11992561008888346,-0.14490794130872445
-0.16772075443480394,-0.1398080082074649,0.029276677412301503,0.15648044275149142,-0.17268259834336652,-0.08485924029614537,0.1426995360636072,0.028397571852716883,0.021832244003337137,-0.05254611060818793,-0.09770409269877815,-0.14490794130872445
-0.10604627466183056,-0.1398080082074649,-0.03704627072869245,0.12092663193071634,-0.09887562893118511,-0.12310199581593591,0.11620189673508387,0.009455488879812434,0.021832244003337137,-0.07258529177566987,-0.11992561008888346,-0.14490794130872445
-0.13688351454831724,-0.1716829323613124,-0.03704627072869245,0.15648044275149142,-0.09887562893118511,-0.14222337357583117,0.1426995360636072,0.028397571852716883,0.021832244003337137,-0.05254611060818793,-0.11992561008888346,-0.1193102748552247
-0.16772075443480394,-0.1398080082074649,0.029276677412301503,0.15648044275149142,-0.1542308559903212,-0.08485924029614537,0.1426995360636072,0.04733965482562133,0.021832244003337137,-0.0926244729431518,-0.09770409269877815,-0.14490794130872445
-0.19855799432129065,-0.1398080082074649,0.06243815148279847,0.17425734816187896,-0.1911343406964119,-0.06573786253625012,0.16919717539213053,0.04733965482562133,0.021832244003337137,-0.05254611060818793,-0.07548257530867285,-0.1193102748552247
-0.13688351454831724,-0.1398080082074649,-0.0038847966581954723,0.13870353734110388,-0.11732737128423046,-0.10398061805604064,0.1426995360636072,0.04733965482562133,-0.013409184431087615,-0.07258529177566987,-0.11992561008888346,-0.1705056077622242
-0.13688351454831724,-0.1398080082074649,-0.0038847966581954723,0.13870353734110388,-0.11732737128423046,-0.10398061805604064,0.1426995360636072,0.04733965482562133,0.00421152978612476,-0.07258529177566987,-0.11992561008888346,-0.14490794130872445
-0.19855799432129065,-0.1716829323613124,0.029276677412301503,0.1920342535722665,-0.17268259834336652,-0.10398061805604064,0.1426995360636072,0.04733965482562133,0.021832244003337137,-0.07258529177566987,-0.11992561008888346,-0.1705056077622242
-0.16772075443480394,-0.1716829323613124,-0.0038847966581954723,0.17425734816187896,-0.13577911363727582,-0.12310199581593591,0.1426995360636072,0.04733965482562133,0.021832244003337137,-0.05254611060818793,-0.11992561008888346,-0.14490794130872445
-0.13688351454831724,-0.1398080082074649,-0.0038847966581954723,0.13870353734110388,-0.09887562893118511,-0.10398061805604064,0.11620189673508387,0.028397571852716883,-0.013409184431087615,-0.07258529177566987,-0.11992561008888346,-0.1705056077622242
-0.10604627466183056,-0.1398080082074649,-0.03704627072869245,0.12092663193071634,-0.061972144225094394,-0.12310199581593591,0.11620189673508387,0.028397571852716883,-0.013409184431087615,-0.0926244729431518,-0.14214712747898875,-0.1705056077622242
-0.13688351454831724,-0.1398080082074649,-0.0038847966581954723,0.13870353734110388,-0.09887562893118511,-0.10398061805604064,0.1426995360636072,0.028397571852716883,-0.013409184431087615,-0.11266365411063374,-0.14214712747898875,-0.1705056077622242
-0.16772075443480394,-0.1716829323613124,-0.0038847966581954723,0.17425734816187896,-0.11732737128423046,-0.12310199581593591,0.16919717539213053,0.04733965482562133,0.00421152978612476,-0.0926244729431518,-0.11992561008888346,-0.14490794130872445
-0.16772075443480394,-0.1716829323613124,-0.0038847966581954723,0.17425734816187896,-0.11732737128423046,-0.12310199581593591,0.16919717539213053,0.04733965482562133,0.00421152978612476,-0.07258529177566987,-0.14214712747898875,-0.14490794130872445
-0.22939523420777733,-0.1716829323613124,0.06243815148279847,0.20981115898265404,-0.1911343406964119,-0.08485924029614537,0.16919717539213053,0.04733965482562133,0.021832244003337137,-0.05254611060818793,-0.14214712747898875,-0.1193102748552247
-0.13688351454831724,-0.1716829323613124,-0.03704627072869245,0.15648044275149142,-0.08042388657813976,-0.14222337357583117,0.1426995360636072,0.028397571852716883,-0.013409184431087615,-0.0926244729431518,-0.14214712747898875,-0.1705056077622242
-0.10604627466183056,-0.1398080082074649,-0.03704627072869245,0.12092663193071634,-0.043520401872049044,-0.12310199581593591,0.11620189673508387,0.009455488879812434,-0.013409184431087615,-0.0926244729431518,-0.11992561008888346,-0.19610327421572396
-0.19855799432129065,-0.1716829323613124,0.029276677412301503,0.1920342535722665,-0.13577911363727582,-0.10398061805604064,0.16919717539213053,0.04733965482562133,0.021832244003337137,-0.05254611060818793,-0.09770409269877815,-0.14490794130872445
-0.19855799432129065,-0.1398080082074649,0.06243815148279847,0.17425734816187896,-0.1542308559903212,-0.06573786253625012,0.16919717539213053,0.04733965482562133,0.021832244003337137,-0.07258529177566987,-0.09770409269877815,-0.14490794130872445
-0.19855799432129065,-0.1398080082074649,0.06243815148279847,0.17425734816187896,-0.1542308559903212,-0.06573786253625012,0.1426995360636072,0.04733965482562133,0.03945295822054951,-0.05254611060818793,-0.11992561008888346,-0.1193102748552247
-0.16772075443480394,-0.1398080082074649,0.029276677412301503,0.15648044275149142,-0.11732737128423046,-0.08485924029614537,0.1426995360636072,0.028397571852716883,0.021832244003337137,-0.07258529177566987,-0.11992561008888346,-0.14490794130872445
-0.16772075443480394,-0.1398080082074649,0.029276677412301503,0.15648044275149142,-0.11732737128423046,-0.08485924029614537,0.11620189673508387,0.028397571852716883,0.00421152978612476,-0.0926244729431518,-0.14214712747898875,-0.14490794130872445
-0.19855799432129065,-0.1716829323613124,0.029276677412301503,0.1920342535722665,-0.13577911363727582,-0.10398061805604064,0.1426995360636072,0.028397571852716883,0.00421152978612476,-0.07258529177566987,-0.14214712747898875,-0.1705056077622242
-0.13688351454831724,-0.1716829323613124,-0.03704627072869245,0.15648044275149142,-0.043520401872049044,-0.14222337357583117,0.11620189673508387,0.028397571852716883,0.00421152978612476,-0.0926244729431518,-0.14214712747898875,-0.14490794130872445
-0.10604627466183056,-0.1398080082074649,-0.0038847966581954723,0.13870353734110388,-0.061972144225094394,-0.10398061805604064,0.1426995360636072,0.028397571852716883,-0.013409184431087615,-0.07258529177566987,-0.11992561008888346,-0.14490794130872445
-0.19855799432129065,-0.1716829323613124,0.06243815148279847,0.20981115898265404,-0.1542308559903212,-0.08485924029614537,0.16919717539213053,0.028397571852716883,0.021832244003337137,-0.07258529177566987,-0.11992561008888346,-0.14490794130872445
-0.13688351454831724,-0.1716829323613124,-0.03704627072869245,0.17425734816187896,-0.08042388657813976,-0.12310199581593591,0.16919717539213053,0.028397571852716883,0.00421152978612476,-0.07258529177566987,-0.11992561008888346,-0.1705056077622242
-0.19855799432129065,-0.1716829323613124,0.029276677412301503,0.20981115898265404,-0.13577911363727582,-0.08485924029614537,0.16919717539213053,0.04733965482562133,0.021832244003337137,-0.05254611060818793,-0.09770409269877815,-0.1193102748552247
-0.19855799432129065,-0.1398080082074649,0.06243815148279847,0.1920342535722665,-0.1542308559903212,-0.046616484776354855,0.1426995360636072,0.028397571852716883,0.00421152978612476,-0.07258529177566987,-0.11992561008888346,-0.1705056077622242
-0.19855799432129065,-0.1398080082074649,0.06243815148279847,0.1920342535722665,-0.1542308559903212,-0.046616484776354855,0.11620189673508387,0.028397571852716883,0.00421152978612476,-0.0926244729431518,-0.11992561008888346,-0.1705056077622242
-0.22939523420777733,-0.1716829323613124,0.06243815148279847,0.2275880643930416,-0.17268259834336652,-0.06573786253625012,0.1426995360636072,0.028397571852716883,0.021832244003337137,-0.07258529177566987,-0.11992561008888346,-0.1193102748552247
-0.22939523420777733,-0.1716829323613124,0.06243815148279847,0.2275880643930416,-0.17268259834336652,-0.06573786253625012,0.1426995360636072,0.04733965482562133,0.03945295822054951,-0.03250692944070599,-0.11992561008888346,-0.1193102748552247
-0.22939523420777733,-0.1716829323613124,0.06243815148279847,0.2275880643930416,-0.17268259834336652,-0.06573786253625012,0.1426995360636072,0.04733965482562133,0.00421152978612476,-0.05254611060818793,-0.09770409269877815,-0.1193102748552247
-0.16772075443480394,-0.1398080082074649,0.029276677412301503,0.17425734816187896,-0.11732737128423046,-0.06573786253625012,0.11620189673508387,0.028397571852716883,-0.013409184431087615,-0.07258529177566987,-0.11992561008888346,-0.1193102748552247
-0.16772075443480394,-0.1398080082074649,0.029276677412301503,0.17425734816187896,-0.11732737128423046,-0.06573786253625012,0.11620189673508387,0.009455488879812434,-0.013409184431087615,-0.07258529177566987,-0.11992561008888346,-0.1193102748552247
-0.16772075443480394,-0.1398080082074649,0.029276677412301503,0.17425734816187896,-0.11732737128423046,-0.06573786253625012,0.11620189673508387,0.009455488879812434,0.00421152978612476,-0.0926244729431518,-0.11992561008888346,-0.1193102748552247
-0.19855799432129065,-0.1398080082074649,0.06243815148279847,0.1920342535722665,-0.1542308559903212,-0.046616484776354855,0.11620189673508387,0.028397571852716883,0.00421152978612476,-0.0926244729431518,-0.11992561008888346,-0.14490794130872445
-0.10604627466183056,-0.1079330840536174,-0.0038847966581954723,0.12092663193071634,-0.061972144225094394,-0.06573786253625012,0.08970425740656052,0.009455488879812434,-0.031029898648299987,-0.11266365411063374,-0.14214712747898875,-0.14490794130872445
-0.13688351454831724,-0.1398080082074649,-0.0038847966581954723,0.15648044275149142,-0.08042388657813976,-0.08485924029614537,0.11620189673508387,0.009455488879812434,-0.013409184431087615,-0.0926244729431518,-0.14214712747898875,-0.14490794130872445
-0.22939523420777733,-0.1398080082074649,0.09559962555329544,0.20981115898265404,-0.1911343406964119,-0.0274951070164596,0.11620189673508387,0.028397571852716883,0.021832244003337137,-0.07258529177566987,-0.11992561008888346,-0.1193102748552247
-0.19855799432129065,-0.1398080082074649,0.06243815148279847,0.1920342535722665,-0.1542308559903212,-0.046616484776354855,0.11620189673508387,0.028397571852716883,0.00421152978612476,-0.07258529177566987,-0.11992561008888346,-0.1193102748552247
-0.16772075443480394,-0.1398080082074649,0.029276677412301503,0.17425734816187896,-0.09887562893118511,-0.06573786253625012,0.11620189673508387,0.028397571852716883,0.021832244003337137,-0.05254611060818793,-0.11992561008888346,-0.14490794130872445
-0.13688351454831724,-0.1398080082074649,-0.0038847966581954723,0.15648044275149142,-0.061972144225094394,-0.08485924029614537,0.11620189673508387,0.028397571852716883,0.00421152978612476,-0.07258529177566987,-0.16436864486909408,-0.1705056077622242
-0.22939523420777733,-0.1079330840536174,0.09559962555329544,0.1920342535722665,-0.1911343406964119,0.010747648503330924,0.11620189673508387,0.028397571852716883,0.021832244003337137,-0.05254611060818793,-0.14214712747898875,-0.14490794130872445
-0.16772075443480394,-0.1398080082074649,-0.0038847966581954723,0.17425734816187896,-0.09887562893118511,-0.06573786253625012,0.08970425740656052,0.009455488879812434,0.00421152978612476,-0.07258529177566987,-0.14214712747898875,-0.1705056077622242
-0.13688351454831724,-0.1398080082074649,-0.03704627072869245,0.15648044275149142,-0.061972144225094394,-0.10398061805604064,0.11620189673508387,0.028397571852716883,0.00421152978612476,-0.05254611060818793,-0.14214712747898875,-0.1705056077622242
-0.22939523420777733,-0.1398080082074649,0.06243815148279847,0.20981115898265404,-0.17268259834336652,-0.046616484776354855,0.11620189673508387,0.04733965482562133,0.021832244003337137,-0.05254611060818793,-0.11992561008888346,-0.14490794130872445
-0.19855799432129065,-0.1079330840536174,0.06243815148279847,0.17425734816187896,-0.1542308559903212,-0.0274951070164596,0.11620189673508387,0.028397571852716883,0.00421152978612476,-0.07258529177566987,-0.16436864486909408,-0.1705056077622242
-0.13688351454831724,-0.1079330840536174,-0.0038847966581954723,0.13870353734110388,-0.08042388657813976,-0.06573786253625012,0.11620189673508387,0.028397571852716883,0.00421152978612476,-0.05254611060818793,-0.14214712747898875,-0.14490794130872445
-0.16772075443480394,-0.1079330840536174,0.029276677412301503,0.15648044275149142,-0.09887562893118511,-0.046616484776354855,0.1426995360636072,0.028397571852716883,0.00421152978612476,-0.0926244729431518,-0.14214712747898875,-0.19610327421572396
-0.16772075443480394,-0.1079330840536174,0.029276677412301503,0.15648044275149142,-0.09887562893118511,-0.046616484776354855,0.11620189673508387,0.028397571852716883,0.021832244003337137,-0.07258529177566987,-0.16436864486909408,-0.1705056077622242
-0.16772075443480394,-0.1079330840536174,0.029276677412301503,0.15648044275149142,-0.09887562893118511,-0.06573786253625012,0.1426995360636072,0.028397571852716883,0.021832244003337137,-0.07258529177566987,-0.16436864486909408,-0.1705056077622242
-0.16772075443480394,-0.1398080082074649,-0.0038847966581954723,0.17425734816187896,-0.08042388657813976,-0.10398061805604064,0.11620189673508387,0.028397571852716883,0.00421152978612476,-0.07258529177566987,-0.14214712747898875,-0.14490794130872445
-0.16772075443480394,-0.1079330840536174,0.029276677412301503,0.15648044275149142,-0.09887562893118511,-0.06573786253625012,0.11620189673508387,0.028397571852716883,0.00421152978612476,-0.07258529177566987,-0.14214712747898875,-0.1705056077622242
-0.19855799432129065,-0.1398080082074649,0.029276677412301503,0.1920342535722665,-0.11732737128423046,-0.08485924029614537,0.1426995360636072,0.028397571852716883,0.00421152978612476,-0.07258529177566987,-0.14214712747898875,-0.14490794130872445
-0.13688351454831724,-0.1398080082074649,-0.03704627072869245,0.15648044275149142,-0.043520401872049044,-0.12310199581593591,0.08970425740656052,0.028397571852716883,0.00421152978612476,-0.0926244729431518,-0.11992561008888346,-0.1705056077622242
-0.16772075443480394,-0.1398080082074649,-0.0038847966581954723,0.17425734816187896,-0.08042388657813976,-0.10398061805604064,0.11620189673508387,0.028397571852716883,-0.013409184431087615,-0.07258529177566987,-0.14214712747898875,-0.14490794130872445
-0.22939523420777733,-0.1079330840536174,0.09559962555329544,0.1920342535722665,-0.17268259834336652,-0.0274951070164596,0.11620189673508387,0.028397571852716883,0.021832244003337137,-0.07258529177566987,-0.14214712747898875,-0.14490794130872445
-0.22939523420777733,-0.1079330840536174,0.09559962555329544,0.1920342535722665,-0.17268259834336652,-0.0274951070164596,0.1426995360636072,0.028397571852716883,0.00421152978612476,-0.05254611060818793,-0.11992561008888346,-0.14490794130872445
-0.22939523420777733,-0.1398080082074649,0.06243815148279847,0.20981115898265404,-0.1542308559903212,-0.06573786253625012,0.1426995360636072,0.04733965482562133,0.00421152978612476,-0.07258529177566987,-0.11992561008888346,-0.14490794130872445
-0.26023247409426403,-0.1079330840536174,0.12876109962379242,0.20981115898265404,-0.20958608304945725,-0.008373729256564336,0.1426995360636072,0.04733965482562133,0.00421152978612476,-0.05254611060818793,-0.11992561008888346,-0.1193102748552247
-0.19855799432129065,-0.1079330840536174,0.06243815148279847,0.17425734816187896,-0.13577911363727582,-0.046616484776354855,0.1426995360636072,0.028397571852716883,0.00421152978612476,-0.07258529177566987,-0.11992561008888346,-0.14490794130872445
-0.16772075443480394,-0.1398080082074649,-0.0038847966581954723,0.17425734816187896,-0.061972144225094394,-0.10398061805604064,0.11620189673508387,0.009455488879812434,0.00421152978612476,-0.07258529177566987,-0.14214712747898875,-0.14490794130872445
-0.13688351454831724,-0.1398080082074649,-0.03704627072869245,0.15648044275149142,-0.025068659519003687,-0.12310199581593591,0.08970425740656052,0.009455488879812434,-0.013409184431087615,-0.0926244729431518,-0.14214712747898875,-0.14490794130872445
-0.16772075443480394,-0.1079330840536174,0.029276677412301503,0.15648044275149142,-0.08042388657813976,-0.06573786253625012,0.08970425740656052,0.009455488879812434,-0.013409184431087615,-0.0926244729431518,-0.16436864486909408,-0.1705056077622242
-0.19855799432129065,-0.1079330840536174,0.06243815148279847,0.17425734816187896,-0.11732737128423046,-0.046616484776354855,0.08970425740656052,0.009455488879812434,-0.013409184431087615,-0.07258529177566987,-0.14214712747898875,-0.1705056077622242
-0.19855799432129065,-0.1079330840536174,0.06243815148279847,0.17425734816187896,-0.11732737128423046,-0.046616484776354855,0.08970425740656052,0.028397571852716883,0.00421152978612476,-0.05254611060818793,-0.14214712747898875,-0.14490794130872445
-0.19855799432129065,-0.07605815989976988,0.09559962555329544,0.15648044275149142,-0.13577911363727582,-0.008373729256564336,0.11620189673508387,0.028397571852716883,0.00421152978612476,-0.05254611060818793,-0.11992561008888346,-0.14490794130872445
-0.22939523420777733,-0.1079330840536174,0.09559962555329544,0.1920342535722665,-0.1542308559903212,-0.0274951070164596,0.16919717539213053,0.04733965482562133,0.021832244003337137,-0.07258529177566987,-0.11992561008888346,-0.14490794130872445
-0.16772075443480394,-0.07605815989976988,0.06243815148279847,0.13870353734110388,-0.09887562893118511,-0.0274951070164596,0.1426995360636072,0.028397571852716883,0.00421152978612476,-0.07258529177566987,-0.11992561008888346,-0.14490794130872445
-0.13688351454831724,-0.07605815989976988,0.029276677412301503,0.12092663193071634,-0.061972144225094394,-0.046616484776354855,0.1426995360636072,0.009455488879812434,0.00421152978612476,-0.07258529177566987,-0.11992561008888346,-0.1705056077622242
-0.19855799432129065,-0.07605815989976988,0.09559962555329544,0.15648044275149142,-0.13577911363727582,-0.008373729256564336,0.16919717539213053,0.028397571852716883,0.00421152978612476,-0.07258529177566987,-0.14214712747898875,-0.19610327421572396
-0.19855799432129065,-0.07605815989976988,0.09559962555329544,0.15648044275149142,-0.13577911363727582,-0.008373729256564336,0.1426995360636072,0.028397571852716883,0.00421152978612476,-0.07258529177566987,-0.14214712747898875,-0.1705056077622242
-0.19855799432129065,-0.07605815989976988,0.09559962555329544,0.15648044275149142,-0.13577911363727582,-0.008373729256564336,0.1426995360636072,0.028397571852716883,0.021832244003337137,-0.07258529177566987,-0.11992561008888346,-0.1705056077622242
-0.16772075443480394,-0.07605815989976988,0.06243815148279847,0.13870353734110388,-0.09887562893118511,-0.0274951070164596,0.1426995360636072,0.028397571852716883,0.00421152978612476,-0.07258529177566987,-0.14214712747898875,-0.1705056077622242
-0.13688351454831724,-0.07605815989976988,0.029276677412301503,0.12092663193071634,-0.061972144225094394,-0.046616484776354855,0.1426995360636072,0.028397571852716883,-0.013409184431087615,-0.0926244729431518,-0.1865901622591994,-0.19610327421572396
-0.19855799432129065,-0.07605815989976988,0.12876109962379242,0.17425734816187896,-0.17268259834336652,0.010747648503330924,0.1426995360636072,0.028397571852716883,0.021832244003337137,-0.07258529177566987,-0.11992561008888346,-0.1705056077622242
-0.16772075443480394,-0.1079330840536174,0.06243815148279847,0.17425734816187896,-0.11732737128423046,-0.046616484776354855,0.1426995360636072,0.028397571852716883,0.021832244003337137,-0.0926244729431518,-0.14214712747898875,-0.1705056077622242
-0.22939523420777733,-0.1079330840536174,0.12876109962379242,0.20981115898265404,-0.1911343406964119,-0.008373729256564336,0.16919717539213053,0.06628173779852578,0.03945295822054951,-0.05254611060818793,-0.14214712747898875,-0.1705056077622242
-0.19855799432129065,-0.07605815989976988,0.12876109962379242,0.17425734816187896,-0.17268259834336652,0.010747648503330924,0.1426995360636072,0.04733965482562133,0.021832244003337137,-0.07258529177566987,-0.16436864486909408,-0.14490794130872445
-0.16772075443480394,-0.07605815989976988,0.09559962555329544,0.15648044275149142,-0.13577911363727582,-0.008373729256564336,0.1426995360636072,0.028397571852716883,0.021832244003337137,-0.07258529177566987,-0.14214712747898875,-0.1705056077622242
-0.13688351454831724,-0.07605815989976988,0.06243815148279847,0.13870353734110388,-0.09887562893118511,-0.0274951070164596,0.11620189673508387,0.028397571852716883,0.021832244003337137,-0.0926244729431518,-0.14214712747898875,-0.1705056077622242
-0.19855799432129065,-0.1079330840536174,0.09559962555329544,0.1920342535722665,-0.1542308559903212,-0.0274951070164596,0.1426995360636072,0.04733965482562133,0.021832244003337137,-0.0926244729431518,-0.14214712747898875,-0.1705056077622242
-0.19855799432129065,-0.07605815989976988,0.12876109962379242,0.17425734816187896,-0.17268259834336652,0.010747648503330924,0.08970425740656052,0.028397571852716883,0.00421152978612476,-0.11266365411063374,-0.16436864486909408,-0.1705056077622242
-0.16772075443480394,-0.07605815989976988,0.09559962555329544,0.15648044275149142,-0.13577911363727582,-0.008373729256564336,0.08970425740656052,0.028397571852716883,0.00421152978612476,-0.0926244729431518,-0.14214712747898875,-0.1705056077622242
-0.16772075443480394,-0.07605815989976988,0.09559962555329544,0.15648044275149142,-0.13577911363727582,-0.008373729256564336,0.08970425740656052,0.028397571852716883,0.00421152978612476,-0.11266365411063374,-0.16436864486909408,-0.1705056077622242
-0.16772075443480394,-0.07605815989976988,0.09559962555329544,0.15648044275149142,-0.13577911363727582,-0.008373729256564336,0.06320661807803718,0.009455488879812434,-0.013409184431087615,-0.11266365411063374,-0.16436864486909408,-0.14490794130872445
-0.16772075443480394,-0.1079330840536174,0.06243815148279847,0.17425734816187896,-0.11732737128423046,-0.046616484776354855,0.11620189673508387,0.009455488879812434,0.00421152978612476,-0.0926244729431518,-0.16436864486909408,-0.14490794130872445
-0.13688351454831724,-0.1079330840536174,0.029276677412301503,0.15648044275149142,-0.08042388657813976,-0.06573786253625012,0.08970425740656052,0.028397571852716883,0.00421152978612476,-0.0926244729431518,-0.16436864486909408,-0.1193102748552247
-0.13688351454831724,-0.1079330840536174,0.029276677412301503,0.15648044275149142,-0.08042388657813976,-0.06573786253625012,0.08970425740656052,0.009455488879812434,0.00421152978612476,-0.11266365411063374,-0.16436864486909408,-0.1705056077622242
-0.16772075443480394,-0.1079330840536174,0.06243815148279847,0.17425734816187896,-0.11732737128423046,-0.046616484776354855,0.08970425740656052,0.028397571852716883,0.00421152978612476,-0.0926244729431518,-0.14214712747898875,-0.14490794130872445
-0.19855799432129065,-0.1079330840536174,0.09559962555329544,0.1920342535722665,-0.1542308559903212,-0.0274951070164596,0.08970425740656052,0.028397571852716883,0.00421152978612476,-0.07258529177566987,-0.09770409269877815,-0.1193102748552247
-0.13688351454831724,-0.1079330840536174,0.029276677412301503,0.15648044275149142,-0.08042388657813976,-0.06573786253625012,0.08970425740656052,0.009455488879812434,0.00421152978612476,-0.0926244729431518,-0.11992561008888346,-0.14490794130872445
-0.16772075443480394,-0.1398080082074649,0.029276677412301503,0.1920342535722665,-0.09887562893118511,-0.08485924029614537,0.08970425740656052,0.028397571852716883,0.00421152978612476,-0.07258529177566987,-0.11992561008888346,-0.14490794130872445
-0.16772075443480394,-0.1716829323613124,-0.0038847966581954723,0.20981115898265404,-0.08042388657813976,-0.12310199581593591,0.11620189673508387,0.028397571852716883,0.00421152978612476,-0.07258529177566987,-0.09770409269877815,-0.09371260840172496
-0.13688351454831724,-0.1716829323613124,-0.03704627072869245,0.1920342535722665,-0.043520401872049044,-0.14222337357583117,0.08970425740656052,0.028397571852716883,-0.013409184431087615,-0.0926244729431518,-0.11992561008888346,-0.1193102748552247
-0.13688351454831724,-0.1716829323613124,-0.03704627072869245,0.1920342535722665,-0.043520401872049044,-0.14222337357583117,0.06320661807803718,0.009455488879812434,-0.031029898648299987,-0.0926244729431518,-0.11992561008888346,-0.1193102748552247
-0.16772075443480394,-0.1716829323613124,-0.0038847966581954723,0.20981115898265404,-0.08042388657813976,-0.12310199581593591,0.06320661807803718,0.04733965482562133,-0.013409184431087615,-0.0926244729431518,-0.09770409269877815,-0.14490794130872445
-0.16772075443480394,-0.20355785651515992,-0.0038847966581954723,0.20981115898265404,-0.08042388657813976,-0.12310199581593591,0.08970425740656052,0.028397571852716883,-0.031029898648299987,-0.07258529177566987,-0.09770409269877815,-0.1193102748552247
-0.19855799432129065,-0.20355785651515992,0.029276677412301503,0.2275880643930416,-0.11732737128423046,-0.10398061805604064,0.08970425740656052,0.04733965482562133,-0.013409184431087615,-0.07258529177566987,-0.09770409269877815,-0.1193102748552247
-0.16772075443480394,-0.20355785651515992,-0.0038847966581954723,0.20981115898265404,-0.08042388657813976,-0.12310199581593591,0.06320661807803718,0.028397571852716883,-0.013409184431087615,-0.0926244729431518,-0.09770409269877815,-0.14490794130872445
-0.10604627466183056,-0.20355785651515992,-0.07020774479918943,0.17425734816187896,-0.00661691716595833,-0.16134475133572643,0.06320661807803718,0.009455488879812434,-0.013409184431087615,-0.0926244729431518,-0.09770409269877815,-0.14490794130872445
-0.13688351454831724,-0.20355785651515992,-0.07020774479918943,0.1920342535722665,-0.043520401872049044,-0.14222337357583117,0.08970425740656052,0.028397571852716883,-0.031029898648299987,-0.07258529177566987,-0.09770409269877815,-0.14490794130872445
-0.19855799432129065,-0.1716829323613124,0.029276677412301503,0.20981115898265404,-0.13577911363727582,-0.06573786253625012,0.08970425740656052,0.028397571852716883,-0.013409184431087615,-0.07258529177566987,-0.09770409269877815,-0.1193102748552247
-0.19855799432129065,-0.1716829323613124,0.029276677412301503,0.20981115898265404,-0.13577911363727582,-0.06573786253625012,0.08970425740656052,0.028397571852716883,0.00421152978612476,-0.07258529177566987,-0.09770409269877815,-0.1193102748552247
-0.19855799432129065,-0.1398080082074649,0.06243815148279847,0.1920342535722665,-0.1542308559903212,-0.0274951070164596,0.11620189673508387,0.04733965482562133,-0.013409184431087615,-0.05254611060818793,-0.09770409269877815,-0.1193102748552247
-0.10604627466183056,-0.1398080082074649,-0.03704627072869245,0.13870353734110388,-0.043520401872049044,-0.08485924029614537,0.08970425740656052,0.028397571852716883,-0.031029898648299987,-0.0926244729431518,-0.09770409269877815,-0.1193102748552247
-0.10604627466183056,-0.1079330840536174,-0.0038847966581954723,0.12092663193071634,-0.061972144225094394,-0.046616484776354855,0.08970425740656052,0.028397571852716883,-0.013409184431087615,-0.07258529177566987,-0.09770409269877815,-0.14490794130872445
-0.07520903477534385,-0.07605815989976988,-0.0038847966581954723,0.08537282110994127,-0.043520401872049044,-0.0274951070164596,0.08970425740656052,0.04733965482562133,0.021832244003337137,-0.03250692944070599,-0.07548257530867285,-0.1193102748552247
-0.13688351454831724,-0.044183235745922374,0.09559962555329544,0.1031497265203288,-0.13577911363727582,0.048990404023121444,0.1426995360636072,0.06628173779852578,0.03945295822054951,-0.012467748273224052,-0.031039540528462233,-0.06811494194822522
-0.10604627466183056,0.08331646086946766,0.19508404776478638,0.014265199468391093,-0.1542308559903212,0.18284004834238826,0.1426995360636072,0.10416590374433468,0.07469438665497424,0.007571432894257888,-0.031039540528462233,-0.042517275494725476
-0.07520903477534385,0.1789412333310102,0.2614069959057803,-0.056842422173159074,-0.17268259834336652,0.2784469371418646,0.11620189673508387,0.08522382077143023,0.09231510087218663,0.007571432894257888,-0.031039540528462233,-0.042517275494725476
-0.07520903477534385,0.2108161574848577,0.2945684699762773,-0.07461932758354661,-0.1911343406964119,0.29756831490175983,0.16919717539213053,0.08522382077143023,0.109935815089399,0.027610614061739827,-0.053261057918567535,-0.042517275494725476
-0.07520903477534385,0.1789412333310102,0.2614069959057803,-0.056842422173159074,-0.17268259834336652,0.2593255593819693,0.16919717539213053,0.12310798671723913,0.12755652930661138,0.027610614061739827,-0.031039540528462233,-0.042517275494725476
-0.07520903477534385,0.2426910816387052,0.3277299440467743,-0.09239623299393417,-0.20958608304945725,0.33581107042155034,0.1956948147206539,0.14205006969014358,0.14517724352382377,0.04764979522922177,-0.008818023138356926,-0.042517275494725476
0.01730268488411623,0.2426910816387052,0.22824552183528335,-0.1457269492250968,-0.09887562893118511,0.2784469371418646,0.1956948147206539,0.14205006969014358,0.16279795774103614,0.04764979522922177,-0.008818023138356926,-0.042517275494725476
-0.07520903477534385,0.2745660057925527,0.36089141811727127,-0.12795004381470923,-0.2280378254025026,0.37405382594134085,0.24869009337770057,0.17993423563595248,0.1804186719582485,0.06768897639670371,0.035625011641853686,-0.016919609041225726
-0.013534555002370467,0.2745660057925527,0.2945684699762773,-0.16350385463548434,-0.1542308559903212,0.33581107042155034,0.11620189673508387,0.12310798671723913,0.14517724352382377,0.04764979522922177,-0.008818023138356926,-0.016919609041225726
-0.07520903477534385,0.2745660057925527,0.36089141811727127,-0.12795004381470923,-0.2280378254025026,0.37405382594134085,0.08970425740656052,0.04733965482562133,0.12755652930661138,0.04764979522922177,-0.008818023138356926,-0.016919609041225726
-0.07520903477534385,0.2108161574848577,0.2945684699762773,-0.09239623299393417,-0.1911343406964119,0.29756831490175983,0.06320661807803718,0.028397571852716883,0.09231510087218663,0.007571432894257888,-0.008818023138356926,-0.042517275494725476
-0.10604627466183056,0.14706630917716268,0.2614069959057803,-0.039065516762771535,-0.1911343406964119,0.24020418162207405,0.06320661807803718,0.04733965482562133,0.07469438665497424,-0.012467748273224052,-0.053261057918567535,-0.06811494194822522
-0.07520903477534385,0.11519138502331518,0.19508404776478638,-0.039065516762771535,-0.13577911363727582,0.18284004834238826,0.03670897874951384,0.04733965482562133,0.05707367243776188,-0.012467748273224052,-0.031039540528462233,-0.06811494194822522
-0.07520903477534385,0.11519138502331518,0.19508404776478638,-0.039065516762771535,-0.13577911363727582,0.18284004834238826,0.06320661807803718,0.04733965482562133,0.09231510087218663,0.007571432894257888,-0.008818023138356926,-0.042517275494725476
0.04813992477060292,0.14706630917716268,0.09559962555329544,-0.12795004381470923,-0.00661691716595833,0.14459729282259776,0.010211339420990504,0.06628173779852578,0.07469438665497424,0.007571432894257888,-0.008818023138356926,-0.016919609041225726
0.07897716465708962,0.08331646086946766,-0.0038847966581954723,-0.1101731384043217,0.0671900522462231,0.048990404023121444,0.03670897874951384,0.04733965482562133,0.05707367243776188,0.007571432894257888,-0.008818023138356926,-0.016919609041225726
-0.013534555002370467,0.051441536715620156,0.06243815148279847,-0.039065516762771535,-0.025068659519003687,0.0681117817830167,0.03670897874951384,0.009455488879812434,0.021832244003337137,-0.012467748273224052,-0.053261057918567535,-0.06811494194822522
-0.07520903477534385,0.019566612561772643,0.09559962555329544,0.014265199468391093,-0.08042388657813976,0.0681117817830167,0.06320661807803718,0.009455488879812434,0.00421152978612476,-0.05254611060818793,-0.07548257530867285,-0.1193102748552247
-0.07520903477534385,-0.1079330840536174,-0.03704627072869245,0.08537282110994127,-0.00661691716595833,-0.08485924029614537,0.06320661807803718,-0.009486594093092014,-0.013409184431087615,-0.0926244729431518,-0.14214712747898875,-0.1705056077622242
-0.19855799432129065,-0.1398080082074649,0.06243815148279847,0.15648044275149142,-0.13577911363727582,-0.046616484776354855,0.08970425740656052,-0.009486594093092014,0.00421152978612476,-0.0926244729431518,-0.16436864486909408,-0.1705056077622242
-0.13688351454831724,-0.1398080082074649,-0.0038847966581954723,0.12092663193071634,-0.061972144225094394,-0.08485924029614537,0.08970425740656052,-0.02842867706599646,-0.013409184431087615,-0.11266365411063374,-0.16436864486909408,-0.1705056077622242
-0.19855799432129065,-0.20355785651515992,-0.0038847966581954723,0.1920342535722665,-0.09887562893118511,-0.12310199581593591,0.11620189673508387,-0.009486594093092014,-0.031029898648299987,-0.11266365411063374,-0.16436864486909408,-0.1705056077622242
-0.22939523420777733,-0.20355785651515992,0.029276677412301503,0.20981115898265404,-0.13577911363727582,-0.10398061805604064,0.1426995360636072,0.009455488879812434,-0.013409184431087615,-0.11266365411063374,-0.1865901622591994,-0.19610327421572396
-0.22939523420777733,-0.26730770482285493,-0.03704627072869245,0.24536496980342914,-0.09887562893118511,-0.1804661290956217,0.11620189673508387,0.009455488879812434,-0.04865061286551236,-0.1327028352781157,-0.1865901622591994,-0.19610327421572396
-0.26023247409426403,-0.29918262897670245,-0.03704627072869245,0.2809187806242042,-0.11732737128423046,-0.19958750685551696,0.16919717539213053,-0.02842867706599646,-0.04865061286551236,-0.15274201644559762,-0.2088116796493047,-0.24729860712272345
-0.16772075443480394,-0.33105755313054996,-0.16969216701068032,0.24536496980342914,0.011834825187087025,-0.2951943956549933,0.11620189673508387,-0.04737076003890091,-0.06627132708272473,-0.19282037878056152,-0.23103319703941,-0.2728962735762232
-0.26023247409426403,-0.33105755313054996,-0.07020774479918943,0.29869568603459173,-0.09887562893118511,-0.2378302623753075,0.11620189673508387,-0.04737076003890091,-0.06627132708272473,-0.17278119761307958,-0.2754762318196206,-0.29849394002972296
-0.2910697139807507,-0.33105755313054996,-0.03704627072869245,0.3164725914449793,-0.13577911363727582,-0.2187088846154122,0.11620189673508387,-0.02842867706599646,-0.06627132708272473,-0.17278119761307958,-0.2532547144295153,-0.2728962735762232
-0.2910697139807507,-0.33105755313054996,-0.03704627072869245,0.3164725914449793,-0.13577911363727582,-0.2187088846154122,0.1426995360636072,-0.04737076003890091,-0.08389204129993712,-0.15274201644559762,-0.23103319703941,-0.2728962735762232
-0.26023247409426403,-0.33105755313054996,-0.07020774479918943,0.29869568603459173,-0.09887562893118511,-0.2378302623753075,0.1426995360636072,-0.02842867706599646,-0.08389204129993712,-0.15274201644559762,-0.23103319703941,-0.2728962735762232
-0.26023247409426403,-0.33105755313054996,-0.07020774479918943,0.29869568603459173,-0.09887562893118511,-0.2378302623753075,0.1426995360636072,-0.0852549259847098,-0.10151275551714949,-0.17278119761307958,-0.2532547144295153,-0.29849394002972296
-0.26023247409426403,-0.33105755313054996,-0.07020774479918943,0.29869568603459173,-0.09887562893118511,-0.2378302623753075,0.1426995360636072,-0.04737076003890091,-0.08389204129993712,-0.21285955994804345,-0.2754762318196206,-0.29849394002972296
-0.26023247409426403,-0.33105755313054996,-0.07020774479918943,0.29869568603459173,-0.09887562893118511,-0.2378302623753075,0.11620189673508387,-0.06631284301180536,-0.08389204129993712,-0.19282037878056152,-0.23103319703941,-0.29849394002972296
-0.32190695386723744,-0.33105755313054996,-0.0038847966581954723,0.33424949685536687,-0.17268259834336652,-0.19958750685551696,0.16919717539213053,-0.02842867706599646,-0.08389204129993712,-0.15274201644559762,-0.23103319703941,-0.24729860712272345
-0.3835814336402108,-0.33105755313054996,0.06243815148279847,0.36980330767614195,-0.24648956775554795,-0.16134475133572643,0.16919717539213053,-0.02842867706599646,-0.06627132708272473,-0.15274201644559762,-0.23103319703941,-0.24729860712272345
-0.2910697139807507,-0.33105755313054996,-0.03704627072869245,0.3164725914449793,-0.13577911363727582,-0.2187088846154122,0.1426995360636072,-0.04737076003890091,-0.08389204129993712,-0.19282037878056152,-0.2532547144295153,-0.24729860712272345
-0.32190695386723744,-0.33105755313054996,-0.0038847966581954723,0.33424949685536687,-0.17268259834336652,-0.19958750685551696,0.1426995360636072,-0.04737076003890091,-0.06627132708272473,-0.17278119761307958,-0.23103319703941,-0.2728962735762232
-0.32190695386723744,-0.33105755313054996,-0.0038847966581954723,0.33424949685536687,-0.17268259834336652,-0.19958750685551696,0.1426995360636072,-0.02842867706599646,-0.08389204129993712,-0.17278119761307958,-0.2532547144295153,-0.2728962735762232
-0.3527441937537241,-0.29918262897670245,0.06243815148279847,0.33424949685536687,-0.2280378254025026,-0.14222337357583117,0.16919717539213053,-0.02842867706599646,-0.06627132708272473,-0.15274201644559762,-0.2088116796493047,-0.24729860712272345
-0.22939523420777733,-0.29918262897670245,-0.07020774479918943,0.26314187521381666,-0.08042388657813976,-0.2187088846154122,0.08970425740656052,-0.02842867706599646,-0.06627132708272473,-0.17278119761307958,-0.2532547144295153,-0.2728962735762232
-0.2910697139807507,-0.33105755313054996,-0.03704627072869245,0.3164725914449793,-0.13577911363727582,-0.19958750685551696,0.11620189673508387,-0.02842867706599646,-0.06627132708272473,-0.17278119761307958,-0.23103319703941,-0.2728962735762232
-0.2910697139807507,-0.26730770482285493,-0.0038847966581954723,0.29869568603459173,-0.1542308559903212,-0.16134475133572643,0.1426995360636072,-0.02842867706599646,-0.06627132708272473,-0.15274201644559762,-0.23103319703941,-0.2728962735762232
-0.32190695386723744,-0.26730770482285493,0.029276677412301503,0.3164725914449793,-0.1911343406964119,-0.14222337357583117,0.11620189673508387,-0.009486594093092014,-0.06627132708272473,-0.1327028352781157,-0.2088116796493047,-0.24729860712272345
-0.2910697139807507,-0.26730770482285493,-0.0038847966581954723,0.29869568603459173,-0.1542308559903212,-0.16134475133572643,0.11620189673508387,-0.009486594093092014,-0.06627132708272473,-0.15274201644559762,-0.2088116796493047,-0.24729860712272345
-0.2910697139807507,-0.26730770482285493,-0.0038847966581954723,0.29869568603459173,-0.1542308559903212,-0.16134475133572643,0.11620189673508387,-0.009486594093092014,-0.04865061286551236,-0.15274201644559762,-0.2088116796493047,-0.24729860712272345
-0.2910697139807507,-0.20355785651515992,0.06243815148279847,0.26314187521381666,-0.1911343406964119,-0.08485924029614537,0.11620189673508387,-0.009486594093092014,-0.04865061286551236,-0.15274201644559762,-0.2088116796493047,-0.24729860712272345
-0.22939523420777733,-0.20355785651515992,-0.0038847966581954723,0.2275880643930416,-0.11732737128423046,-0.12310199581593591,0.11620189673508387,0.009455488879812434,-0.031029898648299987,-0.1327028352781157,-0.2088116796493047,-0.24729860712272345
-0.2910697139807507,-0.1716829323613124,0.09559962555329544,0.24536496980342914,-0.20958608304945725,-0.046616484776354855,0.1426995360636072,0.009455488879812434,-0.031029898648299987,-0.11266365411063374,-0.1865901622591994,-0.2217009406692237
-0.2910697139807507,-0.1716829323613124,0.09559962555329544,0.24536496980342914,-0.20958608304945725,-0.046616484776354855,0.16919717539213053,0.009455488879812434,0.00421152978612476,-0.11266365411063374,-0.16436864486909408,-0.19610327421572396
-0.2910697139807507,-0.1398080082074649,0.12876109962379242,0.2275880643930416,-0.2280378254025026,-0.008373729256564336,0.16919717539213053,0.009455488879812434,0.00421152978612476,-0.1327028352781157,-0.2088116796493047,-0.19610327421572396
-0.2910697139807507,-0.07605815989976988,0.22824552183528335,0.1920342535722665,-0.2649413101085933,0.0681117817830167,0.24869009337770057,0.08522382077143023,0.03945295822054951,-0.0926244729431518,-0.1865901622591994,-0.2217009406692237
-0.4760931532996709,0.14706630917716268,0.659344684751744,0.17425734816187896,-0.6155244148164551,0.4505393369809219,0.4076759293488406,0.29358673347337916,0.21566010039267325,0.007571432894257888,-0.14214712747898875,-0.2217009406692237
-0.41441867352669753,0.14706630917716268,0.5930217366107501,0.13870353734110388,-0.5417174454042737,0.4122965814611314,0.5666617653199806,0.4261813142837103,0.3037636714787351,0.08772815756418564,-0.031039540528462233,-0.1193102748552247
-0.013534555002370467,0.019566612561772643,0.029276677412301503,-0.021288611352383992,0.011834825187087025,0.010747648503330924,0.3811782900203173,0.4261813142837103,0.3037636714787351,0.2280024257365592,0.14673259859238022,0.1622640561332725
0.757396442159797,-0.044183235745922374,-0.8660831224911167,-0.43015743579129745,0.9713254275454455,-0.5437723065336316,0.11620189673508387,0.48300756320242366,0.39186724256479694,0.4885117809138244,0.6133844637845917,0.7510103845637667
1.6825136387543977,0.051441536715620156,-1.7614429223945351,-1.0167953143340864,2.023074741669031,-1.0026853727711178,-0.12227685722162619,0.8239650567147037,0.7619022411262569,1.0696480347708006,1.3911375724382775,1.7749170427037566
2.2992584364841315,0.4339406265617903,-2.026734714958511,-1.5856562874664875,2.539723527554301,-0.9261998617315368,-0.41375088983538294,0.880791305633417,1.1143165254705043,1.650784288627777,2.168890681091963,2.824421367297246
2.8234915145544055,0.7526898681002654,-2.2588650334519897,-2.065632733546951,2.9825653440273894,-0.868835728451851,-0.9172060370773265,0.21781840158176138,0.9204886690811682,1.7910585568001505,2.4799919245534374,3.4131676957277404
3.4402363122841395,1.1033140337925882,-2.5573183000864628,-2.6167168012689648,3.5176658722657046,-0.8114715951721653,-1.4471588236477932,-0.5209228343615121,0.6385572416057702,1.7509801944651866,2.524434959333648,3.7203396931697372
3.563585271830086,0.8483146405618079,-2.9552559889324264,-2.545609179627415,3.8128937499144304,-1.1938991503700704,-1.9241163315612133,-1.1649536554402635,0.14517724352382377,1.2299614841106563,1.9911185419711206,3.1571910311927427
2.885165994327379,0.3064409299464002,-2.789448618579941,-1.8523098686223007,3.3146967063822057,-1.4233556834888137,-2.003609249546783,-1.657447812735779,-0.5596513251646712,0.3482375127414508,0.9022641898559607,1.8517100420642558
1.3124667601165574,0.019566612561772643,-1.3966667076190684,-0.7856955439990483,1.5986846675489876,-0.79235021741227,-1.5531493809618866,-2.0931157211125813,-1.264479893853166,-0.8541133573074654,-0.6976850622316214,-0.19610327421572396
-0.2910697139807507,-0.23543278066900744,0.06243815148279847,0.2809187806242042,-0.17268259834336652,-0.10398061805604064,-0.9437036764058498,-2.30147863381453,-1.7226184635006878,-1.7358373286766708,-1.9420900360775186,-1.8343539272397076
-1.0311634712564315,-0.29918262897670245,0.7919905810337319,0.7431183212942803,-1.021462746583453,0.2784469371418646,-0.6257320044635697,-2.2635944678687214,-1.7931013203695374,-1.9362291403514902,-2.2754127969290985,-2.320709589856203
-1.0928379510294048,-0.33105755313054996,0.8251520551042288,0.7964490375254429,-1.076817973642589,0.2784469371418646,-0.5197414471494762,-1.9605211403022502,-1.5111698928941393,-1.5554846981693333,-1.808760931736887,-1.8343539272397076
-1.0928379510294048,-0.20355785651515992,0.9577979513862168,0.7253414158838928,-1.1506249430547704,0.43141795922102666,-0.28126269319276626,-1.5627373978712567,-1.1939970369843167,-1.2348577994896224,-1.453216653495202,-1.475986596890711
-0.9078145117104847,-0.1716829323613124,0.7919905810337319,0.6009030780111799,-0.9476557771712715,0.3549324481814456,0.010211339420990504,-0.9565907427383145,-0.7887206099884321,-0.8941917196424293,-1.0754508578634117,-1.1688145994487142
-0.568604872959131,-0.07605815989976988,0.5266987884697562,0.3520264022657544,-0.5970726724634098,0.2593255593819693,0.010211339420990504,-0.6156332492260345,-0.5420306109474589,-0.6336823644651641,-0.742128097011832,-0.7848496026462181
-0.26023247409426403,0.051441536715620156,0.3277299440467743,0.1031497265203288,-0.30184479481468407,0.22108280386217877,-0.14877449655014954,-0.5966911662531299,-0.4363063256441846,-0.4533297339578267,-0.5643559578909896,-0.5288729381112206
-0.2910697139807507,0.051441536715620156,0.36089141811727127,0.12092663193071634,-0.33874827952077474,0.24020418162207405,-0.06928157856457952,-0.4072703365240854,-0.29534061190648564,-0.3130554657854532,-0.4310268535503577,-0.4264822722972217
-0.3527441937537241,-0.012308311592074865,0.36089141811727127,0.1920342535722665,-0.37565176422686547,0.20196142610228351,0.11620189673508387,-0.1231390919305187,-0.11913346973436187,-0.2328987411155254,-0.2976977492097259,-0.32409160648322266
-0.26023247409426403,-0.044183235745922374,0.22824552183528335,0.15648044275149142,-0.24648956775554795,0.10635453730280722,0.16919717539213053,-0.04737076003890091,-0.04865061286551236,-0.17278119761307958,-0.2754762318196206,-0.29849394002972296
-0.22939523420777733,-0.07605815989976988,0.16192257369428942,0.15648044275149142,-0.1911343406964119,0.048990404023121444,0.1426995360636072,-0.0852549259847098,-0.04865061286551236,-0.15274201644559762,-0.2532547144295153,-0.2728962735762232
-0.19855799432129065,-0.07605815989976988,0.12876109962379242,0.13870353734110388,-0.1542308559903212,0.029869026263226184,0.1426995360636072,-0.10419700895761425,-0.06627132708272473,-0.15274201644559762,-0.2532547144295153,-0.24729860712272345
-0.26023247409426403,-0.07605815989976988,0.19508404776478638,0.17425734816187896,-0.2280378254025026,0.0681117817830167,0.1426995360636072,-0.04737076003890091,-0.04865061286551236,-0.15274201644559762,-0.2088116796493047,-0.2728962735762232
-0.2910697139807507,-0.044183235745922374,0.2614069959057803,0.17425734816187896,-0.28339305246163865,0.12547591506270248,0.1956948147206539,0.009455488879812434,-0.013409184431087615,-0.1327028352781157,-0.16436864486909408,-0.2217009406692237
-0.22939523420777733,-0.1079330840536174,0.12876109962379242,0.17425734816187896,-0.17268259834336652,0.010747648503330924,0.16919717539213053,0.009455488879812434,0.021832244003337137,-0.0926244729431518,-0.1865901622591994,-0.19610327421572396
-0.2910697139807507,-0.1079330840536174,0.19508404776478638,0.20981115898265404,-0.24648956775554795,0.048990404023121444,0.22219245404917723,0.028397571852716883,0.03945295822054951,-0.07258529177566987,-0.1865901622591994,-0.1705056077622242
-0.22939523420777733,-0.1079330840536174,0.12876109962379242,0.17425734816187896,-0.17268259834336652,0.010747648503330924,0.1956948147206539,0.009455488879812434,0.03945295822054951,-0.07258529177566987,-0.16436864486909408,-0.2217009406692237
-0.19855799432129065,-0.07605815989976988,0.12876109962379242,0.13870353734110388,-0.1542308559903212,0.029869026263226184,0.16919717539213053,0.028397571852716883,0.021832244003337137,-0.0926244729431518,-0.1865901622591994,-0.2217009406692237
-0.22939523420777733,-0.07605815989976988,0.16192257369428942,0.15648044275149142,-0.1911343406964119,0.048990404023121444,0.16919717539213053,0.028397571852716883,0.021832244003337137,-0.07258529177566987,-0.16436864486909408,-0.19610327421572396
-0.19855799432129065,-0.07605815989976988,0.12876109962379242,0.13870353734110388,-0.1542308559903212,0.029869026263226184,0.1956948147206539,0.028397571852716883,0.021832244003337137,-0.07258529177566987,-0.16436864486909408,-0.19610327421572396
-0.13688351454831724,-0.07605815989976988,0.06243815148279847,0.1031497265203288,-0.08042388657813976,-0.008373729256564336,0.1956948147206539,0.04733965482562133,0.00421152978612476,-0.0926244729431518,-0.16436864486909408,-0.19610327421572396
-0.22939523420777733,-0.1079330840536174,0.12876109962379242,0.17425734816187896,-0.17268259834336652,0.010747648503330924,0.22219245404917723,0.04733965482562133,0.03945295822054951,-0.0926244729431518,-0.14214712747898875,-0.1705056077622242
-0.26023247409426403,-0.1079330840536174,0.16192257369428942,0.1920342535722665,-0.20958608304945725,0.029869026263226184,0.22219245404917723,0.06628173779852578,0.03945295822054951,-0.05254611060818793,-0.14214712747898875,-0.1705056077622242
-0.19855799432129065,-0.1079330840536174,0.09559962555329544,0.15648044275149142,-0.13577911363727582,-0.008373729256564336,0.1956948147206539,0.04733965482562133,0.021832244003337137,-0.07258529177566987,-0.14214712747898875,-0.19610327421572396
-0.16772075443480394,-0.1079330840536174,0.06243815148279847,0.13870353734110388,-0.09887562893118511,-0.0274951070164596,0.16919717539213053,0.04733965482562133,0.021832244003337137,-0.07258529177566987,-0.14214712747898875,-0.1705056077622242
-0.16772075443480394,-0.1079330840536174,0.09559962555329544,0.12092663193071634,-0.11732737128423046,0.010747648503330924,0.16919717539213053,0.009455488879812434,0.00421152978612476,-0.0926244729431518,-0.16436864486909408,-0.19610327421572396
-0.22939523420777733,-0.1398080082074649,0.12876109962379242,0.17425734816187896,-0.17268259834336652,0.010747648503330924,0.1956948147206539,0.028397571852716883,0.03945295822054951,-0.07258529177566987,-0.14214712747898875,-0.14490794130872445
-0.19855799432129065,-0.1398080082074649,0.09559962555329544,0.15648044275149142,-0.13577911363727582,-0.008373729256564336,0.16919717539213053,0.028397571852716883,0.021832244003337137,-0.07258529177566987,-0.14214712747898875,-0.14490794130872445
-0.19855799432129065,-0.1398080082074649,0.09559962555329544,0.15648044275149142,-0.13577911363727582,-0.008373729256564336,0.16919717539213053,0.028397571852716883,0.03945295822054951,-0.07258529177566987,-0.11992561008888346,-0.14490794130872445
-0.22939523420777733,-0.1398080082074649,0.12876109962379242,0.17425734816187896,-0.17268259834336652,0.010747648503330924,0.16919717539213053,0.028397571852716883,0.03945295822054951,-0.07258529177566987,-0.11992561008888346,-0.14490794130872445
-0.26023247409426403,-0.1716829323613124,0.12876109962379242,0.20981115898265404,-0.20958608304945725,-0.008373729256564336,0.1956948147206539,0.028397571852716883,0.03945295822054951,-0.05254611060818793,-0.11992561008888346,-0.14490794130872445
-0.19855799432129065,-0.1716829323613124,0.06243815148279847,0.17425734816187896,-0.1542308559903212,-0.046616484776354855,0.16919717539213053,0.028397571852716883,0.00421152978612476,-0.07258529177566987,-0.11992561008888346,-0.14490794130872445
-0.16772075443480394,-0.20355785651515992,-0.0038847966581954723,0.17425734816187896,-0.11732737128423046,-0.10398061805604064,0.1426995360636072,0.009455488879812434,0.00421152978612476,-0.05254611060818793,-0.11992561008888346,-0.19610327421572396
-0.16772075443480394,-0.26730770482285493,-0.07020774479918943,0.20981115898265404,-0.09887562893118511,-0.1804661290956217,0.1426995360636072,0.009455488879812434,-0.013409184431087615,-0.07258529177566987,-0.11992561008888346,-0.19610327421572396
-0.22939523420777733,-0.3629324772843975,-0.1033692188696864,0.29869568603459173,-0.11732737128423046,-0.2569516401352027,0.1426995360636072,0.028397571852716883,-0.013409184431087615,-0.05254611060818793,-0.11992561008888346,-0.1193102748552247
-0.16772075443480394,-0.394807401438245,-0.20285364108117732,0.2809187806242042,-0.025068659519003687,-0.3334371511747838,0.11620189673508387,0.028397571852716883,-0.06627132708272473,-0.07258529177566987,-0.11992561008888346,-0.14490794130872445
-0.22939523420777733,-0.394807401438245,-0.13653069294018336,0.3164725914449793,-0.09887562893118511,-0.2951943956549933,0.11620189673508387,0.04733965482562133,-0.06627132708272473,-0.07258529177566987,-0.09770409269877815,-0.1193102748552247
-0.16772075443480394,-0.3629324772843975,-0.20285364108117732,0.24536496980342914,-0.00661691716595833,-0.31431577341488853,0.03670897874951384,0.009455488879812434,-0.08389204129993712,-0.0926244729431518,-0.11992561008888346,-0.14490794130872445
-0.10604627466183056,-0.3629324772843975,-0.26917658922217125,0.20981115898265404,0.0671900522462231,-0.35255852893467904,0.06320661807803718,0.028397571852716883,-0.08389204129993712,-0.0926244729431518,-0.11992561008888346,-0.1705056077622242
-0.13688351454831724,-0.29918262897670245,-0.16969216701068032,0.20981115898265404,-0.00661691716595833,-0.276073017895098,0.03670897874951384,0.009455488879812434,-0.08389204129993712,-0.0926244729431518,-0.11992561008888346,-0.1705056077622242
-0.19855799432129065,-0.33105755313054996,-0.13653069294018336,0.26314187521381666,-0.061972144225094394,-0.276073017895098,0.06320661807803718,0.028397571852716883,-0.04865061286551236,-0.07258529177566987,-0.14214712747898875,-0.1193102748552247
-0.16772075443480394,-0.33105755313054996,-0.16969216701068032,0.24536496980342914,-0.025068659519003687,-0.2951943956549933,0.06320661807803718,0.028397571852716883,-0.04865061286551236,-0.07258529177566987,-0.11992561008888346,-0.1705056077622242
-0.16772075443480394,-0.29918262897670245,-0.13653069294018336,0.2275880643930416,-0.043520401872049044,-0.2569516401352027,0.08970425740656052,0.028397571852716883,-0.013409184431087615,-0.05254611060818793,-0.09770409269877815,-0.1193102748552247
-0.13688351454831724,-0.33105755313054996,-0.20285364108117732,0.2275880643930416,0.011834825187087025,-0.31431577341488853,0.06320661807803718,0.028397571852716883,-0.031029898648299987,-0.0926244729431518,-0.09770409269877815,-0.14490794130872445
-0.10604627466183056,-0.33105755313054996,-0.23601511515167428,0.20981115898265404,0.048738309893177734,-0.3334371511747838,0.08970425740656052,0.028397571852716883,-0.031029898648299987,-0.05254611060818793,-0.07548257530867285,-0.1193102748552247
-0.10604627466183056,-0.3629324772843975,-0.26917658922217125,0.2275880643930416,0.0671900522462231,-0.3716799066945743,0.08970425740656052,0.04733965482562133,-0.031029898648299987,-0.05254611060818793,-0.07548257530867285,-0.09371260840172496
-0.10604627466183056,-0.33105755313054996,-0.23601511515167428,0.20981115898265404,0.048738309893177734,-0.3334371511747838,0.08970425740656052,0.04733965482562133,-0.013409184431087615,-0.03250692944070599,-0.07548257530867285,-0.06811494194822522
-0.10604627466183056,-0.29918262897670245,-0.20285364108117732,0.20981115898265404,0.03028656754013238,-0.2951943956549933,0.06320661807803718,0.04733965482562133,-0.013409184431087615,-0.05254611060818793,-0.053261057918567535,-0.042517275494725476
-0.10604627466183056,-0.26730770482285493,-0.16969216701068032,0.20981115898265404,0.011834825187087025,-0.2569516401352027,0.03670897874951384,0.06628173779852578,0.00421152978612476,-0.012467748273224052,-0.031039540528462233,-0.042517275494725476
-0.013534555002370467,-0.26730770482285493,-0.26917658922217125,0.17425734816187896,0.12254527930535916,-0.31431577341488853,0.03670897874951384,0.04733965482562133,-0.013409184431087615,-0.012467748273224052,-0.031039540528462233,-0.016919609041225726
0.04813992477060292,-0.26730770482285493,-0.3354995373631652,0.13870353734110388,0.1963522487175406,-0.35255852893467904,0.03670897874951384,0.08522382077143023,-0.013409184431087615,-0.012467748273224052,-0.008818023138356926,0.00867805741227402
0.04813992477060292,-0.26730770482285493,-0.3354995373631652,0.13870353734110388,0.1963522487175406,-0.35255852893467904,0.010211339420990504,0.08522382077143023,0.03945295822054951,0.027610614061739827,0.035625011641853686,0.034275723865773766
0.04813992477060292,-0.23543278066900744,-0.3023380632926682,0.12092663193071634,0.17790050636449523,-0.31431577341488853,0.010211339420990504,0.10416590374433468,0.03945295822054951,0.04764979522922177,0.05784652903195899,0.08547105677277325
0.07897716465708962,-0.20355785651515992,-0.3023380632926682,0.08537282110994127,0.1963522487175406,-0.2951943956549933,0.010211339420990504,0.10416590374433468,0.05707367243776188,0.06768897639670371,0.0800680464220643,0.11106872322627301
0.1714888843165497,-0.20355785651515992,-0.40182248550415917,0.032042104878778635,0.30706270283581266,-0.35255852893467904,-0.016286299907532834,0.08522382077143023,0.05707367243776188,0.06768897639670371,0.10228956381216961,0.1622640561332725
0.2640006039760098,-0.1716829323613124,-0.4681454336451531,-0.039065516762771535,0.3993214146010395,-0.3716799066945743,-0.06928157856457952,0.12310798671723913,0.07469438665497424,0.1278065198991495,0.14673259859238022,0.21345938904027198
0.2948378438624965,-0.1716829323613124,-0.5013069077156501,-0.056842422173159074,0.43622489930713015,-0.39080128445446954,-0.06928157856457952,0.12310798671723913,0.109935815089399,0.20796324456907725,0.19117563337259083,0.2902523884007712
0.3873495635219566,-0.1079330840536174,-0.5344683817861471,-0.1457269492250968,0.5100318687193116,-0.3716799066945743,-0.09577921789310286,0.10416590374433468,0.109935815089399,0.20796324456907725,0.21339715076269614,0.34144772130777074
0.44902404329492995,-0.012308311592074865,-0.5013069077156501,-0.2346114762770345,0.528483611072357,-0.2951943956549933,-0.14877449655014954,0.12310798671723913,0.12755652930661138,0.2280024257365592,0.3022832203231174,0.41824072066826995
0.5723730028408768,0.019566612561772643,-0.600791329927141,-0.3234960033289722,0.6576458075436744,-0.3334371511747838,-0.17527213587867288,0.10416590374433468,0.12755652930661138,0.24804160690404115,0.3689477724934333,0.4950337200287692
0.6340474826138501,0.08331646086946766,-0.600791329927141,-0.39460362497052237,0.6945492922497651,-0.2951943956549933,-0.20176977520719622,0.12310798671723913,0.14517724352382377,0.30815915040648695,0.4133908072736439,0.5718267193892684
0.6340474826138501,0.08331646086946766,-0.600791329927141,-0.39460362497052237,0.6945492922497651,-0.2951943956549933,-0.20176977520719622,0.14205006969014358,0.19803938617546088,0.36827669390893275,0.48005535944395983,0.6486197187497676
0.6957219623868235,0.14706630917716268,-0.600791329927141,-0.4657112466120725,0.7314527769558559,-0.2569516401352027,-0.22826741453571955,0.12310798671723913,0.21566010039267325,0.4083550562438967,0.5244983942241704,0.7510103845637667
0.8190709219327703,0.2108161574848577,-0.667114278068135,-0.5723726790743978,0.8421632310741279,-0.2569516401352027,-0.3077603325212896,0.10416590374433468,0.19803938617546088,0.4083550562438967,0.5467199116142758,0.8022057174707662
0.9115826415922305,0.3064409299464002,-0.667114278068135,-0.679034111536723,0.897518458133264,-0.19958750685551696,-0.36075561117833627,0.08522382077143023,0.21566010039267325,0.4283942374113786,0.5911629463944864,0.827803383924266
0.9115826415922305,0.3383158541002477,-0.633952803997638,-0.6968110169471106,0.8790667157802187,-0.16134475133572643,-0.36075561117833627,0.10416590374433468,0.250901528827098,0.4885117809138244,0.635605981174697,0.8789987168312655
0.9424198814787171,0.37019077825409524,-0.633952803997638,-0.7323648277678857,0.897518458133264,-0.14222337357583117,-0.36075561117833627,0.12310798671723913,0.2861429572615227,0.5085509620813063,0.6578274985648023,0.9557917161917647
0.9732571213652038,0.40206570240794276,-0.633952803997638,-0.7679186385886607,0.9159702004863094,-0.12310199581593591,-0.3872532505068596,0.12310798671723913,0.2861429572615227,0.5285901432487883,0.6800490159549076,0.9813893826452644
0.9732571213652038,0.4339406265617903,-0.600791329927141,-0.7856955439990483,0.897518458133264,-0.08485924029614537,-0.36075561117833627,0.10416590374433468,0.2861429572615227,0.5486293244162702,0.7022705333450129,0.9557917161917647
1.0657688410246637,0.4658155507156378,-0.667114278068135,-0.8568031656405984,0.9897771698984908,-0.10398061805604064,-0.41375088983538294,0.08522382077143023,0.2685222430443104,0.5285901432487883,0.6800490159549076,0.9557917161917647
1.034931601138177,0.4658155507156378,-0.633952803997638,-0.8390262602302109,0.9528736851924001,-0.08485924029614537,-0.3872532505068596,0.08522382077143023,0.2685222430443104,0.5486293244162702,0.6800490159549076,0.9557917161917647
1.0040943612516904,0.4976904748694853,-0.567629855856644,-0.8390262602302109,0.897518458133264,-0.0274951070164596,-0.3872532505068596,0.08522382077143023,0.250901528827098,0.5285901432487883,0.635605981174697,0.9045963832847652
0.9115826415922305,0.4976904748694853,-0.4681454336451531,-0.7856955439990483,0.786808004014992,0.029869026263226184,-0.33425797184981293,0.10416590374433468,0.250901528827098,0.4885117809138244,0.6133844637845917,0.9045963832847652
0.8807454017057437,0.4976904748694853,-0.43498395957465613,-0.7679186385886607,0.7499045193089012,0.048990404023121444,-0.3077603325212896,0.08522382077143023,0.2685222430443104,0.4885117809138244,0.5911629463944864,0.8534010503777657
0.757396442159797,0.4658155507156378,-0.3354995373631652,-0.679034111536723,0.6207423228375837,0.08723315954291197,-0.2547650538642429,0.10416590374433468,0.250901528827098,0.4684725997463425,0.5467199116142758,0.7510103845637667
0.6648847225003368,0.4339406265617903,-0.3023380632926682,-0.6257033953055604,0.5653870957784477,0.08723315954291197,-0.22826741453571955,0.10416590374433468,0.250901528827098,0.44843341857886054,0.48005535944395983,0.6998150516567672
0.5723730028408768,0.37019077825409524,-0.26917658922217125,-0.5368188682536227,0.49158012636626625,0.0681117817830167,-0.17527213587867288,0.12310798671723913,0.250901528827098,0.4083550562438967,0.48005535944395983,0.6742173852032675
0.5106985230679033,0.3383158541002477,-0.23601511515167428,-0.4834881520224601,0.43622489930713015,0.0681117817830167,-0.14877449655014954,0.10416590374433468,0.21566010039267325,0.3482375127414508,0.3911692898835386,0.5974243858427681
0.3873495635219566,0.3064409299464002,-0.13653069294018336,-0.39460362497052237,0.30706270283581266,0.10635453730280722,-0.12227685722162619,0.10416590374433468,0.21566010039267325,0.3281983315739689,0.346726255103328,0.4950337200287692
0.35651232363546986,0.2745660057925527,-0.13653069294018336,-0.3590498141497473,0.28861096048276735,0.08723315954291197,-0.042783939236056175,0.10416590374433468,0.19803938617546088,0.3281983315739689,0.3022832203231174,0.41824072066826995
0.2948378438624965,0.2108161574848577,-0.13653069294018336,-0.28794219250819714,0.2517074757766766,0.048990404023121444,-0.042783939236056175,0.10416590374433468,0.1804186719582485,0.2680807880715231,0.2578401855429068,0.34144772130777074
0.2331633640895231,0.1789412333310102,-0.1033692188696864,-0.2346114762770345,0.1963522487175406,0.048990404023121444,0.010211339420990504,0.12310798671723913,0.1804186719582485,0.2280024257365592,0.21339715076269614,0.2902523884007712
0.20232612420303642,0.11519138502331518,-0.13653069294018336,-0.18128076004587187,0.1963522487175406,-0.008373729256564336,0.010211339420990504,0.10416590374433468,0.14517724352382377,0.18792406340159531,0.14673259859238022,0.21345938904027198
0.1714888843165497,0.11519138502331518,-0.1033692188696864,-0.16350385463548434,0.15944876401144986,0.010747648503330924,0.03670897874951384,0.08522382077143023,0.12755652930661138,0.16788488223411338,0.12451108120227491,0.18786172258677225
0.07897716465708962,0.051441536715620156,-0.07020774479918943,-0.07461932758354661,0.08564179459926845,-0.008373729256564336,0.08970425740656052,0.10416590374433468,0.14517724352382377,0.14784570106663147,0.12451108120227491,0.1622640561332725
-0.07520903477534385,0.019566612561772643,0.06243815148279847,0.032042104878778635,-0.08042388657813976,0.048990404023121444,0.1426995360636072,0.12310798671723913,0.14517724352382377,0.14784570106663147,0.10228956381216961,0.18786172258677225
-0.07520903477534385,-0.012308311592074865,0.029276677412301503,0.049819010289166174,-0.061972144225094394,0.010747648503330924,0.1426995360636072,0.10416590374433468,0.12755652930661138,0.08772815756418564,0.05784652903195899,0.11106872322627301
-0.04437179488885716,-0.044183235745922374,-0.03704627072869245,0.049819010289166174,-0.00661691716595833,-0.046616484776354855,0.1426995360636072,0.08522382077143023,0.109935815089399,0.06768897639670371,0.035625011641853686,0.05987339031927351
-0.07520903477534385,-0.07605815989976988,-0.03704627072869245,0.08537282110994127,-0.025068659519003687,-0.06573786253625012,0.1426995360636072,0.06628173779852578,0.109935815089399,0.06768897639670371,0.013403494251748381,0.034275723865773766
-0.04437179488885716,-0.07605815989976988,-0.07020774479918943,0.06759591569955371,0.011834825187087025,-0.08485924029614537,0.1426995360636072,0.06628173779852578,0.07469438665497424,0.04764979522922177,-0.053261057918567535,-0.042517275494725476
-0.13688351454831724,-0.07605815989976988,0.029276677412301503,0.12092663193071634,-0.09887562893118511,-0.0274951070164596,0.16919717539213053,0.08522382077143023,0.09231510087218663,0.04764979522922177,-0.053261057918567535,-0.016919609041225726
-0.13688351454831724,-0.07605815989976988,0.029276677412301503,0.12092663193071634,-0.09887562893118511,-0.0274951070164596,0.16919717539213053,0.04733965482562133,0.07469438665497424,0.04764979522922177,-0.053261057918567535,-0.016919609041225726
-0.16772075443480394,-0.1079330840536174,0.029276677412301503,0.15648044275149142,-0.11732737128423046,-0.046616484776354855,0.16919717539213053,0.06628173779852578,0.07469438665497424,0.04764979522922177,-0.031039540528462233,-0.016919609041225726
-0.13688351454831724,-0.1398080082074649,-0.03704627072869245,0.15648044275149142,-0.061972144225094394,-0.10398061805604064,0.16919717539213053,0.06628173779852578,0.07469438665497424,0.027610614061739827,-0.053261057918567535,-0.06811494194822522
-0.19855799432129065,-0.1398080082074649,0.029276677412301503,0.1920342535722665,-0.13577911363727582,-0.06573786253625012,0.16919717539213053,0.06628173779852578,0.07469438665497424,0.027610614061739827,-0.07548257530867285,-0.06811494194822522
-0.19855799432129065,-0.1398080082074649,0.029276677412301503,0.1920342535722665,-0.13577911363727582,-0.06573786253625012,0.1956948147206539,0.06628173779852578,0.07469438665497424,0.027610614061739827,-0.07548257530867285,-0.06811494194822522
-0.19855799432129065,-0.1079330840536174,0.06243815148279847,0.17425734816187896,-0.1542308559903212,-0.0274951070164596,0.1956948147206539,0.06628173779852578,0.05707367243776188,0.007571432894257888,-0.07548257530867285,-0.06811494194822522
-0.22939523420777733,-0.1079330840536174,0.09559962555329544,0.1920342535722665,-0.1911343406964119,-0.008373729256564336,0.1956948147206539,0.04733965482562133,0.05707367243776188,0.007571432894257888,-0.07548257530867285,-0.06811494194822522
-0.16772075443480394,-0.1398080082074649,-0.0038847966581954723,0.17425734816187896,-0.09887562893118511,-0.08485924029614537,0.16919717539213053,0.08522382077143023,0.05707367243776188,0.007571432894257888,-0.07548257530867285,-0.06811494194822522
-0.16772075443480394,-0.1398080082074649,-0.0038847966581954723,0.17425734816187896,-0.09887562893118511,-0.08485924029614537,0.1956948147206539,0.06628173779852578,0.05707367243776188,-0.03250692944070599,-0.09770409269877815,-0.09371260840172496
-0.16772075443480394,-0.1398080082074649,-0.0038847966581954723,0.17425734816187896,-0.09887562893118511,-0.08485924029614537,0.16919717539213053,0.06628173779852578,0.05707367243776188,-0.012467748273224052,-0.09770409269877815,-0.09371260840172496
-0.16772075443480394,-0.1398080082074649,-0.0038847966581954723,0.17425734816187896,-0.09887562893118511,-0.08485924029614537,0.16919717539213053,0.04733965482562133,0.03945295822054951,-0.05254611060818793,-0.11992561008888346,-0.1193102748552247
-0.16772075443480394,-0.1079330840536174,0.029276677412301503,0.15648044275149142,-0.11732737128423046,-0.046616484776354855,0.16919717539213053,0.06628173779852578,0.03945295822054951,-0.012467748273224052,-0.11992561008888346,-0.1193102748552247
-0.19855799432129065,-0.1079330840536174,0.06243815148279847,0.17425734816187896,-0.1542308559903212,-0.0274951070164596,0.1956948147206539,0.06628173779852578,0.05707367243776188,-0.012467748273224052,-0.09770409269877815,-0.09371260840172496
-0.19855799432129065,-0.1398080082074649,0.029276677412301503,0.1920342535722665,-0.13577911363727582,-0.06573786253625012,0.1956948147206539,0.06628173779852578,0.03945295822054951,-0.03250692944070599,-0.11992561008888346,-0.09371260840172496
-0.16772075443480394,-0.1398080082074649,-0.0038847966581954723,0.17425734816187896,-0.09887562893118511,-0.08485924029614537,0.16919717539213053,0.04733965482562133,0.03945295822054951,-0.03250692944070599,-0.11992561008888346,-0.09371260840172496
-0.13688351454831724,-0.1398080082074649,-0.03704627072869245,0.15648044275149142,-0.061972144225094394,-0.10398061805604064,0.1426995360636072,0.028397571852716883,0.03945295822054951,-0.05254611060818793,-0.11992561008888346,-0.1193102748552247
-0.10604627466183056,-0.1398080082074649,-0.07020774479918943,0.13870353734110388,-0.025068659519003687,-0.12310199581593591,0.1426995360636072,0.028397571852716883,0.00421152978612476,-0.05254611060818793,-0.11992561008888346,-0.14490794130872445
-0.19855799432129065,-0.1398080082074649,0.029276677412301503,0.1920342535722665,-0.13577911363727582,-0.06573786253625012,0.1426995360636072,0.028397571852716883,0.03945295822054951,-0.05254611060818793,-0.14214712747898875,-0.1193102748552247
-0.19855799432129065,-0.1716829323613124,-0.0038847966581954723,0.20981115898265404,-0.11732737128423046,-0.10398061805604064,0.1426995360636072,0.028397571852716883,0.021832244003337137,-0.05254611060818793,-0.11992561008888346,-0.1193102748552247
-0.19855799432129065,-0.1716829323613124,-0.0038847966581954723,0.20981115898265404,-0.11732737128423046,-0.10398061805604064,0.1426995360636072,0.04733965482562133,0.021832244003337137,-0.05254611060818793,-0.14214712747898875,-0.14490794130872445
-0.26023247409426403,-0.1716829323613124,0.06243815148279847,0.24536496980342914,-0.1911343406964119,-0.06573786253625012,0.16919717539213053,0.04733965482562133,0.021832244003337137,-0.05254611060818793,-0.11992561008888346,-0.1193102748552247
-0.26023247409426403,-0.1716829323613124,0.06243815148279847,0.24536496980342914,-0.1911343406964119,-0.06573786253625012,0.16919717539213053,0.028397571852716883,0.021832244003337137,-0.05254611060818793,-0.11992561008888346,-0.1193102748552247
-0.22939523420777733,-0.1716829323613124,0.029276677412301503,0.2275880643930416,-0.1542308559903212,-0.08485924029614537,0.1426995360636072,0.028397571852716883,0.03945295822054951,-0.07258529177566987,-0.11992561008888346,-0.14490794130872445
-0.32190695386723744,-0.1716829323613124,0.12876109962379242,0.2809187806242042,-0.2649413101085933,-0.0274951070164596,0.16919717539213053,0.04733965482562133,0.03945295822054951,-0.03250692944070599,-0.11992561008888346,-0.1193102748552247
-0.22939523420777733,-0.1398080082074649,0.06243815148279847,0.20981115898265404,-0.17268259834336652,-0.046616484776354855,0.1426995360636072,0.028397571852716883,0.00421152978612476,-0.07258529177566987,-0.16436864486909408,-0.1705056077622242
-0.19855799432129065,-0.20355785651515992,-0.03704627072869245,0.2275880643930416,-0.09887562893118511,-0.14222337357583117,0.1426995360636072,0.028397571852716883,0.00421152978612476,-0.07258529177566987,-0.16436864486909408,-0.1705056077622242
-0.22939523420777733,-0.1716829323613124,0.029276677412301503,0.2275880643930416,-0.1542308559903212,-0.08485924029614537,0.11620189673508387,0.009455488879812434,0.00421152978612476,-0.07258529177566987,-0.14214712747898875,-0.14490794130872445
-0.19855799432129065,-0.1398080082074649,0.06243815148279847,0.20981115898265404,-0.17268259834336652,-0.046616484776354855,0.08970425740656052,0.009455488879812434,-0.013409184431087615,-0.11266365411063374,-0.14214712747898875,-0.1705056077622242
-0.22939523420777733,-0.1716829323613124,0.06243815148279847,0.24536496980342914,-0.1911343406964119,-0.06573786253625012,0.08970425740656052,0.009455488879812434,0.00421152978612476,-0.0926244729431518,-0.14214712747898875,-0.1705056077622242
-0.16772075443480394,-0.1716829323613124,-0.0038847966581954723,0.20981115898265404,-0.11732737128423046,-0.10398061805604064,0.11620189673508387,0.009455488879812434,-0.013409184431087615,-0.0926244729431518,-0.14214712747898875,-0.1705056077622242
-0.16772075443480394,-0.1716829323613124,-0.0038847966581954723,0.20981115898265404,-0.11732737128423046,-0.10398061805604064,0.08970425740656052,0.009455488879812434,-0.013409184431087615,-0.07258529177566987,-0.14214712747898875,-0.1705056077622242
-0.26023247409426403,-0.20355785651515992,0.06243815148279847,0.2809187806242042,-0.20958608304945725,-0.08485924029614537,0.11620189673508387,0.028397571852716883,0.00421152978612476,-0.07258529177566987,-0.11992561008888346,-0.14490794130872445
-0.22939523420777733,-0.20355785651515992,0.029276677412301503,0.26314187521381666,-0.17268259834336652,-0.10398061805604064,0.08970425740656052,0.009455488879812434,0.00421152978612476,-0.05254611060818793,-0.09770409269877815,-0.14490794130872445
-0.19855799432129065,-0.20355785651515992,-0.0038847966581954723,0.24536496980342914,-0.13577911363727582,-0.12310199581593591,0.08970425740656052,0.028397571852716883,-0.013409184431087615,-0.07258529177566987,-0.09770409269877815,-0.1705056077622242
-0.13688351454831724,-0.20355785651515992,-0.07020774479918943,0.20981115898265404,-0.061972144225094394,-0.16134475133572643,0.06320661807803718,-0.02842867706599646,-0.031029898648299987,-0.0926244729431518,-0.14214712747898875,-0.19610327421572396
-0.13688351454831724,-0.1398080082074649,-0.0038847966581954723,0.17425734816187896,-0.09887562893118511,-0.08485924029614537,0.06320661807803718,-0.009486594093092014,-0.031029898648299987,-0.0926244729431518,-0.14214712747898875,-0.1705056077622242
-0.13688351454831724,-0.1398080082074649,-0.0038847966581954723,0.17425734816187896,-0.09887562893118511,-0.08485924029614537,0.08970425740656052,-0.009486594093092014,-0.013409184431087615,-0.07258529177566987,-0.11992561008888346,-0.14490794130872445
-0.19855799432129065,-0.1398080082074649,0.06243815148279847,0.20981115898265404,-0.1542308559903212,-0.046616484776354855,0.08970425740656052,0.009455488879812434,0.00421152978612476,-0.07258529177566987,-0.07548257530867285,-0.14490794130872445
-0.19855799432129065,-0.1398080082074649,0.06243815148279847,0.20981115898265404,-0.1542308559903212,-0.046616484776354855,0.08970425740656052,0.009455488879812434,0.00421152978612476,-0.07258529177566987,-0.07548257530867285,-0.14490794130872445
-0.16772075443480394,-0.1398080082074649,0.029276677412301503,0.1920342535722665,-0.11732737128423046,-0.06573786253625012,0.08970425740656052,0.009455488879812434,0.00421152978612476,-0.0926244729431518,-0.09770409269877815,-0.1705056077622242
-0.13688351454831724,-0.1398080082074649,-0.0038847966581954723,0.17425734816187896,-0.08042388657813976,-0.08485924029614537,0.08970425740656052,-0.009486594093092014,0.00421152978612476,-0.07258529177566987,-0.11992561008888346,-0.14490794130872445
-0.10604627466183056,-0.1079330840536174,-0.0038847966581954723,0.13870353734110388,-0.061972144225094394,-0.06573786253625012,0.06320661807803718,-0.009486594093092014,0.00421152978612476,-0.0926244729431518,-0.14214712747898875,-0.14490794130872445
-0.10604627466183056,-0.07605815989976988,0.029276677412301503,0.12092663193071634,-0.08042388657813976,-0.0274951070164596,0.06320661807803718,-0.009486594093092014,-0.013409184431087615,-0.07258529177566987,-0.14214712747898875,-0.14490794130872445
-0.10604627466183056,-0.07605815989976988,0.029276677412301503,0.12092663193071634,-0.08042388657813976,-0.0274951070164596,0.06320661807803718,-0.009486594093092014,-0.013409184431087615,-0.0926244729431518,-0.11992561008888346,-0.14490794130872445
-0.13688351454831724,-0.07605815989976988,0.06243815148279847,0.13870353734110388,-0.11732737128423046,-0.008373729256564336,0.08970425740656052,0.009455488879812434,0.00421152978612476,-0.05254611060818793,-0.11992561008888346,-0.1193102748552247
-0.10604627466183056,-0.07605815989976988,0.029276677412301503,0.12092663193071634,-0.08042388657813976,-0.0274951070164596,0.08970425740656052,0.009455488879812434,0.00421152978612476,-0.0926244729431518,-0.11992561008888346,-0.14490794130872445
-0.04437179488885716,-0.07605815989976988,-0.03704627072869245,0.08537282110994127,-0.00661691716595833,-0.06573786253625012,0.08970425740656052,-0.009486594093092014,0.00421152978612476,-0.07258529177566987,-0.11992561008888346,-0.14490794130872445
-0.07520903477534385,-0.07605815989976988,-0.0038847966581954723,0.1031497265203288,-0.043520401872049044,-0.046616484776354855,0.06320661807803718,0.009455488879812434,0.00421152978612476,-0.07258529177566987,-0.14214712747898875,-0.14490794130872445
-0.07520903477534385,-0.07605815989976988,-0.0038847966581954723,0.1031497265203288,-0.043520401872049044,-0.046616484776354855,0.06320661807803718,0.009455488879812434,0.021832244003337137,-0.07258529177566987,-0.11992561008888346,-0.14490794130872445
-0.13688351454831724,-0.07605815989976988,0.06243815148279847,0.13870353734110388,-0.11732737128423046,-0.008373729256564336,0.08970425740656052,0.009455488879812434,0.00421152978612476,-0.05254611060818793,-0.14214712747898875,-0.14490794130872445
-0.13688351454831724,-0.1079330840536174,0.029276677412301503,0.15648044275149142,-0.09887562893118511,-0.046616484776354855,0.08970425740656052,0.009455488879812434,0.00421152978612476,-0.05254611060818793,-0.07548257530867285,-0.1193102748552247
-0.10604627466183056,-0.1079330840536174,-0.0038847966581954723,0.13870353734110388,-0.061972144225094394,-0.06573786253625012,0.08970425740656052,-0.009486594093092014,0.021832244003337137,-0.05254611060818793,-0.11992561008888346,-0.1193102748552247
-0.07520903477534385,-0.07605815989976988,-0.0038847966581954723,0.1031497265203288,-0.043520401872049044,-0.046616484776354855,0.06320661807803718,-0.009486594093092014,0.00421152978612476,-0.07258529177566987,-0.14214712747898875,-0.14490794130872445
-0.13688351454831724,-0.07605815989976988,0.06243815148279847,0.13870353734110388,-0.11732737128423046,-0.008373729256564336,0.08970425740656052,0.009455488879812434,0.021832244003337137,-0.05254611060818793,-0.14214712747898875,-0.1193102748552247
-0.16772075443480394,-0.1079330840536174,0.06243815148279847,0.17425734816187896,-0.13577911363727582,-0.0274951070164596,0.08970425740656052,0.009455488879812434,0.021832244003337137,-0.05254611060818793,-0.09770409269877815,-0.1193102748552247
-0.13688351454831724,-0.07605815989976988,0.06243815148279847,0.13870353734110388,-0.11732737128423046,-0.008373729256564336,0.06320661807803718,0.009455488879812434,0.00421152978612476,-0.05254611060818793,-0.09770409269877815,-0.14490794130872445
-0.13688351454831724,-0.1079330840536174,0.029276677412301503,0.15648044275149142,-0.09887562893118511,-0.046616484776354855,0.06320661807803718,0.009455488879812434,0.00421152978612476,-0.05254611060818793,-0.11992561008888346,-0.1705056077622242
-0.16772075443480394,-0.1079330840536174,0.06243815148279847,0.17425734816187896,-0.13577911363727582,-0.0274951070164596,0.08970425740656052,0.028397571852716883,0.00421152978612476,-0.05254611060818793,-0.09770409269877815,-0.1193102748552247
-0.10604627466183056,-0.1079330840536174,-0.0038847966581954723,0.13870353734110388,-0.061972144225094394,-0.06573786253625012,0.06320661807803718,0.009455488879812434,0.00421152978612476,-0.05254611060818793,-0.11992561008888346,-0.14490794130872445
-0.16772075443480394,-0.1079330840536174,0.06243815148279847,0.17425734816187896,-0.13577911363727582,-0.0274951070164596,0.08970425740656052,0.009455488879812434,0.00421152978612476,-0.07258529177566987,-0.09770409269877815,-0.1193102748552247
-0.16772075443480394,-0.1079330840536174,0.06243815148279847,0.17425734816187896,-0.13577911363727582,-0.0274951070164596,0.08970425740656052,0.028397571852716883,0.021832244003337137,-0.07258529177566987,-0.11992561008888346,-0.1193102748552247
-0.16772075443480394,-0.1079330840536174,0.06243815148279847,0.17425734816187896,-0.13577911363727582,-0.0274951070164596,0.11620189673508387,0.028397571852716883,0.021832244003337137,-0.07258529177566987,-0.11992561008888346,-0.1193102748552247
-0.16772075443480394,-0.1398080082074649,0.029276677412301503,0.1920342535722665,-0.11732737128423046,-0.06573786253625012,0.11620189673508387,0.04733965482562133,0.00421152978612476,-0.07258529177566987,-0.11992561008888346,-0.14490794130872445
-0.16772075443480394,-0.1079330840536174,0.06243815148279847,0.17425734816187896,-0.13577911363727582,-0.0274951070164596,0.11620189673508387,0.04733965482562133,0.00421152978612476,-0.0926244729431518,-0.14214712747898875,-0.14490794130872445
-0.13688351454831724,-0.1398080082074649,-0.0038847966581954723,0.17425734816187896,-0.08042388657813976,-0.08485924029614537,0.11620189673508387,0.04733965482562133,0.00421152978612476,-0.0926244729431518,-0.11992561008888346,-0.14490794130872445
-0.13688351454831724,-0.1398080082074649,-0.0038847966581954723,0.17425734816187896,-0.08042388657813976,-0.08485924029614537,0.11620189673508387,0.028397571852716883,0.00421152978612476,-0.0926244729431518,-0.11992561008888346,-0.14490794130872445
-0.13688351454831724,-0.1398080082074649,-0.0038847966581954723,0.17425734816187896,-0.08042388657813976,-0.08485924029614537,0.11620189673508387,0.009455488879812434,0.00421152978612476,-0.0926244729431518,-0.11992561008888346,-0.14490794130872445
-0.16772075443480394,-0.1398080082074649,0.029276677412301503,0.1920342535722665,-0.11732737128423046,-0.06573786253625012,0.11620189673508387,0.009455488879812434,0.00421152978612476,-0.07258529177566987,-0.11992561008888346,-0.14490794130872445
-0.19855799432129065,-0.1398080082074649,0.06243815148279847,0.20981115898265404,-0.1542308559903212,-0.046616484776354855,0.1426995360636072,0.04733965482562133,0.021832244003337137,-0.07258529177566987,-0.11992561008888346,-0.1193102748552247
-0.19855799432129065,-0.1398080082074649,0.06243815148279847,0.20981115898265404,-0.1542308559903212,-0.046616484776354855,0.1426995360636072,0.04733965482562133,0.00421152978612476,-0.07258529177566987,-0.11992561008888346,-0.1193102748552247
-0.16772075443480394,-0.1716829323613124,-0.0038847966581954723,0.20981115898265404,-0.09887562893118511,-0.10398061805604064,0.1426995360636072,0.028397571852716883,0.00421152978612476,-0.0926244729431518,-0.11992561008888346,-0.14490794130872445
-0.13688351454831724,-0.1398080082074649,-0.0038847966581954723,0.17425734816187896,-0.08042388657813976,-0.08485924029614537,0.11620189673508387,0.009455488879812434,0.00421152978612476,-0.0926244729431518,-0.14214712747898875,-0.1705056077622242
-0.13688351454831724,-0.1398080082074649,-0.0038847966581954723,0.17425734816187896,-0.08042388657813976,-0.08485924029614537,0.11620189673508387,0.009455488879812434,-0.013409184431087615,-0.0926244729431518,-0.14214712747898875,-0.19610327421572396
-0.16772075443480394,-0.1398080082074649,0.029276677412301503,0.1920342535722665,-0.11732737128423046,-0.06573786253625012,0.11620189673508387,0.028397571852716883,0.00421152978612476,-0.0926244729431518,-0.11992561008888346,-0.1705056077622242
-0.19855799432129065,-0.1398080082074649,0.06243815148279847,0.20981115898265404,-0.1542308559903212,-0.046616484776354855,0.11620189673508387,0.04733965482562133,0.00421152978612476,-0.0926244729431518,-0.11992561008888346,-0.1705056077622242
-0.19855799432129065,-0.1716829323613124,0.029276677412301503,0.2275880643930416,-0.13577911363727582,-0.08485924029614537,0.1426995360636072,0.04733965482562133,0.021832244003337137,-0.07258529177566987,-0.11992561008888346,-0.14490794130872445
-0.22939523420777733,-0.1716829323613124,0.06243815148279847,0.24536496980342914,-0.17268259834336652,-0.06573786253625012,0.1426995360636072,0.04733965482562133,0.021832244003337137,-0.07258529177566987,-0.11992561008888346,-0.14490794130872445
-0.16772075443480394,-0.1398080082074649,0.029276677412301503,0.1920342535722665,-0.11732737128423046,-0.06573786253625012,0.11620189673508387,0.028397571852716883,-0.013409184431087615,-0.0926244729431518,-0.11992561008888346,-0.14490794130872445
-0.13688351454831724,-0.1398080082074649,-0.0038847966581954723,0.17425734816187896,-0.08042388657813976,-0.08485924029614537,0.11620189673508387,0.028397571852716883,-0.013409184431087615,-0.07258529177566987,-0.14214712747898875,-0.1705056077622242
-0.13688351454831724,-0.1398080082074649,-0.0038847966581954723,0.17425734816187896,-0.08042388657813976,-0.08485924029614537,0.11620189673508387,0.009455488879812434,-0.013409184431087615,-0.07258529177566987,-0.14214712747898875,-0.14490794130872445
-0.16772075443480394,-0.1398080082074649,0.029276677412301503,0.1920342535722665,-0.11732737128423046,-0.06573786253625012,0.11620189673508387,0.028397571852716883,0.00421152978612476,-0.07258529177566987,-0.09770409269877815,-0.14490794130872445
-0.22939523420777733,-0.1398080082074649,0.09559962555329544,0.2275880643930416,-0.1911343406964119,-0.0274951070164596,0.1426995360636072,0.04733965482562133,0.021832244003337137,-0.07258529177566987,-0.07548257530867285,-0.14490794130872445
-0.16772075443480394,-0.1716829323613124,-0.0038847966581954723,0.20981115898265404,-0.09887562893118511,-0.10398061805604064,0.11620189673508387,0.04733965482562133,-0.013409184431087615,-0.07258529177566987,-0.11992561008888346,-0.14490794130872445
-0.16772075443480394,-0.1398080082074649,0.029276677412301503,0.1920342535722665,-0.11732737128423046,-0.06573786253625012,0.11620189673508387,0.009455488879812434,0.00421152978612476,-0.05254611060818793,-0.11992561008888346,-0.14490794130872445
-0.19855799432129065,-0.1398080082074649,0.06243815148279847,0.20981115898265404,-0.1542308559903212,-0.046616484776354855,0.11620189673508387,0.028397571852716883,0.00421152978612476,-0.0926244729431518,-0.14214712747898875,-0.1705056077622242
-0.19855799432129065,-0.1716829323613124,0.029276677412301503,0.2275880643930416,-0.13577911363727582,-0.08485924029614537,0.11620189673508387,0.009455488879812434,-0.013409184431087615,-0.0926244729431518,-0.14214712747898875,-0.14490794130872445
-0.16772075443480394,-0.1398080082074649,0.029276677412301503,0.1920342535722665,-0.11732737128423046,-0.06573786253625012,0.11620189673508387,0.009455488879812434,-0.013409184431087615,-0.07258529177566987,-0.11992561008888346,-0.14490794130872445
-0.22939523420777733,-0.1716829323613124,0.06243815148279847,0.24536496980342914,-0.17268259834336652,-0.06573786253625012,0.11620189673508387,0.028397571852716883,0.00421152978612476,-0.05254611060818793,-0.11992561008888346,-0.1193102748552247
-0.22939523420777733,-0.1716829323613124,0.06243815148279847,0.24536496980342914,-0.17268259834336652,-0.06573786253625012,0.1426995360636072,0.04733965482562133,0.021832244003337137,-0.05254611060818793,-0.11992561008888346,-0.14490794130872445
-0.22939523420777733,-0.1716829323613124,0.06243815148279847,0.24536496980342914,-0.17268259834336652,-0.06573786253625012,0.11620189673508387,0.04733965482562133,0.021832244003337137,-0.05254611060818793,-0.09770409269877815,-0.1193102748552247
-0.16772075443480394,-0.1716829323613124,-0.0038847966581954723,0.20981115898265404,-0.09887562893118511,-0.10398061805604064,0.11620189673508387,0.028397571852716883,0.00421152978612476,-0.07258529177566987,-0.11992561008888346,-0.14490794130872445
-0.19855799432129065,-0.1716829323613124,0.029276677412301503,0.2275880643930416,-0.13577911363727582,-0.08485924029614537,0.11620189673508387,0.04733965482562133,0.00421152978612476,-0.07258529177566987,-0.11992561008888346,-0.1193102748552247
-0.22939523420777733,-0.1716829323613124,0.06243815148279847,0.24536496980342914,-0.17268259834336652,-0.06573786253625012,0.11620189673508387,0.028397571852716883,0.00421152978612476,-0.07258529177566987,-0.11992561008888346,-0.14490794130872445
-0.19855799432129065,-0.1716829323613124,0.029276677412301503,0.2275880643930416,-0.13577911363727582,-0.08485924029614537,0.11620189673508387,0.028397571852716883,0.00421152978612476,-0.05254611060818793,-0.09770409269877815,-0.1193102748552247
-0.16772075443480394,-0.1716829323613124,-0.0038847966581954723,0.20981115898265404,-0.09887562893118511,-0.10398061805604064,0.11620189673508387,0.009455488879812434,-0.013409184431087615,-0.07258529177566987,-0.11992561008888346,-0.14490794130872445
-0.22939523420777733,-0.1716829323613124,0.06243815148279847,0.24536496980342914,-0.17268259834336652,-0.06573786253625012,0.11620189673508387,0.04733965482562133,0.021832244003337137,-0.05254611060818793,-0.11992561008888346,-0.14490794130872445
-0.22939523420777733,-0.1716829323613124,0.06243815148279847,0.24536496980342914,-0.17268259834336652,-0.06573786253625012,0.11620189673508387,0.04733965482562133,-0.013409184431087615,-0.07258529177566987,-0.11992561008888346,-0.14490794130872445
-0.16772075443480394,-0.20355785651515992,-0.03704627072869245,0.2275880643930416,-0.061972144225094394,-0.14222337357583117,0.11620189673508387,0.028397571852716883,-0.013409184431087615,-0.07258529177566987,-0.11992561008888346,-0.14490794130872445
-0.16772075443480394,-0.20355785651515992,-0.03704627072869245,0.2275880643930416,-0.061972144225094394,-0.14222337357583117,0.11620189673508387,0.028397571852716883,0.00421152978612476,-0.07258529177566987,-0.11992561008888346,-0.14490794130872445
-0.16772075443480394,-0.1716829323613124,-0.0038847966581954723,0.20981115898265404,-0.08042388657813976,-0.10398061805604064,0.1426995360636072,0.009455488879812434,-0.013409184431087615,-0.05254611060818793,-0.11992561008888346,-0.14490794130872445
-0.19855799432129065,-0.1716829323613124,0.029276677412301503,0.2275880643930416,-0.11732737128423046,-0.08485924029614537,0.11620189673508387,0.028397571852716883,0.00421152978612476,-0.05254611060818793,-0.11992561008888346,-0.14490794130872445
-0.16772075443480394,-0.1716829323613124,-0.0038847966581954723,0.20981115898265404,-0.08042388657813976,-0.10398061805604064,0.11620189673508387,0.028397571852716883,0.00421152978612476,-0.05254611060818793,-0.14214712747898875,-0.14490794130872445
-0.26023247409426403,-0.1716829323613124,0.09559962555329544,0.26314187521381666,-0.1911343406964119,-0.046616484776354855,0.1426995360636072,0.06628173779852578,0.021832244003337137,-0.05254611060818793,-0.09770409269877815,-0.1193102748552247
-0.16772075443480394,-0.20355785651515992,-0.03704627072869245,0.2275880643930416,-0.061972144225094394,-0.14222337357583117,0.08970425740656052,0.028397571852716883,-0.013409184431087615,-0.07258529177566987,-0.11992561008888346,-0.1705056077622242
-0.13688351454831724,-0.1716829323613124,-0.03704627072869245,0.1920342535722665,-0.043520401872049044,-0.12310199581593591,0.11620189673508387,0.009455488879812434,-0.013409184431087615,-0.07258529177566987,-0.11992561008888346,-0.1705056077622242
-0.16772075443480394,-0.20355785651515992,-0.03704627072869245,0.2275880643930416,-0.061972144225094394,-0.14222337357583117,0.11620189673508387,0.04733965482562133,0.00421152978612476,-0.07258529177566987,-0.11992561008888346,-0.14490794130872445
-0.26023247409426403,-0.1716829323613124,0.09559962555329544,0.26314187521381666,-0.1911343406964119,-0.046616484776354855,0.1426995360636072,0.028397571852716883,0.03945295822054951,-0.05254611060818793,-0.09770409269877815,-0.14490794130872445
-0.13688351454831724,-0.1716829323613124,-0.03704627072869245,0.1920342535722665,-0.043520401872049044,-0.12310199581593591,0.11620189673508387,0.009455488879812434,-0.013409184431087615,-0.05254611060818793,-0.11992561008888346,-0.14490794130872445
-0.16772075443480394,-0.1716829323613124,-0.0038847966581954723,0.20981115898265404,-0.08042388657813976,-0.10398061805604064,0.11620189673508387,0.028397571852716883,-0.013409184431087615,-0.05254611060818793,-0.11992561008888346,-0.1193102748552247
-0.19855799432129065,-0.1716829323613124,0.029276677412301503,0.2275880643930416,-0.11732737128423046,-0.08485924029614537,0.11620189673508387,0.028397571852716883,0.00421152978612476,-0.05254611060818793,-0.11992561008888346,-0.1193102748552247
-0.13688351454831724,-0.1716829323613124,-0.03704627072869245,0.1920342535722665,-0.043520401872049044,-0.12310199581593591,0.11620189673508387,0.009455488879812434,-0.013409184431087615,-0.0926244729431518,-0.11992561008888346,-0.14490794130872445
-0.19855799432129065,-0.1716829323613124,-0.0038847966581954723,0.2275880643930416,-0.11732737128423046,-0.08485924029614537,0.11620189673508387,0.009455488879812434,0.00421152978612476,-0.07258529177566987,-0.11992561008888346,-0.1193102748552247
-0.26023247409426403,-0.1716829323613124,0.06243815148279847,0.26314187521381666,-0.1911343406964119,-0.046616484776354855,0.11620189673508387,0.028397571852716883,0.00421152978612476,-0.07258529177566987,-0.09770409269877815,-0.14490794130872445
-0.26023247409426403,-0.1398080082074649,0.09559962555329544,0.24536496980342914,-0.20958608304945725,-0.008373729256564336,0.11620189673508387,0.04733965482562133,0.00421152978612476,-0.05254611060818793,-0.11992561008888346,-0.14490794130872445
-0.16772075443480394,-0.1716829323613124,-0.03704627072869245,0.20981115898265404,-0.08042388657813976,-0.10398061805604064,0.08970425740656052,0.028397571852716883,-0.031029898648299987,-0.07258529177566987,-0.16436864486909408,-0.1705056077622242
-0.13688351454831724,-0.1716829323613124,-0.07020774479918943,0.1920342535722665,-0.043520401872049044,-0.12310199581593591,0.08970425740656052,0.009455488879812434,-0.031029898648299987,-0.07258529177566987,-0.14214712747898875,-0.14490794130872445
-0.19855799432129065,-0.1716829323613124,-0.0038847966581954723,0.2275880643930416,-0.11732737128423046,-0.08485924029614537,0.11620189673508387,0.009455488879812434,-0.013409184431087615,-0.07258529177566987,-0.11992561008888346,-0.14490794130872445
-0.16772075443480394,-0.1716829323613124,-0.03704627072869245,0.20981115898265404,-0.08042388657813976,-0.12310199581593591,0.08970425740656052,0.009455488879812434,-0.013409184431087615,-0.07258529177566987,-0.14214712747898875,-0.1705056077622242
-0.22939523420777733,-0.1398080082074649,0.06243815148279847,0.2275880643930416,-0.17268259834336652,-0.046616484776354855,0.1426995360636072,0.028397571852716883,0.00421152978612476,-0.07258529177566987,-0.11992561008888346,-0.14490794130872445
-0.16772075443480394,-0.1398080082074649,-0.0038847966581954723,0.1920342535722665,-0.08042388657813976,-0.08485924029614537,0.11620189673508387,0.009455488879812434,0.00421152978612476,-0.07258529177566987,-0.11992561008888346,-0.14490794130872445
-0.19855799432129065,-0.1079330840536174,0.06243815148279847,0.1920342535722665,-0.13577911363727582,-0.0274951070164596,0.11620189673508387,0.028397571852716883,-0.013409184431087615,-0.07258529177566987,-0.14214712747898875,-0.14490794130872445
-0.19855799432129065,-0.1398080082074649,0.029276677412301503,0.20981115898265404,-0.11732737128423046,-0.06573786253625012,0.1426995360636072,0.028397571852716883,0.00421152978612476,-0.07258529177566987,-0.11992561008888346,-0.14490794130872445
-0.19855799432129065,-0.1398080082074649,0.029276677412301503,0.20981115898265404,-0.11732737128423046,-0.08485924029614537,0.1426995360636072,0.028397571852716883,0.00421152978612476,-0.07258529177566987,-0.11992561008888346,-0.14490794130872445
-0.16772075443480394,-0.1398080082074649,-0.0038847966581954723,0.1920342535722665,-0.08042388657813976,-0.10398061805604064,0.11620189673508387,0.009455488879812434,0.00421152978612476,-0.07258529177566987,-0.11992561008888346,-0.1705056077622242
-0.22939523420777733,-0.1398080082074649,0.09559962555329544,0.20981115898265404,-0.17268259834336652,-0.0274951070164596,0.1426995360636072,0.04733965482562133,0.021832244003337137,-0.07258529177566987,-0.11992561008888346,-0.14490794130872445
-0.16772075443480394,-0.1398080082074649,0.029276677412301503,0.17425734816187896,-0.09887562893118511,-0.06573786253625012,0.1426995360636072,0.04733965482562133,0.00421152978612476,-0.0926244729431518,-0.14214712747898875,-0.14490794130872445
-0.19855799432129065,-0.1398080082074649,0.06243815148279847,0.1920342535722665,-0.13577911363727582,-0.046616484776354855,0.16919717539213053,0.04733965482562133,0.00421152978612476,-0.07258529177566987,-0.14214712747898875,-0.14490794130872445
-0.19855799432129065,-0.1398080082074649,0.06243815148279847,0.1920342535722665,-0.13577911363727582,-0.046616484776354855,0.1426995360636072,0.009455488879812434,0.00421152978612476,-0.0926244729431518,-0.14214712747898875,-0.1705056077622242
-0.22939523420777733,-0.1079330840536174,0.12876109962379242,0.1920342535722665,-0.1911343406964119,0.010747648503330924,0.16919717539213053,0.028397571852716883,0.00421152978612476,-0.0926244729431518,-0.11992561008888346,-0.1193102748552247
-0.16772075443480394,-0.1398080082074649,0.029276677412301503,0.17425734816187896,-0.09887562893118511,-0.06573786253625012,0.1426995360636072,0.009455488879812434,0.00421152978612476,-0.0926244729431518,-0.14214712747898875,-0.14490794130872445
-0.19855799432129065,-0.1398080082074649,0.06243815148279847,0.1920342535722665,-0.13577911363727582,-0.046616484776354855,0.16919717539213053,0.028397571852716883,0.00421152978612476,-0.07258529177566987,-0.11992561008888346,-0.14490794130872445
-0.19855799432129065,-0.1079330840536174,0.09559962555329544,0.17425734816187896,-0.1542308559903212,-0.008373729256564336,0.1426995360636072,0.009455488879812434,0.00421152978612476,-0.07258529177566987,-0.11992561008888346,-0.14490794130872445
-0.16772075443480394,-0.1716829323613124,-0.0038847966581954723,0.1920342535722665,-0.08042388657813976,-0.10398061805604064,0.16919717539213053,0.028397571852716883,0.00421152978612476,-0.07258529177566987,-0.11992561008888346,-0.1193102748552247
-0.19855799432129065,-0.1398080082074649,0.06243815148279847,0.1920342535722665,-0.13577911363727582,-0.046616484776354855,0.1426995360636072,0.009455488879812434,0.00421152978612476,-0.07258529177566987,-0.11992561008888346,-0.14490794130872445
-0.16772075443480394,-0.1398080082074649,0.029276677412301503,0.17425734816187896,-0.09887562893118511,-0.06573786253625012,0.11620189673508387,0.009455488879812434,0.00421152978612476,-0.0926244729431518,-0.14214712747898875,-0.1705056077622242
-0.13688351454831724,-0.1079330840536174,0.029276677412301503,0.13870353734110388,-0.08042388657813976,-0.046616484776354855,0.11620189673508387,-0.009486594093092014,0.00421152978612476,-0.0926244729431518,-0.16436864486909408,-0.19610327421572396
-0.16772075443480394,-0.1079330840536174,0.06243815148279847,0.15648044275149142,-0.11732737128423046,-0.0274951070164596,0.11620189673508387,0.009455488879812434,0.00421152978612476,-0.07258529177566987,-0.14214712747898875,-0.1705056077622242
-0.19855799432129065,-0.07605815989976988,0.12876109962379242,0.15648044275149142,-0.17268259834336652,0.029869026263226184,0.1426995360636072,0.009455488879812434,0.021832244003337137,-0.07258529177566987,-0.11992561008888346,-0.14490794130872445
-0.22939523420777733,-0.07605815989976988,0.19508404776478638,0.1920342535722665,-0.24648956775554795,0.0681117817830167,0.1426995360636072,0.028397571852716883,0.03945295822054951,-0.05254611060818793,-0.11992561008888346,-0.14490794130872445
-0.22939523420777733,-0.044183235745922374,0.22824552183528335,0.17425734816187896,-0.2649413101085933,0.10635453730280722,0.16919717539213053,0.028397571852716883,0.021832244003337137,-0.07258529177566987,-0.09770409269877815,-0.1193102748552247
-0.13688351454831724,-0.012308311592074865,0.16192257369428942,0.1031497265203288,-0.17268259834336652,0.08723315954291197,0.1426995360636072,0.028397571852716883,0.021832244003337137,-0.07258529177566987,-0.14214712747898875,-0.14490794130872445
-0.13688351454831724,0.051441536715620156,0.22824552183528335,0.049819010289166174,-0.20958608304945725,0.16371867058249298,0.1426995360636072,0.009455488879812434,0.021832244003337137,-0.11266365411063374,-0.16436864486909408,-0.14490794130872445
-0.13688351454831724,0.11519138502331518,0.2945684699762773,0.014265199468391093,-0.24648956775554795,0.24020418162207405,0.1426995360636072,-0.009486594093092014,0.03945295822054951,-0.11266365411063374,-0.1865901622591994,-0.1705056077622242
-0.13688351454831724,0.08331646086946766,0.2614069959057803,0.032042104878778635,-0.2280378254025026,0.20196142610228351,0.16919717539213053,-0.009486594093092014,0.05707367243776188,-0.0926244729431518,-0.16436864486909408,-0.1705056077622242
-0.22939523420777733,0.08331646086946766,0.36089141811727127,0.08537282110994127,-0.33874827952077474,0.2593255593819693,0.1956948147206539,0.009455488879812434,0.07469438665497424,-0.05254611060818793,-0.14214712747898875,-0.1193102748552247
-0.22939523420777733,0.08331646086946766,0.36089141811727127,0.08537282110994127,-0.33874827952077474,0.2593255593819693,0.1956948147206539,0.009455488879812434,0.07469438665497424,-0.05254611060818793,-0.14214712747898875,-0.1193102748552247
-0.22939523420777733,0.051441536715620156,0.3277299440467743,0.1031497265203288,-0.32029653716772943,0.22108280386217877,0.1956948147206539,0.028397571852716883,0.07469438665497424,-0.07258529177566987,-0.14214712747898875,-0.1193102748552247
-0.16772075443480394,0.019566612561772643,0.22824552183528335,0.08537282110994127,-0.2280378254025026,0.14459729282259776,0.1426995360636072,0.009455488879812434,0.05707367243776188,-0.07258529177566987,-0.16436864486909408,-0.14490794130872445
-0.16772075443480394,0.051441536715620156,0.2614069959057803,0.06759591569955371,-0.24648956775554795,0.18284004834238826,0.16919717539213053,0.028397571852716883,0.03945295822054951,-0.11266365411063374,-0.1865901622591994,-0.14490794130872445
-0.13688351454831724,0.051441536715620156,0.22824552183528335,0.049819010289166174,-0.20958608304945725,0.16371867058249298,0.1426995360636072,-0.009486594093092014,0.021832244003337137,-0.11266365411063374,-0.16436864486909408,-0.1705056077622242
-0.16772075443480394,0.019566612561772643,0.22824552183528335,0.08537282110994127,-0.2280378254025026,0.14459729282259776,0.1426995360636072,0.009455488879812434,0.03945295822054951,-0.0926244729431518,-0.16436864486909408,-0.1193102748552247
-0.19855799432129065,0.019566612561772643,0.2614069959057803,0.1031497265203288,-0.2649413101085933,0.16371867058249298,0.1426995360636072,0.028397571852716883,0.05707367243776188,-0.0926244729431518,-0.14214712747898875,-0.1193102748552247
-0.16772075443480394,0.019566612561772643,0.22824552183528335,0.08537282110994127,-0.2280378254025026,0.14459729282259776,0.1426995360636072,0.028397571852716883,0.021832244003337137,-0.0926244729431518,-0.16436864486909408,-0.14490794130872445
-0.10604627466183056,0.019566612561772643,0.16192257369428942,0.049819010289166174,-0.1542308559903212,0.10635453730280722,0.08970425740656052,0.009455488879812434,0.021832244003337137,-0.11266365411063374,-0.16436864486909408,-0.1705056077622242
-0.13688351454831724,0.019566612561772643,0.19508404776478638,0.06759591569955371,-0.1911343406964119,0.12547591506270248,0.11620189673508387,-0.009486594093092014,0.021832244003337137,-0.0926244729431518,-0.16436864486909408,-0.14490794130872445
-0.19855799432129065,-0.012308311592074865,0.22824552183528335,0.12092663193071634,-0.24648956775554795,0.12547591506270248,0.16919717539213053,0.009455488879812434,0.021832244003337137,-0.0926244729431518,-0.14214712747898875,-0.14490794130872445
-0.16772075443480394,0.019566612561772643,0.22824552183528335,0.08537282110994127,-0.2280378254025026,0.14459729282259776,0.1426995360636072,0.009455488879812434,0.00421152978612476,-0.11266365411063374,-0.16436864486909408,-0.14490794130872445
-0.16772075443480394,-0.012308311592074865,0.19508404776478638,0.1031497265203288,-0.20958608304945725,0.10635453730280722,0.16919717539213053,0.04733965482562133,0.03945295822054951,-0.07258529177566987,-0.11992561008888346,-0.14490794130872445
-0.19855799432129065,-0.012308311592074865,0.22824552183528335,0.12092663193071634,-0.24648956775554795,0.12547591506270248,0.1426995360636072,0.04733965482562133,0.03945295822054951,-0.0926244729431518,-0.11992561008888346,-0.1193102748552247
-0.16772075443480394,-0.012308311592074865,0.19508404776478638,0.1031497265203288,-0.20958608304945725,0.10635453730280722,0.1426995360636072,0.028397571852716883,0.03945295822054951,-0.0926244729431518,-0.11992561008888346,-0.14490794130872445
-0.13688351454831724,-0.012308311592074865,0.16192257369428942,0.08537282110994127,-0.17268259834336652,0.08723315954291197,0.11620189673508387,0.009455488879812434,0.021832244003337137,-0.11266365411063374,-0.14214712747898875,-0.1705056077622242
-0.13688351454831724,-0.044183235745922374,0.12876109962379242,0.1031497265203288,-0.1542308559903212,0.048990404023121444,0.1426995360636072,0.009455488879812434,0.021832244003337137,-0.0926244729431518,-0.14214712747898875,-0.1705056077622242
-0.19855799432129065,-0.044183235745922374,0.19508404776478638,0.13870353734110388,-0.2280378254025026,0.08723315954291197,0.1426995360636072,0.028397571852716883,0.03945295822054951,-0.0926244729431518,-0.11992561008888346,-0.14490794130872445
-0.19855799432129065,-0.044183235745922374,0.19508404776478638,0.13870353734110388,-0.2280378254025026,0.08723315954291197,0.1426995360636072,0.028397571852716883,0.03945295822054951,-0.0926244729431518,-0.11992561008888346,-0.14490794130872445
-0.13688351454831724,-0.044183235745922374,0.12876109962379242,0.1031497265203288,-0.1542308559903212,0.048990404023121444,0.11620189673508387,0.009455488879812434,0.021832244003337137,-0.11266365411063374,-0.11992561008888346,-0.1705056077622242
-0.13688351454831724,-0.044183235745922374,0.12876109962379242,0.1031497265203288,-0.1542308559903212,0.048990404023121444,0.11620189673508387,0.028397571852716883,0.021832244003337137,-0.0926244729431518,-0.11992561008888346,-0.1705056077622242
-0.13688351454831724,-0.07605815989976988,0.09559962555329544,0.12092663193071634,-0.13577911363727582,0.010747648503330924,0.11620189673508387,0.028397571852716883,0.00421152978612476,-0.11266365411063374,-0.14214712747898875,-0.19610327421572396
-0.19855799432129065,-0.07605815989976988,0.16192257369428942,0.15648044275149142,-0.20958608304945725,0.048990404023121444,0.11620189673508387,0.028397571852716883,0.00421152978612476,-0.0926244729431518,-0.16436864486909408,-0.14490794130872445
-0.16772075443480394,-0.1079330840536174,0.09559962555329544,0.15648044275149142,-0.1542308559903212,-0.008373729256564336,0.08970425740656052,0.04733965482562133,0.00421152978612476,-0.07258529177566987,-0.11992561008888346,-0.14490794130872445
-0.19855799432129065,-0.1079330840536174,0.12876109962379242,0.17425734816187896,-0.1911343406964119,0.010747648503330924,0.11620189673508387,0.028397571852716883,0.021832244003337137,-0.07258529177566987,-0.11992561008888346,-0.14490794130872445
-0.19855799432129065,-0.1079330840536174,0.12876109962379242,0.17425734816187896,-0.1911343406964119,0.010747648503330924,0.08970425740656052,0.06628173779852578,0.021832244003337137,-0.07258529177566987,-0.09770409269877815,-0.14490794130872445
-0.16772075443480394,-0.1079330840536174,0.09559962555329544,0.15648044275149142,-0.1542308559903212,-0.008373729256564336,0.08970425740656052,0.028397571852716883,0.021832244003337137,-0.07258529177566987,-0.11992561008888346,-0.14490794130872445
-0.16772075443480394,-0.07605815989976988,0.12876109962379242,0.13870353734110388,-0.17268259834336652,0.029869026263226184,0.08970425740656052,0.028397571852716883,0.021832244003337137,-0.07258529177566987,-0.11992561008888346,-0.1193102748552247
-0.16772075443480394,-0.07605815989976988,0.12876109962379242,0.13870353734110388,-0.17268259834336652,0.029869026263226184,0.11620189673508387,0.028397571852716883,0.021832244003337137,-0.07258529177566987,-0.11992561008888346,-0.14490794130872445
-0.19855799432129065,-0.07605815989976988,0.16192257369428942,0.15648044275149142,-0.20958608304945725,0.048990404023121444,0.11620189673508387,0.028397571852716883,0.021832244003337137,-0.07258529177566987,-0.11992561008888346,-0.14490794130872445
-0.07520903477534385,-0.1079330840536174,-0.0038847966581954723,0.1031497265203288,-0.043520401872049044,-0.06573786253625012,0.06320661807803718,0.009455488879812434,0.00421152978612476,-0.0926244729431518,-0.14214712747898875,-0.1705056077622242
-0.16772075443480394,-0.07605815989976988,0.12876109962379242,0.13870353734110388,-0.17268259834336652,0.029869026263226184,0.11620189673508387,0.028397571852716883,0.021832244003337137,-0.07258529177566987,-0.11992561008888346,-0.09371260840172496
-0.19855799432129065,-0.07605815989976988,0.16192257369428942,0.15648044275149142,-0.20958608304945725,0.048990404023121444,0.08970425740656052,0.028397571852716883,0.021832244003337137,-0.07258529177566987,-0.11992561008888346,-0.1705056077622242
-0.13688351454831724,-0.07605815989976988,0.09559962555329544,0.12092663193071634,-0.13577911363727582,0.010747648503330924,0.11620189673508387,0.028397571852716883,0.021832244003337137,-0.05254611060818793,-0.11992561008888346,-0.1705056077622242
-0.13688351454831724,-0.044183235745922374,0.12876109962379242,0.1031497265203288,-0.1542308559903212,0.048990404023121444,0.08970425740656052,0.009455488879812434,0.021832244003337137,-0.05254611060818793,-0.14214712747898875,-0.14490794130872445
-0.16772075443480394,-0.044183235745922374,0.16192257369428942,0.12092663193071634,-0.1911343406964119,0.0681117817830167,0.11620189673508387,0.028397571852716883,0.021832244003337137,-0.05254611060818793,-0.11992561008888346,-0.14490794130872445
-0.13688351454831724,-0.044183235745922374,0.12876109962379242,0.1031497265203288,-0.1542308559903212,0.048990404023121444,0.11620189673508387,0.028397571852716883,0.00421152978612476,-0.07258529177566987,-0.16436864486909408,-0.14490794130872445
-0.16772075443480394,-0.07605815989976988,0.12876109962379242,0.13870353734110388,-0.17268259834336652,0.029869026263226184,0.11620189673508387,0.028397571852716883,0.03945295822054951,-0.03250692944070599,-0.11992561008888346,-0.14490794130872445
-0.13688351454831724,-0.012308311592074865,0.16192257369428942,0.08537282110994127,-0.17268259834336652,0.08723315954291197,0.11620189673508387,0.009455488879812434,0.021832244003337137,-0.07258529177566987,-0.11992561008888346,-0.1705056077622242
-0.13688351454831724,-0.012308311592074865,0.16192257369428942,0.08537282110994127,-0.17268259834336652,0.08723315954291197,0.11620189673508387,0.028397571852716883,0.021832244003337137,-0.07258529177566987,-0.11992561008888346,-0.14490794130872445
-0.13688351454831724,-0.012308311592074865,0.16192257369428942,0.08537282110994127,-0.17268259834336652,0.08723315954291197,0.11620189673508387,0.028397571852716883,0.03945295822054951,-0.07258529177566987,-0.11992561008888346,-0.14490794130872445
-0.10604627466183056,0.019566612561772643,0.16192257369428942,0.049819010289166174,-0.1542308559903212,0.10635453730280722,0.11620189673508387,0.08522382077143023,0.03945295822054951,-0.05254611060818793,-0.09770409269877815,-0.1193102748552247
-0.07520903477534385,0.08331646086946766,0.19508404776478638,-0.0035117059419964504,-0.1542308559903212,0.16371867058249298,0.1426995360636072,0.08522382077143023,0.05707367243776188,-0.012467748273224052,-0.07548257530867285,-0.09371260840172496
-0.07520903477534385,0.2108161574848577,0.3277299440467743,-0.07461932758354661,-0.2280378254025026,0.3166896926616551,0.1426995360636072,0.10416590374433468,0.109935815089399,0.007571432894257888,-0.053261057918567535,-0.09371260840172496
-0.07520903477534385,0.2745660057925527,0.39405289218776823,-0.1101731384043217,-0.2649413101085933,0.3931752037012361,0.16919717539213053,0.10416590374433468,0.14517724352382377,0.04764979522922177,-0.008818023138356926,-0.042517275494725476
-0.04437179488885716,0.2426910816387052,0.3277299440467743,-0.1101731384043217,-0.20958608304945725,0.33581107042155034,0.16919717539213053,0.10416590374433468,0.12755652930661138,0.027610614061739827,-0.053261057918567535,-0.06811494194822522
-0.07520903477534385,0.2426910816387052,0.36089141811727127,-0.09239623299393417,-0.24648956775554795,0.3549324481814456,0.1426995360636072,0.12310798671723913,0.109935815089399,0.027610614061739827,-0.053261057918567535,-0.09371260840172496
-0.07520903477534385,0.2426910816387052,0.36089141811727127,-0.09239623299393417,-0.24648956775554795,0.3549324481814456,0.1956948147206539,0.17993423563595248,0.12755652930661138,0.06768897639670371,0.013403494251748381,-0.042517275494725476
-0.013534555002370467,0.2108161574848577,0.2614069959057803,-0.1101731384043217,-0.1542308559903212,0.2784469371418646,0.1426995360636072,0.19887631860885693,0.14517724352382377,0.06768897639670371,0.035625011641853686,-0.016919609041225726
-0.013534555002370467,0.2108161574848577,0.2614069959057803,-0.1101731384043217,-0.1542308559903212,0.2784469371418646,0.22219245404917723,0.21781840158176138,0.1804186719582485,0.1278065198991495,0.0800680464220643,0.00867805741227402
-0.013534555002370467,0.1789412333310102,0.22824552183528335,-0.09239623299393417,-0.13577911363727582,0.24020418162207405,0.11620189673508387,0.19887631860885693,0.14517724352382377,0.10776733873166758,0.05784652903195899,0.00867805741227402
0.04813992477060292,0.051441536715620156,0.029276677412301503,-0.056842422173159074,0.011834825187087025,0.048990404023121444,0.010211339420990504,0.12310798671723913,0.07469438665497424,0.10776733873166758,0.05784652903195899,0.00867805741227402
0.140651644430063,-0.044183235745922374,-0.16969216701068032,-0.056842422173159074,0.17790050636449523,-0.12310199581593591,-0.06928157856457952,0.06628173779852578,0.00421152978612476,0.04764979522922177,0.035625011641853686,-0.042517275494725476
-0.10604627466183056,-0.1079330840536174,0.029276677412301503,0.12092663193071634,-0.08042388657813976,-0.008373729256564336,-0.016286299907532834,0.10416590374433468,0.03945295822054951,0.10776733873166758,0.05784652903195899,-0.016919609041225726
0.04813992477060292,-0.1079330840536174,-0.13653069294018336,0.032042104878778635,0.1040935369523138,-0.10398061805604064,-0.06928157856457952,0.06628173779852578,0.00421152978612476,0.06768897639670371,0.05784652903195899,-0.042517275494725476
0.10981440454357631,-0.1398080082074649,-0.23601511515167428,0.014265199468391093,0.1963522487175406,-0.1804661290956217,-0.09577921789310286,0.06628173779852578,0.00421152978612476,0.04764979522922177,0.035625011641853686,-0.042517275494725476
0.10981440454357631,-0.1398080082074649,-0.26917658922217125,0.032042104878778635,0.21480399107058593,-0.2187088846154122,-0.09577921789310286,0.08522382077143023,-0.013409184431087615,0.06768897639670371,0.05784652903195899,0.00867805741227402
0.07897716465708962,-0.26730770482285493,-0.3686610114336622,0.12092663193071634,0.2517074757766766,-0.35255852893467904,-0.09577921789310286,0.08522382077143023,-0.04865061286551236,0.04764979522922177,0.0800680464220643,-0.042517275494725476
-0.013534555002370467,-0.45855724974594,-0.4681454336451531,0.26314187521381666,0.2517074757766766,-0.5246509287737364,-0.06928157856457952,0.12310798671723913,-0.06627132708272473,0.06768897639670371,0.05784652903195899,0.00867805741227402
-0.10604627466183056,-0.4904321738997875,-0.40182248550415917,0.33424949685536687,0.15944876401144986,-0.5055295510138411,-0.06928157856457952,0.12310798671723913,-0.10151275551714949,0.06768897639670371,0.05784652903195899,0.00867805741227402
-0.07520903477534385,-0.58605694636133,-0.5344683817861471,0.36980330767614195,0.2517074757766766,-0.6393791953331079,-0.12227685722162619,0.028397571852716883,-0.2072370408204237,-0.05254611060818793,-0.053261057918567535,-0.1193102748552247
-0.10604627466183056,-0.6179318705151775,-0.5344683817861471,0.405357118496917,0.2332557334236313,-0.6585005730930031,-0.12227685722162619,-0.02842867706599646,-0.22485775503763608,-0.07258529177566987,-0.053261057918567535,-0.14490794130872445
-0.10604627466183056,-0.6816817188228725,-0.600791329927141,0.4409109293176921,0.270159218129722,-0.7349860841325841,-0.12227685722162619,0.009455488879812434,-0.2072370408204237,-0.03250692944070599,0.013403494251748381,-0.1193102748552247
-0.13688351454831724,-0.6816817188228725,-0.567629855856644,0.4586878347280796,0.2332557334236313,-0.715864706372689,-0.09577921789310286,0.04733965482562133,-0.18961632660321134,-0.03250692944070599,-0.031039540528462233,-0.1193102748552247
-0.13688351454831724,-0.7135566429767201,-0.600791329927141,0.4764647401384672,0.2517074757766766,-0.7541074618924795,-0.06928157856457952,0.028397571852716883,-0.18961632660321134,-0.05254611060818793,-0.07548257530867285,-0.14490794130872445
-0.16772075443480394,-0.7135566429767201,-0.567629855856644,0.49424164554885475,0.21480399107058593,-0.7349860841325841,-0.042783939236056175,0.028397571852716883,-0.2072370408204237,-0.07258529177566987,-0.07548257530867285,-0.1705056077622242
-0.22939523420777733,-0.7454315671305676,-0.5344683817861471,0.5475723617800173,0.15944876401144986,-0.7349860841325841,-0.042783939236056175,0.028397571852716883,-0.18961632660321134,-0.05254611060818793,-0.07548257530867285,-0.1705056077622242
-0.22939523420777733,-0.7454315671305676,-0.5344683817861471,0.5475723617800173,0.15944876401144986,-0.7349860841325841,-0.016286299907532834,0.009455488879812434,-0.2072370408204237,-0.0926244729431518,-0.09770409269877815,-0.19610327421572396
-0.3527441937537241,-0.7454315671305676,-0.40182248550415917,0.6186799834215675,0.011834825187087025,-0.6585005730930031,0.010211339420990504,0.028397571852716883,-0.2072370408204237,-0.07258529177566987,-0.09770409269877815,-0.19610327421572396
-0.26023247409426403,-0.7135566429767201,-0.4681454336451531,0.5475723617800173,0.1040935369523138,-0.6776219508528984,-0.016286299907532834,-0.009486594093092014,-0.2072370408204237,-0.1327028352781157,-0.14214712747898875,-0.2217009406692237
-0.22939523420777733,-0.7454315671305676,-0.5344683817861471,0.5475723617800173,0.14099702165840453,-0.7349860841325841,0.010211339420990504,-0.009486594093092014,-0.18961632660321134,-0.11266365411063374,-0.14214712747898875,-0.2217009406692237
-0.22939523420777733,-0.7135566429767201,-0.5013069077156501,0.5297954563696298,0.12254527930535916,-0.6967433286127936,0.010211339420990504,-0.009486594093092014,-0.17199561238599897,-0.11266365411063374,-0.14214712747898875,-0.2217009406692237
-0.26023247409426403,-0.7135566429767201,-0.4681454336451531,0.5475723617800173,0.08564179459926845,-0.6776219508528984,0.03670897874951384,-0.009486594093092014,-0.17199561238599897,-0.11266365411063374,-0.14214712747898875,-0.2217009406692237
-0.26023247409426403,-0.7135566429767201,-0.4681454336451531,0.5475723617800173,0.08564179459926845,-0.6776219508528984,0.11620189673508387,0.009455488879812434,-0.1543748981687866,-0.0926244729431518,-0.11992561008888346,-0.1705056077622242
-0.22939523420777733,-0.6816817188228725,-0.4681454336451531,0.5120185509592423,0.1040935369523138,-0.6585005730930031,0.08970425740656052,-0.009486594093092014,-0.17199561238599897,-0.11266365411063374,-0.16436864486909408,-0.19610327421572396
-0.2910697139807507,-0.649806794669025,-0.3686610114336622,0.5297954563696298,0.011834825187087025,-0.5820150620534221,0.11620189673508387,0.009455488879812434,-0.1543748981687866,-0.11266365411063374,-0.16436864486909408,-0.19610327421572396
-0.22939523420777733,-0.649806794669025,-0.43498395957465613,0.49424164554885475,0.08564179459926845,-0.6202578175732126,0.06320661807803718,0.009455488879812434,-0.13675418395157424,-0.11266365411063374,-0.16436864486909408,-0.2217009406692237
-0.22939523420777733,-0.649806794669025,-0.40182248550415917,0.49424164554885475,0.08564179459926845,-0.6202578175732126,0.06320661807803718,0.009455488879812434,-0.11913346973436187,-0.11266365411063374,-0.16436864486909408,-0.24729860712272345
-0.22939523420777733,-0.6179318705151775,-0.3686610114336622,0.4764647401384672,0.0671900522462231,-0.5820150620534221,0.11620189673508387,-0.009486594093092014,-0.11913346973436187,-0.0926244729431518,-0.16436864486909408,-0.24729860712272345
-0.32190695386723744,-0.58605694636133,-0.23601511515167428,0.5120185509592423,-0.08042388657813976,-0.48640817325394586,0.16919717539213053,0.009455488879812434,-0.10151275551714949,-0.11266365411063374,-0.14214712747898875,-0.19610327421572396
-0.22939523420777733,-0.5541820222074825,-0.3023380632926682,0.4409109293176921,0.011834825187087025,-0.5055295510138411,0.1426995360636072,0.009455488879812434,-0.11913346973436187,-0.11266365411063374,-0.1865901622591994,-0.24729860712272345
-0.32190695386723744,-0.5541820222074825,-0.20285364108117732,0.49424164554885475,-0.09887562893118511,-0.44816541773415536,0.1426995360636072,0.028397571852716883,-0.08389204129993712,-0.0926244729431518,-0.16436864486909408,-0.2217009406692237
-0.32190695386723744,-0.5223070980536351,-0.16969216701068032,0.4764647401384672,-0.11732737128423046,-0.40992266221436485,0.1426995360636072,0.009455488879812434,-0.08389204129993712,-0.1327028352781157,-0.16436864486909408,-0.2217009406692237
-0.2910697139807507,-0.45855724974594,-0.13653069294018336,0.42313402390730454,-0.11732737128423046,-0.35255852893467904,0.1426995360636072,0.028397571852716883,-0.08389204129993712,-0.1327028352781157,-0.16436864486909408,-0.2217009406692237
-0.26023247409426403,-0.4904321738997875,-0.16969216701068032,0.42313402390730454,-0.061972144225094394,-0.40992266221436485,0.16919717539213053,0.009455488879812434,-0.08389204129993712,-0.1327028352781157,-0.16436864486909408,-0.19610327421572396
-0.32190695386723744,-0.4904321738997875,-0.1033692188696864,0.4586878347280796,-0.13577911363727582,-0.3716799066945743,0.16919717539213053,0.028397571852716883,-0.06627132708272473,-0.11266365411063374,-0.14214712747898875,-0.19610327421572396
-0.32190695386723744,-0.4904321738997875,-0.1033692188696864,0.4586878347280796,-0.13577911363727582,-0.3716799066945743,0.16919717539213053,0.028397571852716883,-0.06627132708272473,-0.11266365411063374,-0.16436864486909408,-0.19610327421572396
-0.19855799432129065,-0.45855724974594,-0.20285364108117732,0.36980330767614195,-0.00661691716595833,-0.40992266221436485,0.1426995360636072,0.028397571852716883,-0.06627132708272473,-0.0926244729431518,-0.16436864486909408,-0.2217009406692237
-0.22939523420777733,-0.45855724974594,-0.16969216701068032,0.38758021308652946,-0.043520401872049044,-0.39080128445446954,0.16919717539213053,0.028397571852716883,-0.04865061286551236,-0.0926244729431518,-0.16436864486909408,-0.1705056077622242
-0.22939523420777733,-0.4266823255920925,-0.13653069294018336,0.36980330767614195,-0.08042388657813976,-0.35255852893467904,0.16919717539213053,0.028397571852716883,-0.08389204129993712,-0.11266365411063374,-0.16436864486909408,-0.19610327421572396
-0.22939523420777733,-0.394807401438245,-0.1033692188696864,0.3520264022657544,-0.09887562893118511,-0.31431577341488853,0.1956948147206539,0.04733965482562133,-0.06627132708272473,-0.0926244729431518,-0.14214712747898875,-0.1705056077622242
-0.22939523420777733,-0.394807401438245,-0.1033692188696864,0.3520264022657544,-0.09887562893118511,-0.31431577341488853,0.1956948147206539,0.04733965482562133,-0.031029898648299987,-0.07258529177566987,-0.14214712747898875,-0.1705056077622242
-0.22939523420777733,-0.3629324772843975,-0.07020774479918943,0.33424949685536687,-0.11732737128423046,-0.276073017895098,0.1956948147206539,0.04733965482562133,-0.031029898648299987,-0.0926244729431518,-0.14214712747898875,-0.1705056077622242
-0.16772075443480394,-0.33105755313054996,-0.1033692188696864,0.2809187806242042,-0.061972144225094394,-0.276073017895098,0.1956948147206539,0.04733965482562133,-0.031029898648299987,-0.0926244729431518,-0.16436864486909408,-0.1705056077622242
-0.26023247409426403,-0.29918262897670245,0.029276677412301503,0.3164725914449793,-0.1911343406964119,-0.1804661290956217,0.24869009337770057,0.12310798671723913,0.00421152978612476,-0.03250692944070599,-0.09770409269877815,-0.1705056077622242
-0.3835814336402108,-0.07605815989976988,0.4272143662582652,0.26314187521381666,-0.46791047599209223,0.16371867058249298,0.43417356867736395,0.2746446505004747,0.16279795774103614,0.04764979522922177,-0.07548257530867285,-0.14490794130872445
-0.3527441937537241,0.019566612561772643,0.49353731439925913,0.1920342535722665,-0.4863622183451376,0.2593255593819693,0.5401641259914572,0.44512339725661476,0.2685222430443104,0.10776733873166758,-0.031039540528462233,-0.14490794130872445
-0.013534555002370467,-0.1079330840536174,-0.03704627072869245,0.049819010289166174,0.011834825187087025,-0.12310199581593591,0.43417356867736395,0.48300756320242366,0.2861429572615227,0.20796324456907725,0.16895411598248553,0.11106872322627301
0.6032102427273635,-0.1398080082074649,-0.7334372262091289,-0.28794219250819714,0.7683562616619466,-0.5437723065336316,0.16919717539213053,0.5019496461753281,0.3566258141303722,0.4885117809138244,0.5911629463944864,0.7254127181102669
1.3741412398895307,-0.1079330840536174,-1.4961511298305594,-0.7501417331782733,1.672491636961169,-0.9835639950112226,-0.042783939236056175,0.8618492226605126,0.7442815269090445,1.0295696724358367,1.368916055048172,1.723721709796757
2.175909476938185,0.2745660057925527,-1.9604117668175172,-1.4256641387729996,2.4105613310829836,-1.021806750531013,-0.3077603325212896,0.9755017204979393,1.1143165254705043,1.650784288627777,2.191112198482068,2.798823700843746
2.9160032342138655,0.5933152473310278,-2.424672403804475,-2.030078922726176,3.111727540498707,-1.0982922615705941,-0.8377131190917564,0.3504129823920925,0.955730097515593,1.8110977379676325,2.5022134419435424,3.4131676957277404
3.378561832511166,1.0076892613310455,-2.4909953519454686,-2.5278322742170274,3.425407160500478,-0.8879571062117463,-1.3941635449907466,-0.46409658544279875,0.6385572416057702,1.7910585568001505,2.5688779941138584,3.745937359623237
3.501910792057113,0.8164397164079604,-2.8226100926504385,-2.4922784633962523,3.683731553443113,-1.1938991503700704,-1.81812577424712,-1.1270694894944546,0.21566010039267325,1.350196571115548,2.102226128921647,3.336374696367241
2.977677713986839,0.2108161574848577,-2.8557715667209354,-1.8523098686223007,3.388503675794387,-1.595448083327871,-1.97711161021826,-1.6385057297628745,-0.4891684682958217,0.44843341857886054,1.0355932941965924,2.0820890401457537
1.5591646792084508,-0.07605815989976988,-1.6287970261125473,-0.874580071050986,1.8570090604916225,-1.0600495060508037,-1.5531493809618866,-2.0931157211125813,-1.211617751201529,-0.7138390891350919,-0.5421344405008842,0.05987339031927351
-0.07520903477534385,-0.3629324772843975,-0.16969216701068032,0.2275880643930416,0.0671900522462231,-0.39080128445446954,-0.9702013157343732,-2.2825365508416255,-1.7226184635006878,-1.655680604006743,-1.8532039665170974,-1.7319632614257086
-1.0311634712564315,-0.394807401438245,0.8251520551042288,0.7964490375254429,-1.0583662312895437,0.16371867058249298,-0.652229643792093,-2.3204207167874347,-1.8459634630211745,-1.956268321518972,-2.319855831709309,-2.397502589216702
-1.1236751909158915,-0.4266823255920925,0.8914750032452229,0.8675566591669931,-1.1690766854078158,0.18284004834238826,-0.4402485291639063,-1.9794632232751546,-1.493549178676927,-1.5755238793368151,-1.8309824491269922,-1.8599515936932074
-1.0620007111429182,-0.3629324772843975,0.8914750032452229,0.7964490375254429,-1.1321732007017251,0.22108280386217877,-0.20176977520719622,-1.5816794808441612,-1.211617751201529,-1.2548969806571042,-1.453216653495202,-1.475986596890711
-0.969488991483458,-0.26730770482285493,0.8914750032452229,0.6897876050631176,-1.076817973642589,0.2784469371418646,0.010211339420990504,-1.0323590746299323,-0.8415827526400691,-0.9142309008099112,-1.1198938926436222,-1.1432169329952144
-0.6919538325050778,-0.20355785651515992,0.659344684751744,0.49424164554885475,-0.7815900959938633,0.18284004834238826,0.08970425740656052,-0.6535174151718434,-0.5596513251646712,-0.6336823644651641,-0.7865711317920426,-0.8360449355532175
-0.41441867352669753,-0.1079330840536174,0.46037584032876216,0.2809187806242042,-0.504813960698183,0.12547591506270248,-0.06928157856457952,-0.5777490832802255,-0.40106489720975985,-0.4332905527903448,-0.519912923110779,-0.47767760520422115
-0.2910697139807507,-0.1079330840536174,0.3277299440467743,0.20981115898265404,-0.37565176422686547,0.048990404023121444,-0.016286299907532834,-0.4072703365240854,-0.312961326123698,-0.3330946469529351,-0.3865838187701471,-0.3752869393902222
-0.26023247409426403,-0.1398080082074649,0.2614069959057803,0.20981115898265404,-0.32029653716772943,-0.008373729256564336,0.08970425740656052,-0.1610232578763276,-0.17199561238599897,-0.2328987411155254,-0.3199192665998312,-0.32409160648322266
-0.19855799432129065,-0.1716829323613124,0.16192257369428942,0.1920342535722665,-0.2280378254025026,-0.08485924029614537,0.11620189673508387,-0.06631284301180536,-0.10151275551714949,-0.17278119761307958,-0.2754762318196206,-0.29849394002972296
-0.16772075443480394,-0.20355785651515992,0.09559962555329544,0.1920342535722665,-0.17268259834336652,-0.14222337357583117,0.11620189673508387,-0.10419700895761425,-0.10151275551714949,-0.17278119761307958,-0.23103319703941,-0.19610327421572396
-0.26023247409426403,-0.20355785651515992,0.19508404776478638,0.24536496980342914,-0.28339305246163865,-0.08485924029614537,0.1426995360636072,-0.10419700895761425,-0.06627132708272473,-0.15274201644559762,-0.23103319703941,-0.19610327421572396
-0.2910697139807507,-0.20355785651515992,0.22824552183528335,0.26314187521381666,-0.32029653716772943,-0.06573786253625012,0.1956948147206539,-0.02842867706599646,-0.04865061286551236,-0.11266365411063374,-0.2088116796493047,-0.19610327421572396
-0.26023247409426403,-0.20355785651515992,0.19508404776478638,0.24536496980342914,-0.28339305246163865,-0.08485924029614537,0.1956948147206539,-0.009486594093092014,-0.031029898648299987,-0.1327028352781157,-0.2088116796493047,-0.19610327421572396
-0.19855799432129065,-0.20355785651515992,0.12876109962379242,0.20981115898265404,-0.20958608304945725,-0.12310199581593591,0.22219245404917723,-0.009486594093092014,-0.013409184431087615,-0.11266365411063374,-0.1865901622591994,-0.19610327421572396
-0.26023247409426403,-0.20355785651515992,0.19508404776478638,0.24536496980342914,-0.28339305246163865,-0.08485924029614537,0.1956948147206539,0.028397571852716883,-0.013409184431087615,-0.0926244729431518,-0.1865901622591994,-0.1705056077622242
-0.26023247409426403,-0.20355785651515992,0.19508404776478638,0.24536496980342914,-0.28339305246163865,-0.08485924029614537,0.1956948147206539,0.028397571852716883,0.00421152978612476,-0.0926244729431518,-0.16436864486909408,-0.19610327421572396
-0.2910697139807507,-0.20355785651515992,0.22824552183528335,0.26314187521381666,-0.32029653716772943,-0.06573786253625012,0.22219245404917723,0.04733965482562133,0.021832244003337137,-0.05254611060818793,-0.16436864486909408,-0.1705056077622242
-0.26023247409426403,-0.20355785651515992,0.19508404776478638,0.24536496980342914,-0.28339305246163865,-0.08485924029614537,0.1956948147206539,0.04733965482562133,0.00421152978612476,-0.0926244729431518,-0.16436864486909408,-0.14490794130872445
-0.16772075443480394,-0.20355785651515992,0.09559962555329544,0.1920342535722665,-0.17268259834336652,-0.14222337357583117,0.16919717539213053,0.04733965482562133,-0.013409184431087615,-0.0926244729431518,-0.16436864486909408,-0.1705056077622242
-0.19855799432129065,-0.20355785651515992,0.12876109962379242,0.20981115898265404,-0.20958608304945725,-0.12310199581593591,0.16919717539213053,0.06628173779852578,0.00421152978612476,-0.07258529177566987,-0.14214712747898875,-0.1705056077622242
-0.16772075443480394,-0.1716829323613124,0.12876109962379242,0.17425734816187896,-0.1911343406964119,-0.10398061805604064,0.1956948147206539,0.04733965482562133,0.00421152978612476,-0.0926244729431518,-0.16436864486909408,-0.1705056077622242
-0.2910697139807507,-0.1716829323613124,0.2614069959057803,0.24536496980342914,-0.33874827952077474,-0.0274951070164596,0.22219245404917723,0.06628173779852578,0.021832244003337137,-0.05254611060818793,-0.14214712747898875,-0.14490794130872445
-0.22939523420777733,-0.1716829323613124,0.19508404776478638,0.20981115898265404,-0.2649413101085933,-0.06573786253625012,0.24869009337770057,0.04733965482562133,0.021832244003337137,-0.07258529177566987,-0.14214712747898875,-0.1705056077622242
-0.19855799432129065,-0.1398080082074649,0.19508404776478638,0.17425734816187896,-0.24648956775554795,-0.046616484776354855,0.22219245404917723,0.04733965482562133,0.00421152978612476,-0.07258529177566987,-0.14214712747898875,-0.1705056077622242
-0.19855799432129065,-0.1398080082074649,0.19508404776478638,0.17425734816187896,-0.24648956775554795,-0.046616484776354855,0.22219245404917723,0.04733965482562133,0.021832244003337137,-0.05254611060818793,-0.14214712747898875,-0.14490794130872445
-0.22939523420777733,-0.1079330840536174,0.2614069959057803,0.17425734816187896,-0.30184479481468407,0.010747648503330924,0.24869009337770057,0.06628173779852578,0.021832244003337137,-0.05254611060818793,-0.14214712747898875,-0.1705056077622242
-0.16772075443480394,-0.1079330840536174,0.19508404776478638,0.13870353734110388,-0.2280378254025026,-0.0274951070164596,0.1956948147206539,0.04733965482562133,0.021832244003337137,-0.0926244729431518,-0.16436864486909408,-0.1193102748552247
-0.13688351454831724,-0.07605815989976988,0.16192257369428942,0.1031497265203288,-0.20958608304945725,-0.008373729256564336,0.1956948147206539,0.028397571852716883,0.021832244003337137,-0.0926244729431518,-0.16436864486909408,-0.14490794130872445
-0.19855799432129065,-0.1079330840536174,0.19508404776478638,0.15648044275149142,-0.2649413101085933,-0.008373729256564336,0.1956948147206539,0.028397571852716883,0.021832244003337137,-0.07258529177566987,-0.16436864486909408,-0.1705056077622242
-0.22939523420777733,-0.07605815989976988,0.2614069959057803,0.15648044275149142,-0.32029653716772943,0.048990404023121444,0.22219245404917723,0.028397571852716883,0.00421152978612476,-0.07258529177566987,-0.14214712747898875,-0.14490794130872445
-0.16772075443480394,-0.1079330840536174,0.16192257369428942,0.15648044275149142,-0.2280378254025026,-0.0274951070164596,0.1956948147206539,0.028397571852716883,0.00421152978612476,-0.07258529177566987,-0.16436864486909408,-0.14490794130872445
-0.19855799432129065,-0.1079330840536174,0.19508404776478638,0.17425734816187896,-0.2649413101085933,-0.008373729256564336,0.1956948147206539,0.028397571852716883,0.021832244003337137,-0.05254611060818793,-0.14214712747898875,-0.1193102748552247
-0.19855799432129065,-0.1079330840536174,0.19508404776478638,0.17425734816187896,-0.2649413101085933,-0.008373729256564336,0.1956948147206539,0.04733965482562133,0.03945295822054951,-0.07258529177566987,-0.14214712747898875,-0.1193102748552247
-0.13688351454831724,-0.1079330840536174,0.12876109962379242,0.13870353734110388,-0.1911343406964119,-0.046616484776354855,0.16919717539213053,0.028397571852716883,0.00421152978612476,-0.07258529177566987,-0.11992561008888346,-0.14490794130872445
-0.16772075443480394,-0.1398080082074649,0.12876109962379242,0.17425734816187896,-0.1911343406964119,-0.06573786253625012,0.1956948147206539,0.04733965482562133,0.00421152978612476,-0.07258529177566987,-0.11992561008888346,-0.1705056077622242
-0.22939523420777733,-0.1398080082074649,0.19508404776478638,0.20981115898265404,-0.2649413101085933,-0.0274951070164596,0.1956948147206539,0.04733965482562133,0.021832244003337137,-0.07258529177566987,-0.09770409269877815,-0.14490794130872445
-0.19855799432129065,-0.1079330840536174,0.16192257369428942,0.17425734816187896,-0.24648956775554795,-0.008373729256564336,0.16919717539213053,0.028397571852716883,0.00421152978612476,-0.0926244729431518,-0.09770409269877815,-0.1193102748552247
-0.19855799432129065,-0.1398080082074649,0.09559962555329544,0.17425734816187896,-0.1911343406964119,-0.06573786253625012,0.1426995360636072,0.04733965482562133,0.00421152978612476,-0.0926244729431518,-0.11992561008888346,-0.1705056077622242
-0.19855799432129065,-0.1716829323613124,0.06243815148279847,0.1920342535722665,-0.17268259834336652,-0.10398061805604064,0.16919717539213053,0.028397571852716883,0.00421152978612476,-0.07258529177566987,-0.09770409269877815,-0.14490794130872445
-0.13688351454831724,-0.1079330840536174,0.06243815148279847,0.12092663193071634,-0.13577911363727582,-0.06573786253625012,0.11620189673508387,0.009455488879812434,0.00421152978612476,-0.0926244729431518,-0.16436864486909408,-0.1705056077622242
-0.16772075443480394,-0.1398080082074649,0.06243815148279847,0.15648044275149142,-0.1542308559903212,-0.08485924029614537,0.1426995360636072,0.028397571852716883,-0.013409184431087615,-0.0926244729431518,-0.14214712747898875,-0.14490794130872445
-0.10604627466183056,-0.1716829323613124,-0.03704627072869245,0.13870353734110388,-0.043520401872049044,-0.16134475133572643,0.1426995360636072,0.009455488879812434,-0.013409184431087615,-0.0926244729431518,-0.14214712747898875,-0.1705056077622242
-0.16772075443480394,-0.20355785651515992,-0.0038847966581954723,0.1920342535722665,-0.09887562893118511,-0.16134475133572643,0.16919717539213053,0.028397571852716883,0.00421152978612476,-0.07258529177566987,-0.11992561008888346,-0.14490794130872445
-0.16772075443480394,-0.20355785651515992,-0.0038847966581954723,0.1920342535722665,-0.09887562893118511,-0.16134475133572643,0.1426995360636072,0.04733965482562133,0.00421152978612476,-0.07258529177566987,-0.11992561008888346,-0.1193102748552247
-0.13688351454831724,-0.20355785651515992,-0.03704627072869245,0.17425734816187896,-0.061972144225094394,-0.1804661290956217,0.11620189673508387,0.04733965482562133,-0.013409184431087615,-0.07258529177566987,-0.09770409269877815,-0.14490794130872445
-0.07520903477534385,-0.20355785651515992,-0.1033692188696864,0.13870353734110388,0.011834825187087025,-0.2187088846154122,0.08970425740656052,0.028397571852716883,-0.013409184431087615,-0.07258529177566987,-0.09770409269877815,-0.1193102748552247
-0.13688351454831724,-0.1716829323613124,-0.0038847966581954723,0.15648044275149142,-0.08042388657813976,-0.14222337357583117,0.08970425740656052,0.04733965482562133,-0.013409184431087615,-0.05254611060818793,-0.07548257530867285,-0.06811494194822522
-0.13688351454831724,-0.1398080082074649,0.029276677412301503,0.13870353734110388,-0.09887562893118511,-0.10398061805604064,0.08970425740656052,0.04733965482562133,0.00421152978612476,-0.012467748273224052,-0.07548257530867285,-0.042517275494725476
-0.04437179488885716,-0.07605815989976988,-0.0038847966581954723,0.049819010289166174,-0.025068659519003687,-0.08485924029614537,0.06320661807803718,0.04733965482562133,0.021832244003337137,-0.03250692944070599,-0.031039540528462233,-0.042517275494725476
-0.04437179488885716,-0.07605815989976988,-0.0038847966581954723,0.049819010289166174,-0.025068659519003687,-0.08485924029614537,0.11620189673508387,0.06628173779852578,0.03945295822054951,-0.012467748273224052,-0.031039540528462233,-0.016919609041225726
-0.10604627466183056,-0.044183235745922374,0.09559962555329544,0.06759591569955371,-0.11732737128423046,-0.008373729256564336,0.11620189673508387,0.10416590374433468,0.05707367243776188,0.007571432894257888,0.013403494251748381,0.00867805741227402
0.04813992477060292,-0.012308311592074865,-0.03704627072869245,-0.039065516762771535,0.048738309893177734,-0.06573786253625012,0.06320661807803718,0.08522382077143023,0.05707367243776188,0.007571432894257888,0.013403494251748381,0.034275723865773766
0.10981440454357631,0.019566612561772643,-0.07020774479918943,-0.09239623299393417,0.1040935369523138,-0.06573786253625012,0.03670897874951384,0.08522382077143023,0.05707367243776188,0.04764979522922177,0.035625011641853686,0.05987339031927351
0.140651644430063,0.019566612561772643,-0.1033692188696864,-0.1101731384043217,0.14099702165840453,-0.08485924029614537,0.03670897874951384,0.10416590374433468,0.09231510087218663,0.08772815756418564,0.0800680464220643,0.13666638967977274
0.2331633640895231,0.051441536715620156,-0.20285364108117732,-0.18128076004587187,0.2517074757766766,-0.10398061805604064,-0.016286299907532834,0.08522382077143023,0.12755652930661138,0.08772815756418564,0.14673259859238022,0.13666638967977274
0.2640006039760098,0.08331646086946766,-0.20285364108117732,-0.21683457086664695,0.270159218129722,-0.08485924029614537,-0.016286299907532834,0.10416590374433468,0.109935815089399,0.14784570106663147,0.16895411598248553,0.23905705549377174
0.2948378438624965,0.11519138502331518,-0.20285364108117732,-0.25238838168742206,0.28861096048276735,-0.06573786253625012,-0.042783939236056175,0.10416590374433468,0.14517724352382377,0.18792406340159531,0.23561866815280144,0.36704538776127044
0.35651232363546986,0.1789412333310102,-0.20285364108117732,-0.3234960033289722,0.325514445188858,-0.0274951070164596,-0.09577921789310286,0.10416590374433468,0.16279795774103614,0.2280024257365592,0.2800617029330121,0.3926430542147702
0.5106985230679033,0.2108161574848577,-0.3354995373631652,-0.43015743579129745,0.49158012636626625,-0.08485924029614537,-0.14877449655014954,0.10416590374433468,0.1804186719582485,0.24804160690404115,0.3245047377132227,0.46943605357526946
0.6032102427273635,0.2426910816387052,-0.40182248550415917,-0.5012650574328477,0.5838388381314931,-0.10398061805604064,-0.14877449655014954,0.10416590374433468,0.1804186719582485,0.30815915040648695,0.3911692898835386,0.5206313864822689
0.6340474826138501,0.3064409299464002,-0.3686610114336622,-0.5545957736640102,0.5838388381314931,-0.046616484776354855,-0.22826741453571955,0.10416590374433468,0.1804186719582485,0.3281983315739689,0.4356123246637492,0.5718267193892684
0.7265592022733103,0.37019077825409524,-0.40182248550415917,-0.643480300715948,0.6576458075436744,-0.0274951070164596,-0.2547650538642429,0.10416590374433468,0.19803938617546088,0.3482375127414508,0.4578338420538545,0.6998150516567672
0.7882336820462836,0.40206570240794276,-0.43498395957465613,-0.6968110169471106,0.7130010346028105,-0.0274951070164596,-0.3077603325212896,0.10416590374433468,0.23328081460988562,0.3883158750764147,0.5022768768340652,0.7510103845637667
0.8807454017057437,0.4339406265617903,-0.5013069077156501,-0.7679186385886607,0.8052597463680373,-0.046616484776354855,-0.33425797184981293,0.08522382077143023,0.23328081460988562,0.4283942374113786,0.5467199116142758,0.7766080510172664
0.8807454017057437,0.4339406265617903,-0.5013069077156501,-0.7679186385886607,0.8052597463680373,-0.046616484776354855,-0.33425797184981293,0.08522382077143023,0.23328081460988562,0.44843341857886054,0.5911629463944864,0.8022057174707662
0.9732571213652038,0.4658155507156378,-0.567629855856644,-0.8212493548198234,0.897518458133264,-0.06573786253625012,-0.36075561117833627,0.08522382077143023,0.23328081460988562,0.4885117809138244,0.6133844637845917,0.8789987168312655
0.9115826415922305,0.4976904748694853,-0.4681454336451531,-0.8034724494094359,0.8052597463680373,0.010747648503330924,-0.33425797184981293,0.10416590374433468,0.2685222430443104,0.5085509620813063,0.6800490159549076,0.9557917161917647
0.9424198814787171,0.4976904748694853,-0.5013069077156501,-0.8212493548198234,0.8421632310741279,-0.008373729256564336,-0.3872532505068596,0.10416590374433468,0.2685222430443104,0.5085509620813063,0.6800490159549076,0.9301940497382649
0.9424198814787171,0.4658155507156378,-0.5344683817861471,-0.8034724494094359,0.8606149734271733,-0.046616484776354855,-0.3872532505068596,0.10416590374433468,0.2685222430443104,0.5486293244162702,0.7022705333450129,0.9813893826452644
0.9732571213652038,0.4658155507156378,-0.567629855856644,-0.8212493548198234,0.897518458133264,-0.06573786253625012,-0.4402485291639063,0.10416590374433468,0.250901528827098,0.5285901432487883,0.7244920507351182,0.9813893826452644
0.9424198814787171,0.40206570240794276,-0.600791329927141,-0.7679186385886607,0.897518458133264,-0.12310199581593591,-0.41375088983538294,0.12310798671723913,0.250901528827098,0.5486293244162702,0.7244920507351182,0.9557917161917647
0.9115826415922305,0.40206570240794276,-0.567629855856644,-0.7501417331782733,0.8606149734271733,-0.10398061805604064,-0.41375088983538294,0.10416590374433468,0.21566010039267325,0.5085509620813063,0.6800490159549076,0.9045963832847652
0.8190709219327703,0.4339406265617903,-0.43498395957465613,-0.7145879223574981,0.7314527769558559,-0.008373729256564336,-0.3872532505068596,0.08522382077143023,0.21566010039267325,0.4684725997463425,0.6133844637845917,0.8534010503777657
0.849908161819257,0.4339406265617903,-0.4681454336451531,-0.7323648277678857,0.7683562616619466,-0.0274951070164596,-0.3872532505068596,0.06628173779852578,0.19803938617546088,0.4684725997463425,0.568941429004381,0.7766080510172664
0.757396442159797,0.4658155507156378,-0.3354995373631652,-0.6968110169471106,0.639194065190629,0.0681117817830167,-0.3077603325212896,0.08522382077143023,0.19803938617546088,0.4283942374113786,0.5244983942241704,0.7254127181102669
0.6648847225003368,0.4658155507156378,-0.23601511515167428,-0.643480300715948,0.528483611072357,0.12547591506270248,-0.28126269319276626,0.06628173779852578,0.19803938617546088,0.4083550562438967,0.4578338420538545,0.623022052296268
0.6340474826138501,0.4339406265617903,-0.23601511515167428,-0.6079264898951728,0.5100318687193116,0.10635453730280722,-0.20176977520719622,0.06628173779852578,0.1804186719582485,0.3482375127414508,0.3911692898835386,0.5718267193892684
0.44902404329492995,0.40206570240794276,-0.07020774479918943,-0.4834881520224601,0.30706270283581266,0.18284004834238826,-0.12227685722162619,0.10416590374433468,0.21566010039267325,0.30815915040648695,0.3689477724934333,0.4950337200287692
0.2948378438624965,0.40206570240794276,0.09559962555329544,-0.39460362497052237,0.12254527930535916,0.2784469371418646,-0.042783939236056175,0.12310798671723913,0.21566010039267325,0.30815915040648695,0.3245047377132227,0.4438383871217697
0.2640006039760098,0.3383158541002477,0.06243815148279847,-0.3412729087393597,0.12254527930535916,0.22108280386217877,-0.06928157856457952,0.08522382077143023,0.19803938617546088,0.288119969239005,0.3022832203231174,0.3926430542147702
0.1714888843165497,0.2426910816387052,0.06243815148279847,-0.2346114762770345,0.0671900522462231,0.16371867058249298,0.03670897874951384,0.12310798671723913,0.19803938617546088,0.2680807880715231,0.2800617029330121,0.34144772130777074
0.1714888843165497,0.1789412333310102,-0.0038847966581954723,-0.19905766545625941,0.1040935369523138,0.08723315954291197,0.03670897874951384,0.12310798671723913,0.1804186719582485,0.24804160690404115,0.21339715076269614,0.26465472194727147
0.10981440454357631,0.14706630917716268,0.029276677412301503,-0.1457269492250968,0.048738309893177734,0.08723315954291197,0.06320661807803718,0.12310798671723913,0.12755652930661138,0.18792406340159531,0.16895411598248553,0.21345938904027198
0.10981440454357631,0.11519138502331518,-0.0038847966581954723,-0.12795004381470923,0.0671900522462231,0.048990404023121444,0.06320661807803718,0.08522382077143023,0.109935815089399,0.14784570106663147,0.10228956381216961,0.1622640561332725
0.01730268488411623,0.08331646086946766,0.06243815148279847,-0.056842422173159074,-0.025068659519003687,0.0681117817830167,0.08970425740656052,0.08522382077143023,0.109935815089399,0.14784570106663147,0.0800680464220643,0.1622640561332725
-0.04437179488885716,0.019566612561772643,0.06243815148279847,0.014265199468391093,-0.061972144225094394,0.029869026263226184,0.08970425740656052,0.10416590374433468,0.12755652930661138,0.1278065198991495,0.05784652903195899,0.11106872322627301
-0.07520903477534385,-0.012308311592074865,0.06243815148279847,0.049819010289166174,-0.08042388657813976,0.010747648503330924,0.1426995360636072,0.06628173779852578,0.09231510087218663,0.08772815756418564,0.035625011641853686,0.05987339031927351
-0.07520903477534385,-0.044183235745922374,0.029276677412301503,0.06759591569955371,-0.061972144225094394,-0.0274951070164596,0.1426995360636072,0.04733965482562133,0.09231510087218663,0.06768897639670371,0.013403494251748381,0.00867805741227402
-0.07520903477534385,-0.044183235745922374,0.029276677412301503,0.06759591569955371,-0.061972144225094394,-0.0274951070164596,0.1426995360636072,0.06628173779852578,0.09231510087218663,0.06768897639670371,0.013403494251748381,-0.016919609041225726
-0.07520903477534385,-0.07605815989976988,-0.0038847966581954723,0.08537282110994127,-0.043520401872049044,-0.06573786253625012,0.16919717539213053,0.06628173779852578,0.07469438665497424,0.027610614061739827,-0.031039540528462233,-0.016919609041225726
-0.10604627466183056,-0.1079330840536174,-0.0038847966581954723,0.12092663193071634,-0.061972144225094394,-0.08485924029614537,0.1426995360636072,0.08522382077143023,0.05707367243776188,0.027610614061739827,-0.031039540528462233,-0.042517275494725476
-0.10604627466183056,-0.1079330840536174,-0.0038847966581954723,0.12092663193071634,-0.061972144225094394,-0.08485924029614537,0.1426995360636072,0.06628173779852578,0.03945295822054951,0.007571432894257888,-0.053261057918567535,-0.06811494194822522
-0.13688351454831724,-0.1398080082074649,-0.0038847966581954723,0.15648044275149142,-0.08042388657813976,-0.10398061805604064,0.1426995360636072,0.06628173779852578,0.03945295822054951,0.007571432894257888,-0.053261057918567535,-0.06811494194822522
-0.13688351454831724,-0.1716829323613124,-0.03704627072869245,0.17425734816187896,-0.061972144225094394,-0.14222337357583117,0.16919717539213053,0.08522382077143023,0.05707367243776188,0.007571432894257888,-0.07548257530867285,-0.09371260840172496
-0.16772075443480394,-0.1716829323613124,-0.0038847966581954723,0.1920342535722665,-0.09887562893118511,-0.10398061805604064,0.1426995360636072,0.06628173779852578,0.03945295822054951,-0.012467748273224052,-0.07548257530867285,-0.06811494194822522
-0.13688351454831724,-0.1716829323613124,-0.03704627072869245,0.17425734816187896,-0.061972144225094394,-0.12310199581593591,0.16919717539213053,0.06628173779852578,0.021832244003337137,-0.012467748273224052,-0.07548257530867285,-0.09371260840172496
-0.16772075443480394,-0.1716829323613124,-0.0038847966581954723,0.1920342535722665,-0.09887562893118511,-0.10398061805604064,0.16919717539213053,0.06628173779852578,0.021832244003337137,-0.012467748273224052,-0.07548257530867285,-0.06811494194822522
-0.16772075443480394,-0.1716829323613124,-0.0038847966581954723,0.1920342535722665,-0.09887562893118511,-0.10398061805604064,0.1426995360636072,0.04733965482562133,0.021832244003337137,-0.03250692944070599,-0.09770409269877815,-0.09371260840172496
-0.16772075443480394,-0.1716829323613124,-0.0038847966581954723,0.1920342535722665,-0.09887562893118511,-0.10398061805604064,0.1426995360636072,0.04733965482562133,0.021832244003337137,-0.03250692944070599,-0.07548257530867285,-0.09371260840172496
-0.13688351454831724,-0.1716829323613124,-0.03704627072869245,0.17425734816187896,-0.061972144225094394,-0.12310199581593591,0.11620189673508387,0.028397571852716883,0.00421152978612476,-0.03250692944070599,-0.09770409269877815,-0.1193102748552247
-0.19855799432129065,-0.1398080082074649,0.06243815148279847,0.1920342535722665,-0.1542308559903212,-0.046616484776354855,0.1426995360636072,0.04733965482562133,0.021832244003337137,-0.03250692944070599,-0.09770409269877815,-0.09371260840172496
-0.16772075443480394,-0.1716829323613124,-0.0038847966581954723,0.1920342535722665,-0.09887562893118511,-0.10398061805604064,0.16919717539213053,0.04733965482562133,0.021832244003337137,-0.03250692944070599,-0.07548257530867285,-0.09371260840172496
-0.13688351454831724,-0.1716829323613124,-0.03704627072869245,0.17425734816187896,-0.061972144225094394,-0.12310199581593591,0.1426995360636072,0.028397571852716883,0.00421152978612476,-0.03250692944070599,-0.09770409269877815,-0.1193102748552247
-0.19855799432129065,-0.1716829323613124,0.029276677412301503,0.20981115898265404,-0.13577911363727582,-0.08485924029614537,0.1426995360636072,0.04733965482562133,0.021832244003337137,-0.05254611060818793,-0.07548257530867285,-0.1193102748552247
-0.19855799432129065,-0.1716829323613124,0.029276677412301503,0.20981115898265404,-0.13577911363727582,-0.08485924029614537,0.1426995360636072,0.028397571852716883,0.021832244003337137,-0.05254611060818793,-0.09770409269877815,-0.09371260840172496
-0.22939523420777733,-0.20355785651515992,0.029276677412301503,0.24536496980342914,-0.1542308559903212,-0.10398061805604064,0.16919717539213053,0.04733965482562133,0.021832244003337137,-0.03250692944070599,-0.07548257530867285,-0.09371260840172496
-0.19855799432129065,-0.20355785651515992,-0.0038847966581954723,0.2275880643930416,-0.11732737128423046,-0.12310199581593591,0.1426995360636072,0.028397571852716883,0.00421152978612476,-0.03250692944070599,-0.09770409269877815,-0.09371260840172496
-0.19855799432129065,-0.1716829323613124,0.029276677412301503,0.20981115898265404,-0.13577911363727582,-0.08485924029614537,0.1426995360636072,0.028397571852716883,0.00421152978612476,-0.05254611060818793,-0.09770409269877815,-0.14490794130872445
-0.19855799432129065,-0.20355785651515992,-0.0038847966581954723,0.2275880643930416,-0.11732737128423046,-0.12310199581593591,0.1426995360636072,0.009455488879812434,-0.013409184431087615,-0.05254611060818793,-0.09770409269877815,-0.14490794130872445
-0.22939523420777733,-0.1716829323613124,0.06243815148279847,0.2275880643930416,-0.17268259834336652,-0.06573786253625012,0.1426995360636072,0.028397571852716883,0.00421152978612476,-0.05254611060818793,-0.09770409269877815,-0.1193102748552247
-0.22939523420777733,-0.1716829323613124,0.06243815148279847,0.2275880643930416,-0.17268259834336652,-0.06573786253625012,0.1426995360636072,0.009455488879812434,0.00421152978612476,-0.07258529177566987,-0.11992561008888346,-0.14490794130872445
-0.26023247409426403,-0.1716829323613124,0.09559962555329544,0.24536496980342914,-0.20958608304945725,-0.046616484776354855,0.1426995360636072,0.04733965482562133,0.00421152978612476,-0.05254611060818793,-0.11992561008888346,-0.14490794130872445
-0.26023247409426403,-0.1716829323613124,0.09559962555329544,0.24536496980342914,-0.20958608304945725,-0.046616484776354855,0.16919717539213053,0.04733965482562133,0.021832244003337137,-0.07258529177566987,-0.09770409269877815,-0.1193102748552247
-0.16772075443480394,-0.1716829323613124,-0.0038847966581954723,0.1920342535722665,-0.09887562893118511,-0.10398061805604064,0.11620189673508387,-0.009486594093092014,-0.013409184431087615,-0.07258529177566987,-0.14214712747898875,-0.14490794130872445
-0.22939523420777733,-0.1716829323613124,0.06243815148279847,0.2275880643930416,-0.17268259834336652,-0.06573786253625012,0.1426995360636072,0.028397571852716883,0.00421152978612476,-0.0926244729431518,-0.14214712747898875,-0.14490794130872445
-0.26023247409426403,-0.1398080082074649,0.12876109962379242,0.2275880643930416,-0.2280378254025026,-0.008373729256564336,0.1426995360636072,0.04733965482562133,-0.013409184431087615,-0.07258529177566987,-0.11992561008888346,-0.1193102748552247
-0.19855799432129065,-0.1716829323613124,0.06243815148279847,0.20981115898265404,-0.13577911363727582,-0.08485924029614537,0.1426995360636072,0.028397571852716883,0.00421152978612476,-0.0926244729431518,-0.11992561008888346,-0.19610327421572396
-0.19855799432129065,-0.1716829323613124,0.06243815148279847,0.20981115898265404,-0.13577911363727582,-0.08485924029614537,0.11620189673508387,0.028397571852716883,0.00421152978612476,-0.07258529177566987,-0.14214712747898875,-0.1705056077622242
-0.26023247409426403,-0.1398080082074649,0.16192257369428942,0.2275880643930416,-0.2280378254025026,-0.008373729256564336,0.1426995360636072,0.028397571852716883,0.00421152978612476,-0.07258529177566987,-0.11992561008888346,-0.1705056077622242
-0.19855799432129065,-0.1716829323613124,0.06243815148279847,0.20981115898265404,-0.13577911363727582,-0.08485924029614537,0.11620189673508387,0.009455488879812434,-0.013409184431087615,-0.0926244729431518,-0.14214712747898875,-0.1705056077622242
-0.19855799432129065,-0.1398080082074649,0.09559962555329544,0.1920342535722665,-0.1542308559903212,-0.046616484776354855,0.11620189673508387,0.009455488879812434,0.00421152978612476,-0.07258529177566987,-0.14214712747898875,-0.1705056077622242
-0.19855799432129065,-0.1398080082074649,0.09559962555329544,0.1920342535722665,-0.1542308559903212,-0.046616484776354855,0.11620189673508387,0.028397571852716883,0.00421152978612476,-0.0926244729431518,-0.14214712747898875,-0.19610327421572396
-0.22939523420777733,-0.1398080082074649,0.12876109962379242,0.20981115898265404,-0.1911343406964119,-0.0274951070164596,0.11620189673508387,0.04733965482562133,0.021832244003337137,-0.07258529177566987,-0.14214712747898875,-0.1705056077622242
-0.22939523420777733,-0.1398080082074649,0.12876109962379242,0.20981115898265404,-0.1911343406964119,-0.0274951070164596,0.11620189673508387,0.028397571852716883,0.021832244003337137,-0.05254611060818793,-0.11992561008888346,-0.1705056077622242
-0.19855799432129065,-0.1398080082074649,0.09559962555329544,0.1920342535722665,-0.1542308559903212,-0.046616484776354855,0.11620189673508387,0.028397571852716883,0.00421152978612476,-0.0926244729431518,-0.11992561008888346,-0.1705056077622242
-0.16772075443480394,-0.1079330840536174,0.09559962555329544,0.15648044275149142,-0.13577911363727582,-0.0274951070164596,0.08970425740656052,0.028397571852716883,-0.013409184431087615,-0.0926244729431518,-0.14214712747898875,-0.1705056077622242
-0.16772075443480394,-0.1398080082074649,0.06243815148279847,0.17425734816187896,-0.11732737128423046,-0.06573786253625012,0.08970425740656052,0.028397571852716883,0.00421152978612476,-0.07258529177566987,-0.11992561008888346,-0.1705056077622242
-0.16772075443480394,-0.1398080082074649,0.06243815148279847,0.17425734816187896,-0.11732737128423046,-0.06573786253625012,0.08970425740656052,0.028397571852716883,0.00421152978612476,-0.07258529177566987,-0.14214712747898875,-0.14490794130872445
-0.10604627466183056,-0.1079330840536174,0.029276677412301503,0.1031497265203288,-0.061972144225094394,-0.06573786253625012,0.08970425740656052,0.009455488879812434,0.00421152978612476,-0.0926244729431518,-0.14214712747898875,-0.1705056077622242
-0.10604627466183056,-0.1079330840536174,0.029276677412301503,0.1031497265203288,-0.061972144225094394,-0.06573786253625012,0.06320661807803718,-0.009486594093092014,0.00421152978612476,-0.0926244729431518,-0.16436864486909408,-0.1705056077622242
-0.13688351454831724,-0.1079330840536174,0.06243815148279847,0.12092663193071634,-0.09887562893118511,-0.046616484776354855,0.06320661807803718,0.009455488879812434,0.00421152978612476,-0.0926244729431518,-0.11992561008888346,-0.14490794130872445
-0.16772075443480394,-0.1079330840536174,0.09559962555329544,0.13870353734110388,-0.13577911363727582,-0.0274951070164596,0.08970425740656052,0.028397571852716883,0.00421152978612476,-0.07258529177566987,-0.11992561008888346,-0.14490794130872445
-0.13688351454831724,-0.1079330840536174,0.06243815148279847,0.12092663193071634,-0.09887562893118511,-0.046616484776354855,0.08970425740656052,0.028397571852716883,0.00421152978612476,-0.07258529177566987,-0.11992561008888346,-0.14490794130872445
-0.16772075443480394,-0.1079330840536174,0.09559962555329544,0.13870353734110388,-0.13577911363727582,-0.0274951070164596,0.08970425740656052,0.028397571852716883,0.00421152978612476,-0.07258529177566987,-0.11992561008888346,-0.1193102748552247
-0.07520903477534385,-0.1079330840536174,-0.0038847966581954723,0.08537282110994127,-0.025068659519003687,-0.08485924029614537,0.06320661807803718,0.009455488879812434,-0.013409184431087615,-0.07258529177566987,-0.11992561008888346,-0.14490794130872445
-0.07520903477534385,-0.1079330840536174,-0.0038847966581954723,0.08537282110994127,-0.025068659519003687,-0.08485924029614537,0.08970425740656052,0.04733965482562133,0.00421152978612476,-0.07258529177566987,-0.09770409269877815,-0.1193102748552247
-0.10604627466183056,-0.1079330840536174,0.029276677412301503,0.1031497265203288,-0.061972144225094394,-0.06573786253625012,0.03670897874951384,0.028397571852716883,0.00421152978612476,-0.0926244729431518,-0.11992561008888346,-0.14490794130872445
-0.07520903477534385,-0.1079330840536174,-0.0038847966581954723,0.08537282110994127,-0.025068659519003687,-0.08485924029614537,0.06320661807803718,0.028397571852716883,0.00421152978612476,-0.07258529177566987,-0.11992561008888346,-0.1193102748552247
-0.07520903477534385,-0.1079330840536174,-0.0038847966581954723,0.08537282110994127,-0.025068659519003687,-0.08485924029614537,0.03670897874951384,0.028397571852716883,0.00421152978612476,-0.07258529177566987,-0.09770409269877815,-0.1193102748552247
-0.13688351454831724,-0.1079330840536174,0.06243815148279847,0.12092663193071634,-0.09887562893118511,-0.046616484776354855,0.08970425740656052,0.028397571852716883,0.021832244003337137,-0.07258529177566987,-0.09770409269877815,-0.1193102748552247
-0.10604627466183056,-0.1079330840536174,0.029276677412301503,0.1031497265203288,-0.061972144225094394,-0.06573786253625012,0.06320661807803718,0.028397571852716883,0.00421152978612476,-0.07258529177566987,-0.09770409269877815,-0.09371260840172496
-0.10604627466183056,-0.1079330840536174,0.029276677412301503,0.1031497265203288,-0.061972144225094394,-0.06573786253625012,0.03670897874951384,0.028397571852716883,0.00421152978612476,-0.07258529177566987,-0.07548257530867285,-0.09371260840172496
-0.10604627466183056,-0.1079330840536174,0.029276677412301503,0.1031497265203288,-0.061972144225094394,-0.06573786253625012,0.03670897874951384,0.028397571852716883,0.00421152978612476,-0.07258529177566987,-0.09770409269877815,-0.1193102748552247
-0.13688351454831724,-0.1079330840536174,0.06243815148279847,0.12092663193071634,-0.09887562893118511,-0.046616484776354855,0.06320661807803718,0.028397571852716883,-0.013409184431087615,-0.05254611060818793,-0.09770409269877815,-0.1193102748552247
-0.16772075443480394,-0.1398080082074649,0.06243815148279847,0.15648044275149142,-0.11732737128423046,-0.06573786253625012,0.06320661807803718,0.028397571852716883,0.00421152978612476,-0.05254611060818793,-0.09770409269877815,-0.09371260840172496
-0.16772075443480394,-0.1398080082074649,0.06243815148279847,0.15648044275149142,-0.11732737128423046,-0.06573786253625012,0.08970425740656052,0.04733965482562133,0.00421152978612476,-0.03250692944070599,-0.09770409269877815,-0.09371260840172496
-0.16772075443480394,-0.1079330840536174,0.09559962555329544,0.13870353734110388,-0.13577911363727582,-0.0274951070164596,0.08970425740656052,0.028397571852716883,0.00421152978612476,-0.05254611060818793,-0.09770409269877815,-0.09371260840172496
-0.19855799432129065,-0.1398080082074649,0.09559962555329544,0.17425734816187896,-0.1542308559903212,-0.046616484776354855,0.08970425740656052,0.06628173779852578,0.00421152978612476,-0.05254611060818793,-0.07548257530867285,-0.09371260840172496
-0.16772075443480394,-0.1079330840536174,0.09559962555329544,0.13870353734110388,-0.13577911363727582,-0.0274951070164596,0.08970425740656052,0.04733965482562133,0.00421152978612476,-0.05254611060818793,-0.09770409269877815,-0.1193102748552247
-0.19855799432129065,-0.1079330840536174,0.12876109962379242,0.15648044275149142,-0.17268259834336652,-0.008373729256564336,0.08970425740656052,0.06628173779852578,0.021832244003337137,-0.03250692944070599,-0.11992561008888346,-0.09371260840172496
-0.16772075443480394,-0.1398080082074649,0.06243815148279847,0.15648044275149142,-0.11732737128423046,-0.06573786253625012,0.08970425740656052,0.04733965482562133,0.00421152978612476,-0.07258529177566987,-0.14214712747898875,-0.1193102748552247
-0.16772075443480394,-0.1079330840536174,0.09559962555329544,0.13870353734110388,-0.13577911363727582,-0.0274951070164596,0.06320661807803718,0.028397571852716883,-0.013409184431087615,-0.07258529177566987,-0.14214712747898875,-0.14490794130872445
-0.16772075443480394,-0.1716829323613124,-0.0038847966581954723,0.17425734816187896,-0.09887562893118511,-0.10398061805604064,0.11620189673508387,0.028397571852716883,-0.013409184431087615,-0.07258529177566987,-0.11992561008888346,-0.14490794130872445
-0.19855799432129065,-0.1716829323613124,0.029276677412301503,0.1920342535722665,-0.13577911363727582,-0.08485924029614537,0.11620189673508387,0.028397571852716883,0.00421152978612476,-0.05254611060818793,-0.11992561008888346,-0.1193102748552247
-0.19855799432129065,-0.1716829323613124,0.029276677412301503,0.1920342535722665,-0.13577911363727582,-0.08485924029614537,0.11620189673508387,0.028397571852716883,0.00421152978612476,-0.07258529177566987,-0.11992561008888346,-0.14490794130872445
-0.13688351454831724,-0.1398080082074649,-0.0038847966581954723,0.13870353734110388,-0.08042388657813976,-0.08485924029614537,0.08970425740656052,0.028397571852716883,0.00421152978612476,-0.0926244729431518,-0.14214712747898875,-0.1193102748552247
-0.13688351454831724,-0.1716829323613124,-0.03704627072869245,0.15648044275149142,-0.061972144225094394,-0.10398061805604064,0.08970425740656052,0.04733965482562133,0.021832244003337137,-0.0926244729431518,-0.14214712747898875,-0.14490794130872445
-0.19855799432129065,-0.1716829323613124,0.029276677412301503,0.1920342535722665,-0.13577911363727582,-0.06573786253625012,0.1426995360636072,0.04733965482562133,0.00421152978612476,-0.0926244729431518,-0.11992561008888346,-0.1705056077622242
-0.19855799432129065,-0.1716829323613124,0.029276677412301503,0.1920342535722665,-0.13577911363727582,-0.06573786253625012,0.1426995360636072,0.06628173779852578,0.021832244003337137,-0.0926244729431518,-0.11992561008888346,-0.14490794130872445
-0.19855799432129065,-0.1716829323613124,0.029276677412301503,0.1920342535722665,-0.13577911363727582,-0.06573786253625012,0.1426995360636072,0.06628173779852578,0.00421152978612476,-0.0926244729431518,-0.11992561008888346,-0.1705056077622242
-0.19855799432129065,-0.1398080082074649,0.06243815148279847,0.17425734816187896,-0.1542308559903212,-0.0274951070164596,0.11620189673508387,0.06628173779852578,0.00421152978612476,-0.0926244729431518,-0.11992561008888346,-0.14490794130872445
-0.16772075443480394,-0.1079330840536174,0.06243815148279847,0.17425734816187896,-0.1542308559903212,-0.0274951070164596,0.1426995360636072,0.04733965482562133,0.00421152978612476,-0.0926244729431518,-0.14214712747898875,-0.1705056077622242
-0.16772075443480394,-0.1079330840536174,0.06243815148279847,0.17425734816187896,-0.1542308559903212,-0.0274951070164596,0.11620189673508387,0.06628173779852578,0.00421152978612476,-0.0926244729431518,-0.14214712747898875,-0.1705056077622242
-0.10604627466183056,-0.1079330840536174,-0.0038847966581954723,0.13870353734110388,-0.08042388657813976,-0.06573786253625012,0.11620189673508387,0.028397571852716883,-0.013409184431087615,-0.0926244729431518,-0.14214712747898875,-0.19610327421572396
-0.16772075443480394,-0.1398080082074649,0.029276677412301503,0.1920342535722665,-0.13577911363727582,-0.06573786253625012,0.1426995360636072,0.04733965482562133,0.00421152978612476,-0.07258529177566987,-0.14214712747898875,-0.1705056077622242
-0.16772075443480394,-0.1079330840536174,0.06243815148279847,0.15648044275149142,-0.1542308559903212,-0.0274951070164596,0.11620189673508387,0.028397571852716883,0.00421152978612476,-0.0926244729431518,-0.11992561008888346,-0.14490794130872445
-0.10604627466183056,-0.1079330840536174,-0.0038847966581954723,0.12092663193071634,-0.08042388657813976,-0.06573786253625012,0.11620189673508387,0.028397571852716883,-0.013409184431087615,-0.0926244729431518,-0.14214712747898875,-0.1705056077622242
-0.19855799432129065,-0.1079330840536174,0.09559962555329544,0.17425734816187896,-0.1911343406964119,-0.008373729256564336,0.1426995360636072,0.028397571852716883,0.00421152978612476,-0.0926244729431518,-0.14214712747898875,-0.14490794130872445
-0.13688351454831724,-0.1398080082074649,-0.0038847966581954723,0.15648044275149142,-0.09887562893118511,-0.08485924029614537,0.1426995360636072,0.04733965482562133,0.00421152978612476,-0.0926244729431518,-0.14214712747898875,-0.1705056077622242
-0.16772075443480394,-0.1398080082074649,0.029276677412301503,0.17425734816187896,-0.13577911363727582,-0.06573786253625012,0.1426995360636072,0.04733965482562133,0.00421152978612476,-0.07258529177566987,-0.11992561008888346,-0.1705056077622242
-0.13688351454831724,-0.1398080082074649,-0.0038847966581954723,0.15648044275149142,-0.09887562893118511,-0.08485924029614537,0.11620189673508387,0.028397571852716883,0.00421152978612476,-0.07258529177566987,-0.11992561008888346,-0.1705056077622242
-0.16772075443480394,-0.1079330840536174,0.06243815148279847,0.15648044275149142,-0.1542308559903212,-0.0274951070164596,0.11620189673508387,0.028397571852716883,-0.031029898648299987,-0.0926244729431518,-0.11992561008888346,-0.1705056077622242
-0.19855799432129065,-0.1398080082074649,0.06243815148279847,0.1920342535722665,-0.17268259834336652,-0.046616484776354855,0.1426995360636072,0.028397571852716883,-0.031029898648299987,-0.0926244729431518,-0.11992561008888346,-0.1705056077622242
-0.13688351454831724,-0.1398080082074649,-0.0038847966581954723,0.15648044275149142,-0.09887562893118511,-0.08485924029614537,0.11620189673508387,0.028397571852716883,-0.031029898648299987,-0.0926244729431518,-0.14214712747898875,-0.1705056077622242
-0.16772075443480394,-0.1398080082074649,0.029276677412301503,0.17425734816187896,-0.13577911363727582,-0.06573786253625012,0.1426995360636072,0.04733965482562133,-0.013409184431087615,-0.0926244729431518,-0.11992561008888346,-0.1705056077622242
-0.19855799432129065,-0.1398080082074649,0.06243815148279847,0.1920342535722665,-0.17268259834336652,-0.046616484776354855,0.1426995360636072,0.04733965482562133,-0.013409184431087615,-0.07258529177566987,-0.14214712747898875,-0.1705056077622242
-0.16772075443480394,-0.1716829323613124,-0.0038847966581954723,0.1920342535722665,-0.11732737128423046,-0.10398061805604064,0.11620189673508387,0.028397571852716883,-0.031029898648299987,-0.07258529177566987,-0.14214712747898875,-0.1705056077622242
-0.16772075443480394,-0.20355785651515992,-0.03704627072869245,0.20981115898265404,-0.09887562893118511,-0.14222337357583117,0.11620189673508387,0.028397571852716883,-0.013409184431087615,-0.07258529177566987,-0.14214712747898875,-0.1705056077622242
-0.13688351454831724,-0.20355785651515992,-0.07020774479918943,0.1920342535722665,-0.061972144225094394,-0.16134475133572643,0.06320661807803718,0.028397571852716883,-0.04865061286551236,-0.0926244729431518,-0.11992561008888346,-0.1705056077622242
-0.2910697139807507,-0.20355785651515992,0.09559962555329544,0.2809187806242042,-0.24648956775554795,-0.06573786253625012,0.11620189673508387,0.04733965482562133,-0.013409184431087615,-0.07258529177566987,-0.09770409269877815,-0.14490794130872445
-0.13688351454831724,-0.23543278066900744,-0.1033692188696864,0.20981115898265404,-0.043520401872049044,-0.19958750685551696,0.06320661807803718,0.028397571852716883,-0.04865061286551236,-0.0926244729431518,-0.14214712747898875,-0.1705056077622242
-0.13688351454831724,-0.20355785651515992,-0.07020774479918943,0.1920342535722665,-0.043520401872049044,-0.16134475133572643,0.06320661807803718,0.009455488879812434,-0.04865061286551236,-0.0926244729431518,-0.11992561008888346,-0.14490794130872445
-0.22939523420777733,-0.20355785651515992,0.029276677412301503,0.24536496980342914,-0.1542308559903212,-0.10398061805604064,0.11620189673508387,0.04733965482562133,-0.031029898648299987,-0.07258529177566987,-0.09770409269877815,-0.14490794130872445
-0.22939523420777733,-0.20355785651515992,0.029276677412301503,0.24536496980342914,-0.1542308559903212,-0.10398061805604064,0.08970425740656052,0.028397571852716883,-0.031029898648299987,-0.07258529177566987,-0.11992561008888346,-0.14490794130872445
-0.19855799432129065,-0.20355785651515992,-0.0038847966581954723,0.2275880643930416,-0.11732737128423046,-0.12310199581593591,0.11620189673508387,0.04733965482562133,-0.031029898648299987,-0.07258529177566987,-0.09770409269877815,-0.1705056077622242
-0.19855799432129065,-0.23543278066900744,-0.03704627072869245,0.24536496980342914,-0.09887562893118511,-0.16134475133572643,0.11620189673508387,0.04733965482562133,-0.031029898648299987,-0.07258529177566987,-0.09770409269877815,-0.14490794130872445
-0.16772075443480394,-0.23543278066900744,-0.07020774479918943,0.2275880643930416,-0.061972144225094394,-0.1804661290956217,0.06320661807803718,0.028397571852716883,-0.04865061286551236,-0.0926244729431518,-0.11992561008888346,-0.19610327421572396
-0.16772075443480394,-0.26730770482285493,-0.1033692188696864,0.24536496980342914,-0.043520401872049044,-0.2187088846154122,0.08970425740656052,0.028397571852716883,-0.04865061286551236,-0.07258529177566987,-0.14214712747898875,-0.1705056077622242
-0.22939523420777733,-0.26730770482285493,-0.03704627072869245,0.2809187806242042,-0.11732737128423046,-0.1804661290956217,0.08970425740656052,0.06628173779852578,-0.031029898648299987,-0.07258529177566987,-0.11992561008888346,-0.14490794130872445
-0.22939523420777733,-0.26730770482285493,-0.03704627072869245,0.2809187806242042,-0.11732737128423046,-0.1804661290956217,0.08970425740656052,0.06628173779852578,-0.031029898648299987,-0.0926244729431518,-0.14214712747898875,-0.14490794130872445
-0.16772075443480394,-0.23543278066900744,-0.07020774479918943,0.2275880643930416,-0.061972144225094394,-0.1804661290956217,0.06320661807803718,0.028397571852716883,-0.04865061286551236,-0.0926244729431518,-0.11992561008888346,-0.1705056077622242
-0.16772075443480394,-0.29918262897670245,-0.13653069294018336,0.26314187521381666,-0.025068659519003687,-0.2569516401352027,0.06320661807803718,0.028397571852716883,-0.04865061286551236,-0.0926244729431518,-0.11992561008888346,-0.14490794130872445
-0.16772075443480394,-0.26730770482285493,-0.1033692188696864,0.24536496980342914,-0.043520401872049044,-0.2187088846154122,0.06320661807803718,0.028397571852716883,-0.04865061286551236,-0.0926244729431518,-0.11992561008888346,-0.14490794130872445
-0.16772075443480394,-0.23543278066900744,-0.07020774479918943,0.2275880643930416,-0.061972144225094394,-0.1804661290956217,0.06320661807803718,0.028397571852716883,-0.04865061286551236,-0.11266365411063374,-0.14214712747898875,-0.1705056077622242
-0.16772075443480394,-0.26730770482285493,-0.1033692188696864,0.24536496980342914,-0.043520401872049044,-0.2187088846154122,0.08970425740656052,0.028397571852716883,-0.031029898648299987,-0.0926244729431518,-0.14214712747898875,-0.1705056077622242
-0.16772075443480394,-0.26730770482285493,-0.1033692188696864,0.24536496980342914,-0.043520401872049044,-0.2187088846154122,0.06320661807803718,0.028397571852716883,-0.031029898648299987,-0.0926244729431518,-0.14214712747898875,-0.14490794130872445
-0.16772075443480394,-0.26730770482285493,-0.1033692188696864,0.24536496980342914,-0.043520401872049044,-0.2187088846154122,0.08970425740656052,0.028397571852716883,-0.031029898648299987,-0.0926244729431518,-0.14214712747898875,-0.1705056077622242
-0.13688351454831724,-0.23543278066900744,-0.1033692188696864,0.20981115898265404,-0.025068659519003687,-0.19958750685551696,0.06320661807803718,0.028397571852716883,-0.031029898648299987,-0.11266365411063374,-0.14214712747898875,-0.1705056077622242
-0.10604627466183056,-0.23543278066900744,-0.13653069294018336,0.1920342535722665,0.011834825187087025,-0.2187088846154122,0.11620189673508387,0.009455488879812434,-0.031029898648299987,-0.0926244729431518,-0.14214712747898875,-0.19610327421572396
-0.10604627466183056,-0.23543278066900744,-0.13653069294018336,0.1920342535722665,0.011834825187087025,-0.2187088846154122,0.03670897874951384,0.028397571852716883,-0.04865061286551236,-0.0926244729431518,-0.14214712747898875,-0.19610327421572396
-0.19855799432129065,-0.23543278066900744,-0.03704627072869245,0.24536496980342914,-0.09887562893118511,-0.16134475133572643,0.11620189673508387,0.04733965482562133,-0.013409184431087615,-0.07258529177566987,-0.11992561008888346,-0.14490794130872445
-0.16772075443480394,-0.23543278066900744,-0.07020774479918943,0.2275880643930416,-0.061972144225094394,-0.1804661290956217,0.11620189673508387,0.028397571852716883,-0.031029898648299987,-0.0926244729431518,-0.14214712747898875,-0.14490794130872445
-0.19855799432129065,-0.20355785651515992,-0.0038847966581954723,0.2275880643930416,-0.11732737128423046,-0.12310199581593591,0.11620189673508387,0.028397571852716883,-0.013409184431087615,-0.0926244729431518,-0.11992561008888346,-0.14490794130872445
-0.19855799432129065,-0.20355785651515992,-0.0038847966581954723,0.2275880643930416,-0.11732737128423046,-0.12310199581593591,0.11620189673508387,0.028397571852716883,0.00421152978612476,-0.07258529177566987,-0.11992561008888346,-0.14490794130872445
-0.16772075443480394,-0.20355785651515992,-0.03704627072869245,0.20981115898265404,-0.08042388657813976,-0.14222337357583117,0.11620189673508387,0.028397571852716883,-0.013409184431087615,-0.0926244729431518,-0.14214712747898875,-0.14490794130872445
-0.16772075443480394,-0.23543278066900744,-0.07020774479918943,0.2275880643930416,-0.061972144225094394,-0.1804661290956217,0.11620189673508387,0.028397571852716883,-0.013409184431087615,-0.07258529177566987,-0.11992561008888346,-0.14490794130872445
-0.16772075443480394,-0.23543278066900744,-0.07020774479918943,0.2275880643930416,-0.061972144225094394,-0.1804661290956217,0.11620189673508387,0.028397571852716883,-0.013409184431087615,-0.0926244729431518,-0.11992561008888346,-0.1705056077622242
-0.22939523420777733,-0.20355785651515992,0.029276677412301503,0.24536496980342914,-0.1542308559903212,-0.10398061805604064,0.1426995360636072,0.04733965482562133,0.00421152978612476,-0.07258529177566987,-0.11992561008888346,-0.14490794130872445
-0.19855799432129065,-0.20355785651515992,-0.0038847966581954723,0.2275880643930416,-0.11732737128423046,-0.12310199581593591,0.11620189673508387,0.028397571852716883,-0.013409184431087615,-0.0926244729431518,-0.11992561008888346,-0.14490794130872445
-0.16772075443480394,-0.23543278066900744,-0.07020774479918943,0.2275880643930416,-0.061972144225094394,-0.1804661290956217,0.11620189673508387,0.028397571852716883,-0.013409184431087615,-0.0926244729431518,-0.14214712747898875,-0.14490794130872445
-0.22939523420777733,-0.23543278066900744,-0.0038847966581954723,0.26314187521381666,-0.13577911363727582,-0.14222337357583117,0.1426995360636072,0.009455488879812434,-0.013409184431087615,-0.07258529177566987,-0.11992561008888346,-0.14490794130872445
-0.19855799432129065,-0.20355785651515992,-0.0038847966581954723,0.2275880643930416,-0.11732737128423046,-0.12310199581593591,0.1426995360636072,0.028397571852716883,-0.013409184431087615,-0.0926244729431518,-0.14214712747898875,-0.1705056077622242
-0.13688351454831724,-0.20355785651515992,-0.07020774479918943,0.1920342535722665,-0.043520401872049044,-0.16134475133572643,0.11620189673508387,0.009455488879812434,-0.031029898648299987,-0.0926244729431518,-0.14214712747898875,-0.19610327421572396
-0.16772075443480394,-0.20355785651515992,-0.03704627072869245,0.20981115898265404,-0.08042388657813976,-0.14222337357583117,0.11620189673508387,0.028397571852716883,-0.013409184431087615,-0.0926244729431518,-0.16436864486909408,-0.19610327421572396
-0.16772075443480394,-0.20355785651515992,-0.03704627072869245,0.20981115898265404,-0.08042388657813976,-0.14222337357583117,0.11620189673508387,0.028397571852716883,-0.013409184431087615,-0.0926244729431518,-0.14214712747898875,-0.1705056077622242
-0.19855799432129065,-0.20355785651515992,-0.0038847966581954723,0.2275880643930416,-0.11732737128423046,-0.12310199581593591,0.11620189673508387,0.028397571852716883,-0.013409184431087615,-0.0926244729431518,-0.14214712747898875,-0.1705056077622242
-0.19855799432129065,-0.20355785651515992,-0.0038847966581954723,0.2275880643930416,-0.11732737128423046,-0.12310199581593591,0.1426995360636072,0.028397571852716883,0.00421152978612476,-0.07258529177566987,-0.09770409269877815,-0.14490794130872445
-0.16772075443480394,-0.20355785651515992,-0.03704627072869245,0.20981115898265404,-0.08042388657813976,-0.14222337357583117,0.11620189673508387,0.009455488879812434,-0.013409184431087615,-0.0926244729431518,-0.14214712747898875,-0.1705056077622242
-0.19855799432129065,-0.20355785651515992,-0.0038847966581954723,0.2275880643930416,-0.11732737128423046,-0.12310199581593591,0.08970425740656052,0.028397571852716883,-0.013409184431087615,-0.0926244729431518,-0.11992561008888346,-0.1705056077622242
-0.19855799432129065,-0.20355785651515992,-0.0038847966581954723,0.2275880643930416,-0.11732737128423046,-0.12310199581593591,0.11620189673508387,0.028397571852716883,0.00421152978612476,-0.07258529177566987,-0.11992561008888346,-0.1705056077622242
-0.19855799432129065,-0.20355785651515992,-0.0038847966581954723,0.2275880643930416,-0.11732737128423046,-0.12310199581593591,0.11620189673508387,0.028397571852716883,0.00421152978612476,-0.07258529177566987,-0.09770409269877815,-0.14490794130872445
-0.16772075443480394,-0.1716829323613124,-0.0038847966581954723,0.1920342535722665,-0.09887562893118511,-0.10398061805604064,0.11620189673508387,0.028397571852716883,-0.031029898648299987,-0.0926244729431518,-0.11992561008888346,-0.14490794130872445
-0.19855799432129065,-0.1716829323613124,0.029276677412301503,0.20981115898265404,-0.13577911363727582,-0.08485924029614537,0.11620189673508387,0.028397571852716883,-0.013409184431087615,-0.07258529177566987,-0.11992561008888346,-0.14490794130872445
-0.16772075443480394,-0.1398080082074649,0.029276677412301503,0.17425734816187896,-0.11732737128423046,-0.06573786253625012,0.08970425740656052,0.028397571852716883,-0.031029898648299987,-0.11266365411063374,-0.14214712747898875,-0.1705056077622242
-0.19855799432129065,-0.1716829323613124,0.029276677412301503,0.20981115898265404,-0.13577911363727582,-0.08485924029614537,0.1426995360636072,0.04733965482562133,-0.013409184431087615,-0.07258529177566987,-0.11992561008888346,-0.1705056077622242
-0.19855799432129065,-0.1716829323613124,0.029276677412301503,0.20981115898265404,-0.13577911363727582,-0.08485924029614537,0.1426995360636072,0.028397571852716883,-0.031029898648299987,-0.0926244729431518,-0.14214712747898875,-0.14490794130872445
-0.13688351454831724,-0.1716829323613124,-0.03704627072869245,0.17425734816187896,-0.061972144225094394,-0.12310199581593591,0.11620189673508387,0.028397571852716883,-0.013409184431087615,-0.11266365411063374,-0.14214712747898875,-0.1705056077622242
-0.07520903477534385,-0.1716829323613124,-0.1033692188696864,0.13870353734110388,0.011834825187087025,-0.16134475133572643,0.08970425740656052,0.009455488879812434,-0.031029898648299987,-0.1327028352781157,-0.16436864486909408,-0.1705056077622242
-0.16772075443480394,-0.1716829323613124,-0.0038847966581954723,0.1920342535722665,-0.09887562893118511,-0.10398061805604064,0.11620189673508387,0.04733965482562133,0.00421152978612476,-0.07258529177566987,-0.14214712747898875,-0.1705056077622242
-0.16772075443480394,-0.1398080082074649,0.029276677412301503,0.17425734816187896,-0.11732737128423046,-0.06573786253625012,0.11620189673508387,0.009455488879812434,-0.013409184431087615,-0.07258529177566987,-0.14214712747898875,-0.1705056077622242
-0.19855799432129065,-0.1398080082074649,0.06243815148279847,0.1920342535722665,-0.1542308559903212,-0.046616484776354855,0.11620189673508387,0.028397571852716883,0.00421152978612476,-0.07258529177566987,-0.14214712747898875,-0.14490794130872445
-0.16772075443480394,-0.1398080082074649,0.029276677412301503,0.17425734816187896,-0.11732737128423046,-0.06573786253625012,0.11620189673508387,0.009455488879812434,-0.013409184431087615,-0.07258529177566987,-0.16436864486909408,-0.14490794130872445
-0.19855799432129065,-0.1398080082074649,0.06243815148279847,0.1920342535722665,-0.1542308559903212,-0.046616484776354855,0.11620189673508387,0.028397571852716883,0.00421152978612476,-0.07258529177566987,-0.11992561008888346,-0.14490794130872445
-0.13688351454831724,-0.1079330840536174,0.029276677412301503,0.13870353734110388,-0.09887562893118511,-0.046616484776354855,0.08970425740656052,0.009455488879812434,-0.013409184431087615,-0.07258529177566987,-0.14214712747898875,-0.1705056077622242
-0.16772075443480394,-0.1398080082074649,0.029276677412301503,0.17425734816187896,-0.11732737128423046,-0.06573786253625012,0.1426995360636072,0.028397571852716883,0.00421152978612476,-0.05254611060818793,-0.11992561008888346,-0.1193102748552247
-0.16772075443480394,-0.1398080082074649,0.029276677412301503,0.17425734816187896,-0.11732737128423046,-0.06573786253625012,0.11620189673508387,0.04733965482562133,0.00421152978612476,-0.05254611060818793,-0.14214712747898875,-0.14490794130872445
-0.19855799432129065,-0.1398080082074649,0.06243815148279847,0.1920342535722665,-0.1542308559903212,-0.046616484776354855,0.1426995360636072,0.04733965482562133,0.00421152978612476,-0.05254611060818793,-0.11992561008888346,-0.14490794130872445
-0.16772075443480394,-0.1079330840536174,0.06243815148279847,0.15648044275149142,-0.13577911363727582,-0.0274951070164596,0.1426995360636072,0.06628173779852578,0.00421152978612476,-0.05254611060818793,-0.11992561008888346,-0.14490794130872445
-0.22939523420777733,-0.1398080082074649,0.09559962555329544,0.20981115898265404,-0.1911343406964119,-0.0274951070164596,0.1426995360636072,0.06628173779852578,0.021832244003337137,-0.05254611060818793,-0.14214712747898875,-0.14490794130872445
-0.19855799432129065,-0.1398080082074649,0.06243815148279847,0.1920342535722665,-0.1542308559903212,-0.046616484776354855,0.1426995360636072,0.08522382077143023,0.021832244003337137,-0.03250692944070599,-0.11992561008888346,-0.14490794130872445
-0.22939523420777733,-0.1079330840536174,0.12876109962379242,0.1920342535722665,-0.20958608304945725,0.010747648503330924,0.1426995360636072,0.06628173779852578,0.00421152978612476,-0.05254611060818793,-0.11992561008888346,-0.14490794130872445
-0.16772075443480394,-0.1716829323613124,-0.0038847966581954723,0.1920342535722665,-0.09887562893118511,-0.10398061805604064,0.11620189673508387,0.04733965482562133,0.00421152978612476,-0.05254611060818793,-0.14214712747898875,-0.1705056077622242
-0.16772075443480394,-0.1716829323613124,-0.0038847966581954723,0.1920342535722665,-0.09887562893118511,-0.10398061805604064,0.11620189673508387,0.04733965482562133,0.00421152978612476,-0.05254611060818793,-0.14214712747898875,-0.1705056077622242
-0.16772075443480394,-0.1398080082074649,0.029276677412301503,0.17425734816187896,-0.11732737128423046,-0.06573786253625012,0.11620189673508387,0.028397571852716883,0.00421152978612476,-0.07258529177566987,-0.14214712747898875,-0.1705056077622242
-0.16772075443480394,-0.1398080082074649,0.029276677412301503,0.17425734816187896,-0.11732737128423046,-0.06573786253625012,0.11620189673508387,0.04733965482562133,0.00421152978612476,-0.05254611060818793,-0.14214712747898875,-0.1705056077622242
-0.19855799432129065,-0.1716829323613124,0.029276677412301503,0.1920342535722665,-0.13577911363727582,-0.08485924029614537,0.11620189673508387,0.06628173779852578,0.021832244003337137,-0.05254611060818793,-0.11992561008888346,-0.14490794130872445
-0.19855799432129065,-0.1716829323613124,0.029276677412301503,0.1920342535722665,-0.13577911363727582,-0.08485924029614537,0.11620189673508387,0.06628173779852578,0.021832244003337137,-0.05254611060818793,-0.11992561008888346,-0.14490794130872445
-0.19855799432129065,-0.1398080082074649,0.06243815148279847,0.17425734816187896,-0.1542308559903212,-0.046616484776354855,0.11620189673508387,0.06628173779852578,0.021832244003337137,-0.05254611060818793,-0.14214712747898875,-0.1705056077622242
-0.16772075443480394,-0.1398080082074649,0.029276677412301503,0.15648044275149142,-0.11732737128423046,-0.06573786253625012,0.08970425740656052,0.06628173779852578,0.021832244003337137,-0.05254611060818793,-0.14214712747898875,-0.1705056077622242
-0.13688351454831724,-0.1398080082074649,-0.0038847966581954723,0.13870353734110388,-0.08042388657813976,-0.08485924029614537,0.06320661807803718,0.028397571852716883,0.00421152978612476,-0.05254611060818793,-0.14214712747898875,-0.19610327421572396
-0.16772075443480394,-0.1398080082074649,0.029276677412301503,0.15648044275149142,-0.11732737128423046,-0.06573786253625012,0.06320661807803718,0.028397571852716883,0.00421152978612476,-0.05254611060818793,-0.14214712747898875,-0.14490794130872445
-0.19855799432129065,-0.1398080082074649,0.06243815148279847,0.17425734816187896,-0.1542308559903212,-0.046616484776354855,0.11620189673508387,0.06628173779852578,0.00421152978612476,-0.05254611060818793,-0.11992561008888346,-0.14490794130872445
-0.19855799432129065,-0.1716829323613124,0.029276677412301503,0.1920342535722665,-0.13577911363727582,-0.08485924029614537,0.11620189673508387,0.06628173779852578,0.021832244003337137,-0.03250692944070599,-0.09770409269877815,-0.14490794130872445
-0.16772075443480394,-0.1398080082074649,0.029276677412301503,0.15648044275149142,-0.11732737128423046,-0.08485924029614537,0.11620189673508387,0.04733965482562133,0.021832244003337137,-0.05254611060818793,-0.11992561008888346,-0.1705056077622242
-0.16772075443480394,-0.1398080082074649,0.029276677412301503,0.15648044275149142,-0.11732737128423046,-0.08485924029614537,0.11620189673508387,0.06628173779852578,0.021832244003337137,-0.05254611060818793,-0.11992561008888346,-0.1705056077622242
-0.16772075443480394,-0.1398080082074649,0.029276677412301503,0.15648044275149142,-0.09887562893118511,-0.08485924029614537,0.11620189673508387,0.06628173779852578,0.021832244003337137,-0.03250692944070599,-0.11992561008888346,-0.14490794130872445
-0.16772075443480394,-0.1398080082074649,0.029276677412301503,0.15648044275149142,-0.09887562893118511,-0.08485924029614537,0.08970425740656052,0.06628173779852578,0.00421152978612476,-0.03250692944070599,-0.09770409269877815,-0.14490794130872445
-0.22939523420777733,-0.1398080082074649,0.09559962555329544,0.1920342535722665,-0.17268259834336652,-0.046616484776354855,0.1426995360636072,0.08522382077143023,0.021832244003337137,-0.012467748273224052,-0.07548257530867285,-0.14490794130872445
-0.16772075443480394,-0.1398080082074649,0.029276677412301503,0.15648044275149142,-0.09887562893118511,-0.08485924029614537,0.11620189673508387,0.04733965482562133,0.021832244003337137,-0.05254611060818793,-0.07548257530867285,-0.14490794130872445
-0.13688351454831724,-0.1716829323613124,-0.03704627072869245,0.15648044275149142,-0.043520401872049044,-0.14222337357583117,0.11620189673508387,0.06628173779852578,0.021832244003337137,-0.05254611060818793,-0.07548257530867285,-0.14490794130872445
-0.13688351454831724,-0.1398080082074649,-0.03704627072869245,0.13870353734110388,-0.061972144225094394,-0.10398061805604064,0.11620189673508387,0.06628173779852578,0.021832244003337137,-0.05254611060818793,-0.07548257530867285,-0.14490794130872445
-0.16772075443480394,-0.1398080082074649,-0.0038847966581954723,0.15648044275149142,-0.09887562893118511,-0.08485924029614537,0.11620189673508387,0.06628173779852578,0.021832244003337137,-0.05254611060818793,-0.09770409269877815,-0.14490794130872445
-0.13688351454831724,-0.1079330840536174,-0.0038847966581954723,0.12092663193071634,-0.08042388657813976,-0.06573786253625012,0.08970425740656052,0.06628173779852578,0.021832244003337137,-0.03250692944070599,-0.09770409269877815,-0.14490794130872445
-0.13688351454831724,-0.1079330840536174,-0.0038847966581954723,0.12092663193071634,-0.08042388657813976,-0.06573786253625012,0.08970425740656052,0.06628173779852578,0.021832244003337137,-0.07258529177566987,-0.09770409269877815,-0.14490794130872445
-0.19855799432129065,-0.1079330840536174,0.06243815148279847,0.15648044275149142,-0.1542308559903212,-0.0274951070164596,0.11620189673508387,0.08522382077143023,0.03945295822054951,-0.05254611060818793,-0.09770409269877815,-0.1193102748552247
-0.16772075443480394,-0.1079330840536174,0.029276677412301503,0.13870353734110388,-0.11732737128423046,-0.046616484776354855,0.08970425740656052,0.08522382077143023,0.03945295822054951,-0.07258529177566987,-0.09770409269877815,-0.1193102748552247
-0.13688351454831724,-0.1398080082074649,-0.03704627072869245,0.13870353734110388,-0.061972144225094394,-0.10398061805604064,0.11620189673508387,0.08522382077143023,0.03945295822054951,-0.03250692944070599,-0.09770409269877815,-0.14490794130872445
-0.16772075443480394,-0.1079330840536174,0.029276677412301503,0.13870353734110388,-0.11732737128423046,-0.046616484776354855,0.1426995360636072,0.06628173779852578,0.03945295822054951,-0.05254611060818793,-0.09770409269877815,-0.1705056077622242
-0.13688351454831724,-0.1079330840536174,-0.0038847966581954723,0.12092663193071634,-0.08042388657813976,-0.06573786253625012,0.08970425740656052,0.06628173779852578,0.021832244003337137,-0.07258529177566987,-0.14214712747898875,-0.14490794130872445
-0.13688351454831724,-0.1079330840536174,-0.0038847966581954723,0.12092663193071634,-0.08042388657813976,-0.06573786253625012,0.11620189673508387,0.04733965482562133,0.021832244003337137,-0.07258529177566987,-0.14214712747898875,-0.14490794130872445
-0.10604627466183056,-0.1079330840536174,-0.03704627072869245,0.1031497265203288,-0.043520401872049044,-0.08485924029614537,0.08970425740656052,0.04733965482562133,0.021832244003337137,-0.07258529177566987,-0.14214712747898875,-0.1705056077622242
-0.13688351454831724,-0.044183235745922374,0.06243815148279847,0.08537282110994127,-0.11732737128423046,0.010747648503330924,0.08970425740656052,0.04733965482562133,0.03945295822054951,-0.07258529177566987,-0.11992561008888346,-0.19610327421572396
-0.16772075443480394,-0.012308311592074865,0.12876109962379242,0.08537282110994127,-0.17268259834336652,0.0681117817830167,0.1426995360636072,0.08522382077143023,0.05707367243776188,-0.05254611060818793,-0.09770409269877815,-0.14490794130872445
-0.16772075443480394,0.051441536715620156,0.19508404776478638,0.049819010289166174,-0.20958608304945725,0.14459729282259776,0.16919717539213053,0.12310798671723913,0.109935815089399,-0.012467748273224052,-0.07548257530867285,-0.1193102748552247
-0.16772075443480394,0.08331646086946766,0.22824552183528335,0.032042104878778635,-0.2280378254025026,0.18284004834238826,0.16919717539213053,0.14205006969014358,0.12755652930661138,0.04764979522922177,-0.053261057918567535,-0.06811494194822522
-0.13688351454831724,0.2108161574848577,0.3277299440467743,-0.056842422173159074,-0.2649413101085933,0.3166896926616551,0.1956948147206539,0.14205006969014358,0.12755652930661138,0.027610614061739827,0.013403494251748381,-0.06811494194822522
-0.13688351454831724,0.2426910816387052,0.36089141811727127,-0.07461932758354661,-0.28339305246163865,0.3549324481814456,0.16919717539213053,0.10416590374433468,0.109935815089399,0.027610614061739827,-0.031039540528462233,-0.09371260840172496
-0.07520903477534385,0.2108161574848577,0.2614069959057803,-0.09239623299393417,-0.1911343406964119,0.2784469371418646,0.1426995360636072,0.10416590374433468,0.109935815089399,0.007571432894257888,-0.053261057918567535,-0.09371260840172496
-0.13688351454831724,0.2426910816387052,0.36089141811727127,-0.07461932758354661,-0.28339305246163865,0.3549324481814456,0.22219245404917723,0.19887631860885693,0.16279795774103614,0.027610614061739827,-0.008818023138356926,-0.042517275494725476
-0.10604627466183056,0.2426910816387052,0.3277299440467743,-0.09239623299393417,-0.24648956775554795,0.33581107042155034,0.22219245404917723,0.21781840158176138,0.16279795774103614,0.027610614061739827,-0.008818023138356926,-0.042517275494725476
-0.10604627466183056,0.2745660057925527,0.36089141811727127,-0.1101731384043217,-0.2649413101085933,0.37405382594134085,0.2751877327062239,0.2746446505004747,0.21566010039267325,0.10776733873166758,0.05784652903195899,0.00867805741227402
0.01730268488411623,0.3383158541002477,0.2945684699762773,-0.21683457086664695,-0.1542308559903212,0.37405382594134085,0.22219245404917723,0.23676048455466583,0.19803938617546088,0.08772815756418564,0.05784652903195899,-0.016919609041225726
0.01730268488411623,0.3064409299464002,0.2614069959057803,-0.19905766545625941,-0.13577911363727582,0.33581107042155034,0.1426995360636072,0.16099215266304803,0.1804186719582485,0.06768897639670371,0.013403494251748381,-0.016919609041225726
-0.013534555002370467,0.2745660057925527,0.2614069959057803,-0.16350385463548434,-0.1542308559903212,0.3166896926616551,0.06320661807803718,0.14205006969014358,0.14517724352382377,0.027610614061739827,-0.031039540528462233,-0.016919609041225726
-0.04437179488885716,0.2426910816387052,0.2614069959057803,-0.12795004381470923,-0.17268259834336652,0.29756831490175983,0.08970425740656052,0.10416590374433468,0.14517724352382377,0.027610614061739827,0.013403494251748381,-0.016919609041225726
0.01730268488411623,0.2426910816387052,0.19508404776478638,-0.16350385463548434,-0.09887562893118511,0.2593255593819693,0.03670897874951384,0.10416590374433468,0.12755652930661138,0.007571432894257888,-0.031039540528462233,-0.042517275494725476
0.04813992477060292,0.2426910816387052,0.16192257369428942,-0.18128076004587187,-0.061972144225094394,0.24020418162207405,0.03670897874951384,0.06628173779852578,0.12755652930661138,0.007571432894257888,-0.053261057918567535,-0.06811494194822522
0.10981440454357631,0.3064409299464002,0.16192257369428942,-0.25238838168742206,-0.025068659519003687,0.2784469371418646,0.06320661807803718,0.10416590374433468,0.12755652930661138,0.007571432894257888,-0.031039540528462233,-0.016919609041225726
0.10981440454357631,0.3383158541002477,0.19508404776478638,-0.27016528709780957,-0.043520401872049044,0.3166896926616551,0.08970425740656052,0.08522382077143023,0.12755652930661138,0.007571432894257888,-0.053261057918567535,-0.06811494194822522
0.01730268488411623,0.3383158541002477,0.2945684699762773,-0.21683457086664695,-0.1542308559903212,0.37405382594134085,0.11620189673508387,0.06628173779852578,0.109935815089399,-0.07258529177566987,-0.09770409269877815,-0.14490794130872445
-0.13688351454831724,0.37019077825409524,0.49353731439925913,-0.1457269492250968,-0.3572000218738201,0.5079034702606077,0.1956948147206539,0.06628173779852578,0.12755652930661138,-0.07258529177566987,-0.14214712747898875,-0.14490794130872445
-0.10604627466183056,0.2426910816387052,0.3277299440467743,-0.09239623299393417,-0.24648956775554795,0.3166896926616551,0.22219245404917723,0.009455488879812434,0.09231510087218663,-0.0926244729431518,-0.16436864486909408,-0.1705056077622242
-0.19855799432129065,0.2108161574848577,0.39405289218776823,-0.021288611352383992,-0.33874827952077474,0.33581107042155034,0.22219245404917723,-0.02842867706599646,0.07469438665497424,-0.15274201644559762,-0.23103319703941,-0.19610327421572396
-0.16772075443480394,0.1789412333310102,0.3277299440467743,-0.021288611352383992,-0.28339305246163865,0.2784469371418646,0.1956948147206539,-0.02842867706599646,0.05707367243776188,-0.15274201644559762,-0.2088116796493047,-0.24729860712272345
-0.16772075443480394,0.1789412333310102,0.3277299440467743,-0.021288611352383992,-0.28339305246163865,0.2784469371418646,0.1956948147206539,-0.009486594093092014,0.05707367243776188,-0.15274201644559762,-0.23103319703941,-0.24729860712272345
-0.22939523420777733,0.11519138502331518,0.3277299440467743,0.049819010289166174,-0.32029653716772943,0.24020418162207405,0.22219245404917723,0.009455488879812434,0.07469438665497424,-0.1327028352781157,-0.2088116796493047,-0.2217009406692237
-0.2910697139807507,0.08331646086946766,0.39405289218776823,0.08537282110994127,-0.39410350657991083,0.2784469371418646,0.22219245404917723,0.009455488879812434,0.05707367243776188,-0.1327028352781157,-0.23103319703941,-0.2217009406692237
-0.26023247409426403,0.019566612561772643,0.2945684699762773,0.1031497265203288,-0.32029653716772943,0.18284004834238826,0.24869009337770057,0.009455488879812434,0.03945295822054951,-0.15274201644559762,-0.23103319703941,-0.2728962735762232
-0.22939523420777733,0.019566612561772643,0.2614069959057803,0.1031497265203288,-0.28339305246163865,0.16371867058249298,0.22219245404917723,-0.02842867706599646,0.00421152978612476,-0.19282037878056152,-0.2754762318196206,-0.29849394002972296
-0.2910697139807507,-0.044183235745922374,0.2614069959057803,0.17425734816187896,-0.32029653716772943,0.12547591506270248,0.22219245404917723,-0.04737076003890091,0.021832244003337137,-0.19282037878056152,-0.2532547144295153,-0.29849394002972296
-0.32190695386723744,-0.07605815989976988,0.2614069959057803,0.20981115898265404,-0.33874827952077474,0.10635453730280722,0.22219245404917723,-0.02842867706599646,0.00421152978612476,-0.19282037878056152,-0.2754762318196206,-0.29849394002972296
-0.2910697139807507,-0.1079330840536174,0.19508404776478638,0.20981115898265404,-0.28339305246163865,0.048990404023121444,0.1956948147206539,-0.04737076003890091,-0.031029898648299987,-0.19282037878056152,-0.2532547144295153,-0.29849394002972296
-0.32190695386723744,-0.07605815989976988,0.2614069959057803,0.20981115898265404,-0.33874827952077474,0.10635453730280722,0.1956948147206539,-0.04737076003890091,-0.031029898648299987,-0.17278119761307958,-0.2754762318196206,-0.29849394002972296
-0.32190695386723744,-0.044183235745922374,0.2945684699762773,0.1920342535722665,-0.3572000218738201,0.14459729282259776,0.1956948147206539,-0.04737076003890091,-0.031029898648299987,-0.19282037878056152,-0.2754762318196206,-0.32409160648322266
-0.32190695386723744,-0.07605815989976988,0.2614069959057803,0.20981115898265404,-0.33874827952077474,0.10635453730280722,0.1956948147206539,-0.04737076003890091,-0.031029898648299987,-0.19282037878056152,-0.2754762318196206,-0.3496892729367224
-0.32190695386723744,-0.1079330840536174,0.22824552183528335,0.2275880643930416,-0.32029653716772943,0.048990404023121444,0.1956948147206539,-0.04737076003890091,-0.031029898648299987,-0.19282037878056152,-0.2754762318196206,-0.29849394002972296
-0.3527441937537241,-0.1079330840536174,0.2614069959057803,0.24536496980342914,-0.3572000218738201,0.0681117817830167,0.1956948147206539,-0.04737076003890091,-0.04865061286551236,-0.17278119761307958,-0.2976977492097259,-0.32409160648322266
-0.3527441937537241,-0.07605815989976988,0.2945684699762773,0.2275880643930416,-0.37565176422686547,0.08723315954291197,0.16919717539213053,-0.04737076003890091,-0.04865061286551236,-0.21285955994804345,-0.2754762318196206,-0.32409160648322266
-0.3835814336402108,-0.1398080082074649,0.2614069959057803,0.2809187806242042,-0.37565176422686547,0.010747648503330924,0.1956948147206539,-0.02842867706599646,-0.04865061286551236,-0.19282037878056152,-0.2754762318196206,-0.32409160648322266
-0.32190695386723744,-0.1716829323613124,0.16192257369428942,0.26314187521381666,-0.28339305246163865,-0.06573786253625012,0.16919717539213053,-0.04737076003890091,-0.031029898648299987,-0.19282037878056152,-0.2532547144295153,-0.32409160648322266
-0.3835814336402108,-0.1716829323613124,0.22824552183528335,0.29869568603459173,-0.3572000218738201,-0.0274951070164596,0.1426995360636072,-0.02842867706599646,-0.031029898648299987,-0.19282037878056152,-0.2532547144295153,-0.29849394002972296
-0.3527441937537241,-0.1716829323613124,0.19508404776478638,0.2809187806242042,-0.32029653716772943,-0.046616484776354855,0.11620189673508387,-0.02842867706599646,-0.031029898648299987,-0.19282037878056152,-0.2532547144295153,-0.29849394002972296
-0.26023247409426403,-0.1398080082074649,0.12876109962379242,0.20981115898265404,-0.2280378254025026,-0.06573786253625012,0.08970425740656052,-0.04737076003890091,-0.04865061286551236,-0.19282037878056152,-0.2754762318196206,-0.32409160648322266
-0.2910697139807507,-0.1398080082074649,0.16192257369428942,0.2275880643930416,-0.2649413101085933,-0.046616484776354855,0.08970425740656052,-0.02842867706599646,-0.04865061286551236,-0.17278119761307958,-0.2532547144295153,-0.29849394002972296
-0.2910697139807507,-0.1398080082074649,0.16192257369428942,0.2275880643930416,-0.2649413101085933,-0.06573786253625012,0.08970425740656052,-0.02842867706599646,-0.04865061286551236,-0.17278119761307958,-0.23103319703941,-0.2728962735762232
-0.32190695386723744,-0.1398080082074649,0.19508404776478638,0.24536496980342914,-0.30184479481468407,-0.046616484776354855,0.1426995360636072,-0.009486594093092014,0.00421152978612476,-0.15274201644559762,-0.2532547144295153,-0.29849394002972296
-0.2910697139807507,-0.1398080082074649,0.16192257369428942,0.2275880643930416,-0.2649413101085933,-0.06573786253625012,0.1426995360636072,-0.009486594093092014,-0.031029898648299987,-0.15274201644559762,-0.23103319703941,-0.29849394002972296
-0.26023247409426403,-0.1716829323613124,0.12876109962379242,0.20981115898265404,-0.2280378254025026,-0.08485924029614537,0.08970425740656052,-0.02842867706599646,-0.013409184431087615,-0.15274201644559762,-0.2532547144295153,-0.29849394002972296
-0.26023247409426403,-0.1716829323613124,0.12876109962379242,0.20981115898265404,-0.2280378254025026,-0.08485924029614537,0.08970425740656052,-0.02842867706599646,-0.013409184431087615,-0.15274201644559762,-0.2532547144295153,-0.29849394002972296
-0.2910697139807507,-0.1398080082074649,0.19508404776478638,0.20981115898265404,-0.28339305246163865,-0.0274951070164596,0.08970425740656052,-0.009486594093092014,-0.013409184431087615,-0.15274201644559762,-0.23103319703941,-0.2728962735762232
-0.19855799432129065,-0.1716829323613124,0.06243815148279847,0.17425734816187896,-0.1542308559903212,-0.12310199581593591,0.06320661807803718,-0.009486594093092014,-0.031029898648299987,-0.15274201644559762,-0.23103319703941,-0.2728962735762232
-0.26023247409426403,-0.1716829323613124,0.12876109962379242,0.20981115898265404,-0.2280378254025026,-0.08485924029614537,0.11620189673508387,0.009455488879812434,-0.013409184431087615,-0.1327028352781157,-0.2088116796493047,-0.24729860712272345
-0.2910697139807507,-0.1398080082074649,0.19508404776478638,0.20981115898265404,-0.28339305246163865,-0.0274951070164596,0.1426995360636072,0.009455488879812434,-0.013409184431087615,-0.11266365411063374,-0.1865901622591994,-0.24729860712272345
-0.32190695386723744,-0.1398080082074649,0.2614069959057803,0.20981115898265404,-0.33874827952077474,0.029869026263226184,0.1956948147206539,0.08522382077143023,0.03945295822054951,-0.07258529177566987,-0.1865901622591994,-0.24729860712272345
-0.4760931532996709,0.051441536715620156,0.626183210681247,0.1920342535722665,-0.6339761571695004,0.3549324481814456,0.4076759293488406,0.2746446505004747,0.19803938617546088,0.027610614061739827,-0.14214712747898875,-0.24729860712272345
-0.4452559134131842,0.11519138502331518,0.659344684751744,0.13870353734110388,-0.6339761571695004,0.3931752037012361,0.5136664866629339,0.44512339725661476,0.2685222430443104,0.10776733873166758,-0.07548257530867285,-0.19610327421572396
-0.04437179488885716,-0.012308311592074865,0.09559962555329544,-0.021288611352383992,-0.08042388657813976,-0.008373729256564336,0.3811782900203173,0.48300756320242366,0.3037636714787351,0.20796324456907725,0.16895411598248553,0.11106872322627301
0.5415357629543901,-0.07605815989976988,-0.600791329927141,-0.3234960033289722,0.6576458075436744,-0.44816541773415536,0.11620189673508387,0.5019496461753281,0.39186724256479694,0.4684725997463425,0.5911629463944864,0.6998150516567672
1.435815719662504,-0.044183235745922374,-1.5293126039010565,-0.8568031656405984,1.7093951216672596,-0.9644426172513273,-0.09577921789310286,0.8050229737417992,0.7795229553434693,1.0496088536033188,1.368916055048172,1.6725263768897576
2.145072237051698,0.2745660057925527,-1.9604117668175172,-1.4434410441833871,2.3736578463768927,-1.021806750531013,-0.3872532505068596,0.9376175545521304,1.096695811253292,1.6708234697952589,2.1244476463117525,2.747628367936747
2.8234915145544055,0.5933152473310278,-2.325187981592984,-2.0123020173157884,2.9825653440273894,-1.0409281282909084,-0.8907083977488032,0.25570256752757026,0.9028679548639559,1.7910585568001505,2.4799919245534374,3.3875700292742406
3.316887352738193,0.9758143371771979,-2.4578338778749718,-2.51005536880664,3.3516001910882967,-0.8879571062117463,-1.50015410230484,-0.558807000307321,0.5856950989541332,1.7710193756326686,2.5688779941138584,3.745937359623237
3.378561832511166,0.7526898681002654,-2.7562871445094443,-2.421170841754702,3.5545693569717955,-1.1938991503700704,-1.9241163315612133,-1.2028378213860724,0.109935815089399,1.310118208780584,2.0800046115315416,3.2851793634602418
2.885165994327379,0.14706630917716268,-2.8557715667209354,-1.798979152391138,3.3146967063822057,-1.6145694610877663,-2.0301068888753067,-1.6763898957086834,-0.5772720393818835,0.3883158750764147,0.9467072246361713,1.928503041424755
1.3124667601165574,-0.1398080082074649,-1.4629896557600623,-0.7323648277678857,1.5986846675489876,-0.9835639950112226,-1.5531493809618866,-2.0931157211125813,-1.299721322287591,-0.7939958138050196,-0.675463544841516,-0.09371260840172496
-0.2910697139807507,-0.394807401438245,0.029276677412301503,0.3164725914449793,-0.1911343406964119,-0.2569516401352027,-0.9966989550628965,-2.2635944678687214,-1.7578598919351125,-1.695758966341707,-1.8532039665170974,-1.7575609278792084
-1.0928379510294048,-0.394807401438245,0.8914750032452229,0.7786721321150554,-1.1506249430547704,0.24020418162207405,-0.7582202011061864,-2.30147863381453,-1.8635841772383868,-1.976307502686454,-2.2754127969290985,-2.397502589216702
-1.0620007111429182,-0.4904321738997875,0.7588291069632349,0.8320028483462181,-1.076817973642589,0.10635453730280722,-0.572736725806523,-1.9794632232751546,-1.6168941781974135,-1.5955630605042972,-1.9198685186874134,-1.9367445930537066
-1.1236751909158915,-0.4266823255920925,0.8914750032452229,0.8320028483462181,-1.187528427760861,0.22108280386217877,-0.33425797184981293,-1.5248532319254477,-1.264479893853166,-1.2548969806571042,-1.453216653495202,-1.501584263344211
-0.9078145117104847,-0.3629324772843975,0.725667632892738,0.6720106996527302,-0.9661075195243168,0.16371867058249298,-0.06928157856457952,-0.9755328257112189,-0.8768241810744939,-0.9142309008099112,-1.0754508578634117,-1.1432169329952144
-0.6919538325050778,-0.29918262897670245,0.5598602625402531,0.5120185509592423,-0.7446866112877726,0.10635453730280722,-0.016286299907532834,-0.6724594981447478,-0.5772720393818835,-0.6537215456326461,-0.742128097011832,-0.8104472690997179
-0.3835814336402108,-0.20355785651515992,0.3277299440467743,0.29869568603459173,-0.43100699128600156,0.029869026263226184,-0.17527213587867288,-0.5966911662531299,-0.4715477540786094,-0.4934080962927906,-0.5421344405008842,-0.5544706045647204
-0.26023247409426403,-0.23543278066900744,0.19508404776478638,0.24536496980342914,-0.2649413101085933,-0.08485924029614537,-0.09577921789310286,-0.4451545024698943,-0.3482027545581227,-0.35313382812041705,-0.4310268535503577,-0.4264822722972217
-0.2910697139807507,-0.29918262897670245,0.19508404776478638,0.3164725914449793,-0.28339305246163865,-0.14222337357583117,0.03670897874951384,-0.1610232578763276,-0.1543748981687866,-0.2328987411155254,-0.2976977492097259,-0.3752869393902222
-0.2910697139807507,-0.33105755313054996,0.16192257369428942,0.33424949685536687,-0.2649413101085933,-0.1804661290956217,0.08970425740656052,-0.0852549259847098,-0.06627132708272473,-0.19282037878056152,-0.23103319703941,-0.29849394002972296
-0.19855799432129065,-0.3629324772843975,0.029276677412301503,0.29869568603459173,-0.13577911363727582,-0.276073017895098,0.08970425740656052,-0.10419700895761425,-0.08389204129993712,-0.17278119761307958,-0.23103319703941,-0.24729860712272345
-0.16772075443480394,-0.4266823255920925,-0.07020774479918943,0.3164725914449793,-0.09887562893118511,-0.3716799066945743,0.06320661807803718,-0.14208117490342315,-0.13675418395157424,-0.17278119761307958,-0.23103319703941,-0.24729860712272345
-0.26023247409426403,-0.45855724974594,-0.0038847966581954723,0.38758021308652946,-0.1911343406964119,-0.35255852893467904,0.11620189673508387,-0.04737076003890091,-0.10151275551714949,-0.1327028352781157,-0.2088116796493047,-0.2217009406692237
-0.26023247409426403,-0.4904321738997875,-0.03704627072869245,0.405357118496917,-0.17268259834336652,-0.39080128445446954,0.11620189673508387,0.009455488879812434,-0.06627132708272473,-0.11266365411063374,-0.16436864486909408,-0.19610327421572396
-0.22939523420777733,-0.5541820222074825,-0.1033692188696864,0.405357118496917,-0.09887562893118511,-0.48640817325394586,0.08970425740656052,0.028397571852716883,-0.04865061286551236,-0.0926244729431518,-0.14214712747898875,-0.1705056077622242
-0.22939523420777733,-0.5223070980536351,-0.07020774479918943,0.36980330767614195,-0.11732737128423046,-0.4290440399742601,0.08970425740656052,0.028397571852716883,-0.04865061286551236,-0.07258529177566987,-0.16436864486909408,-0.1705056077622242
-0.22939523420777733,-0.5541820222074825,-0.1033692188696864,0.36980330767614195,-0.09887562893118511,-0.4672867954940506,0.08970425740656052,0.04733965482562133,-0.04865061286551236,-0.07258529177566987,-0.11992561008888346,-0.1705056077622242
-0.19855799432129065,-0.5541820222074825,-0.13653069294018336,0.3520264022657544,-0.061972144225094394,-0.48640817325394586,0.08970425740656052,0.04733965482562133,-0.06627132708272473,-0.07258529177566987,-0.11992561008888346,-0.1705056077622242
-0.19855799432129065,-0.5541820222074825,-0.1033692188696864,0.33424949685536687,-0.061972144225094394,-0.48640817325394586,0.08970425740656052,0.04733965482562133,-0.06627132708272473,-0.07258529177566987,-0.11992561008888346,-0.14490794130872445
-0.19855799432129065,-0.5541820222074825,-0.1033692188696864,0.33424949685536687,-0.061972144225094394,-0.48640817325394586,0.08970425740656052,0.04733965482562133,-0.06627132708272473,-0.07258529177566987,-0.11992561008888346,-0.1705056077622242
-0.13688351454831724,-0.5223070980536351,-0.16969216701068032,0.29869568603459173,0.011834825187087025,-0.5246509287737364,0.11620189673508387,0.028397571852716883,-0.06627132708272473,-0.05254611060818793,-0.09770409269877815,-0.1705056077622242
-0.16772075443480394,-0.5223070980536351,-0.13653069294018336,0.3164725914449793,-0.025068659519003687,-0.48640817325394586,0.1426995360636072,0.04733965482562133,-0.04865061286551236,-0.07258529177566987,-0.09770409269877815,-0.14490794130872445
-0.13688351454831724,-0.5223070980536351,-0.16969216701068032,0.29869568603459173,0.011834825187087025,-0.5055295510138411,0.1426995360636072,0.04733965482562133,-0.04865061286551236,-0.0926244729431518,-0.11992561008888346,-0.1705056077622242
-0.19855799432129065,-0.4904321738997875,-0.07020774479918943,0.3164725914449793,-0.08042388657813976,-0.4290440399742601,0.1426995360636072,0.04733965482562133,-0.031029898648299987,-0.07258529177566987,-0.09770409269877815,-0.14490794130872445
-0.10604627466183056,-0.4266823255920925,-0.1033692188696864,0.24536496980342914,0.011834825187087025,-0.44816541773415536,0.1426995360636072,0.04733965482562133,-0.031029898648299987,-0.0926244729431518,-0.11992561008888346,-0.14490794130872445
-0.13688351454831724,-0.4266823255920925,-0.07020774479918943,0.26314187521381666,-0.025068659519003687,-0.4290440399742601,0.1426995360636072,0.04733965482562133,-0.031029898648299987,-0.07258529177566987,-0.09770409269877815,-0.14490794130872445
-0.13688351454831724,-0.4266823255920925,-0.07020774479918943,0.26314187521381666,-0.025068659519003687,-0.4290440399742601,0.16919717539213053,0.04733965482562133,-0.013409184431087615,-0.05254611060818793,-0.09770409269877815,-0.1193102748552247
-0.10604627466183056,-0.4266823255920925,-0.1033692188696864,0.24536496980342914,0.011834825187087025,-0.44816541773415536,0.16919717539213053,0.04733965482562133,-0.013409184431087615,-0.05254611060818793,-0.09770409269877815,-0.1193102748552247
-0.13688351454831724,-0.394807401438245,-0.03704627072869245,0.24536496980342914,-0.043520401872049044,-0.39080128445446954,0.16919717539213053,0.04733965482562133,-0.013409184431087615,-0.07258529177566987,-0.09770409269877815,-0.14490794130872445
-0.13688351454831724,-0.394807401438245,-0.07020774479918943,0.2275880643930416,-0.00661691716595833,-0.40992266221436485,0.16919717539213053,0.028397571852716883,-0.013409184431087615,-0.07258529177566987,-0.11992561008888346,-0.14490794130872445
-0.22939523420777733,-0.394807401438245,0.029276677412301503,0.2809187806242042,-0.11732737128423046,-0.35255852893467904,0.1956948147206539,0.04733965482562133,0.00421152978612476,-0.05254611060818793,-0.07548257530867285,-0.1193102748552247
-0.16772075443480394,-0.33105755313054996,-0.0038847966581954723,0.2275880643930416,-0.08042388657813976,-0.35255852893467904,0.1956948147206539,0.06628173779852578,0.00421152978612476,-0.05254611060818793,-0.09770409269877815,-0.1193102748552247
-0.19855799432129065,-0.29918262897670245,0.06243815148279847,0.2275880643930416,-0.13577911363727582,-0.2951943956549933,0.1956948147206539,0.06628173779852578,0.00421152978612476,-0.05254611060818793,-0.09770409269877815,-0.14490794130872445
-0.19855799432129065,-0.23543278066900744,0.12876109962379242,0.1920342535722665,-0.17268259834336652,-0.2187088846154122,0.1956948147206539,0.04733965482562133,0.00421152978612476,-0.05254611060818793,-0.11992561008888346,-0.14490794130872445
-0.19855799432129065,-0.1716829323613124,0.19508404776478638,0.15648044275149142,-0.20958608304945725,-0.14222337357583117,0.1956948147206539,0.04733965482562133,0.00421152978612476,-0.07258529177566987,-0.14214712747898875,-0.1705056077622242
-0.13688351454831724,-0.07605815989976988,0.22824552183528335,0.06759591569955371,-0.1911343406964119,-0.06573786253625012,0.22219245404917723,0.028397571852716883,0.03945295822054951,-0.07258529177566987,-0.16436864486909408,-0.1705056077622242
-0.16772075443480394,-0.044183235745922374,0.2945684699762773,0.06759591569955371,-0.24648956775554795,0.010747648503330924,0.2751877327062239,0.028397571852716883,0.07469438665497424,-0.07258529177566987,-0.16436864486909408,-0.14490794130872445
-0.19855799432129065,-0.012308311592074865,0.3277299440467743,0.08537282110994127,-0.28339305246163865,0.029869026263226184,0.2751877327062239,0.028397571852716883,0.07469438665497424,-0.05254611060818793,-0.16436864486909408,-0.14490794130872445
-0.13688351454831724,0.019566612561772643,0.2945684699762773,0.032042104878778635,-0.2280378254025026,0.029869026263226184,0.3016853720347472,0.028397571852716883,0.07469438665497424,-0.11266365411063374,-0.1865901622591994,-0.14490794130872445
-0.13688351454831724,0.019566612561772643,0.2614069959057803,0.014265199468391093,-0.1911343406964119,0.010747648503330924,0.2751877327062239,0.028397571852716883,0.07469438665497424,-0.1327028352781157,-0.2088116796493047,-0.1705056077622242
-0.2910697139807507,0.019566612561772643,0.4272143662582652,0.1031497265203288,-0.37565176422686547,0.10635453730280722,0.3016853720347472,0.04733965482562133,0.09231510087218663,-0.0926244729431518,-0.16436864486909408,-0.14490794130872445
-0.16772075443480394,0.019566612561772643,0.2945684699762773,0.032042104878778635,-0.2280378254025026,0.029869026263226184,0.2751877327062239,0.028397571852716883,0.07469438665497424,-0.11266365411063374,-0.16436864486909408,-0.1705056077622242
-0.22939523420777733,-0.012308311592074865,0.3277299440467743,0.08537282110994127,-0.28339305246163865,0.029869026263226184,0.2751877327062239,0.028397571852716883,0.09231510087218663,-0.0926244729431518,-0.14214712747898875,-0.1193102748552247
-0.19855799432129065,0.019566612561772643,0.3277299440467743,0.049819010289166174,-0.2649413101085933,0.0681117817830167,0.24869009337770057,0.028397571852716883,0.09231510087218663,-0.0926244729431518,-0.14214712747898875,-0.14490794130872445
-0.19855799432129065,0.019566612561772643,0.3277299440467743,0.049819010289166174,-0.2649413101085933,0.08723315954291197,0.24869009337770057,0.028397571852716883,0.07469438665497424,-0.07258529177566987,-0.11992561008888346,-0.14490794130872445
-0.07520903477534385,0.019566612561772643,0.19508404776478638,-0.021288611352383992,-0.11732737128423046,0.010747648503330924,0.22219245404917723,0.009455488879812434,0.05707367243776188,-0.07258529177566987,-0.11992561008888346,-0.1705056077622242
-0.19855799432129065,-0.012308311592074865,0.2945684699762773,0.06759591569955371,-0.24648956775554795,0.0681117817830167,0.24869009337770057,0.04733965482562133,0.09231510087218663,-0.05254611060818793,-0.09770409269877815,-0.09371260840172496
-0.16772075443480394,0.051441536715620156,0.3277299440467743,0.014265199468391093,-0.24648956775554795,0.12547591506270248,0.22219245404917723,0.04733965482562133,0.09231510087218663,-0.05254611060818793,-0.09770409269877815,-0.06811494194822522
-0.04437179488885716,0.051441536715620156,0.19508404776478638,-0.056842422173159074,-0.09887562893118511,0.048990404023121444,0.16919717539213053,0.04733965482562133,0.09231510087218663,-0.0926244729431518,-0.11992561008888346,-0.09371260840172496
-0.04437179488885716,0.08331646086946766,0.22824552183528335,-0.07461932758354661,-0.11732737128423046,0.08723315954291197,0.16919717539213053,0.04733965482562133,0.09231510087218663,-0.03250692944070599,-0.07548257530867285,-0.042517275494725476
-0.04437179488885716,0.08331646086946766,0.22824552183528335,-0.07461932758354661,-0.11732737128423046,0.08723315954291197,0.1426995360636072,0.06628173779852578,0.09231510087218663,-0.012467748273224052,-0.053261057918567535,-0.016919609041225726
-0.04437179488885716,0.11519138502331518,0.2614069959057803,-0.09239623299393417,-0.13577911363727582,0.12547591506270248,0.1426995360636072,0.08522382077143023,0.09231510087218663,-0.012467748273224052,-0.008818023138356926,0.034275723865773766
0.01730268488411623,0.11519138502331518,0.19508404776478638,-0.12795004381470923,-0.061972144225094394,0.08723315954291197,0.1426995360636072,0.08522382077143023,0.109935815089399,0.007571432894257888,0.013403494251748381,0.08547105677277325
0.04813992477060292,0.11519138502331518,0.16192257369428942,-0.1457269492250968,-0.025068659519003687,0.0681117817830167,0.11620189673508387,0.10416590374433468,0.14517724352382377,0.04764979522922177,0.05784652903195899,0.11106872322627301
0.10981440454357631,0.14706630917716268,0.12876109962379242,-0.19905766545625941,0.03028656754013238,0.0681117817830167,0.06320661807803718,0.08522382077143023,0.12755652930661138,0.04764979522922177,0.0800680464220643,0.13666638967977274
0.1714888843165497,0.1789412333310102,0.09559962555329544,-0.25238838168742206,0.08564179459926845,0.0681117817830167,0.06320661807803718,0.08522382077143023,0.12755652930661138,0.08772815756418564,0.10228956381216961,0.21345938904027198
0.2640006039760098,0.1789412333310102,-0.0038847966581954723,-0.30571909791858465,0.1963522487175406,0.010747648503330924,0.010211339420990504,0.08522382077143023,0.14517724352382377,0.08772815756418564,0.12451108120227491,0.21345938904027198
0.2948378438624965,0.2108161574848577,-0.0038847966581954723,-0.3412729087393597,0.21480399107058593,0.029869026263226184,-0.016286299907532834,0.08522382077143023,0.16279795774103614,0.16788488223411338,0.19117563337259083,0.2902523884007712
0.3256750837489832,0.2426910816387052,-0.0038847966581954723,-0.3768267195601348,0.2332557334236313,0.048990404023121444,-0.042783939236056175,0.14205006969014358,0.19803938617546088,0.24804160690404115,0.3022832203231174,0.3926430542147702
0.3873495635219566,0.2426910816387052,-0.07020774479918943,-0.41238053038090994,0.30706270283581266,0.010747648503330924,-0.06928157856457952,0.12310798671723913,0.19803938617546088,0.288119969239005,0.3911692898835386,0.5206313864822689
0.5106985230679033,0.3064409299464002,-0.13653069294018336,-0.5190419628432351,0.4177731569540848,0.010747648503330924,-0.09577921789310286,0.14205006969014358,0.23328081460988562,0.30815915040648695,0.4133908072736439,0.5974243858427681
0.5723730028408768,0.3383158541002477,-0.16969216701068032,-0.5723726790743978,0.4731283840132209,0.010747648503330924,-0.14877449655014954,0.14205006969014358,0.23328081460988562,0.3482375127414508,0.4578338420538545,0.623022052296268
0.7265592022733103,0.40206570240794276,-0.26917658922217125,-0.6968110169471106,0.6207423228375837,-0.008373729256564336,-0.22826741453571955,0.10416590374433468,0.23328081460988562,0.3482375127414508,0.48005535944395983,0.6742173852032675
0.849908161819257,0.4658155507156378,-0.3354995373631652,-0.8034724494094359,0.7314527769558559,-0.008373729256564336,-0.2547650538642429,0.08522382077143023,0.23328081460988562,0.36827669390893275,0.5244983942241704,0.7510103845637667
0.7882336820462836,0.4976904748694853,-0.23601511515167428,-0.7856955439990483,0.639194065190629,0.0681117817830167,-0.2547650538642429,0.10416590374433468,0.250901528827098,0.44843341857886054,0.6133844637845917,0.827803383924266
0.8190709219327703,0.5295653990233328,-0.23601511515167428,-0.8034724494094359,0.6576458075436744,0.08723315954291197,-0.2547650538642429,0.14205006969014358,0.2861429572615227,0.4684725997463425,0.635605981174697,0.8534010503777657
0.8807454017057437,0.5295653990233328,-0.3023380632926682,-0.8390262602302109,0.7314527769558559,0.048990404023121444,-0.3077603325212896,0.14205006969014358,0.3037636714787351,0.5085509620813063,0.6578274985648023,0.8789987168312655
0.9424198814787171,0.5614403231771803,-0.3354995373631652,-0.8923569764613736,0.786808004014992,0.048990404023121444,-0.3077603325212896,0.12310798671723913,0.32138438569594746,0.5085509620813063,0.6800490159549076,0.9301940497382649
0.9424198814787171,0.5933152473310278,-0.3023380632926682,-0.9101338818717611,0.7683562616619466,0.08723315954291197,-0.3077603325212896,0.12310798671723913,0.32138438569594746,0.5486293244162702,0.7244920507351182,0.9813893826452644
0.8807454017057437,0.6570650956387228,-0.16969216701068032,-0.8923569764613736,0.6576458075436744,0.20196142610228351,-0.3077603325212896,0.12310798671723913,0.3037636714787351,0.5486293244162702,0.7244920507351182,0.9557917161917647
0.849908161819257,0.5933152473310278,-0.20285364108117732,-0.8390262602302109,0.6576458075436744,0.14459729282259776,-0.33425797184981293,0.12310798671723913,0.32138438569594746,0.5686685055837521,0.7244920507351182,1.0069870490987642
0.8807454017057437,0.5614403231771803,-0.26917658922217125,-0.8390262602302109,0.7130010346028105,0.08723315954291197,-0.33425797184981293,0.14205006969014358,0.2861429572615227,0.5486293244162702,0.7244920507351182,0.9813893826452644
0.849908161819257,0.5614403231771803,-0.23601511515167428,-0.8212493548198234,0.6760975498967198,0.10635453730280722,-0.3077603325212896,0.12310798671723913,0.2861429572615227,0.5285901432487883,0.6800490159549076,0.8789987168312655
0.7882336820462836,0.5295653990233328,-0.20285364108117732,-0.7501417331782733,0.6207423228375837,0.10635453730280722,-0.3077603325212896,0.10416590374433468,0.250901528827098,0.5085509620813063,0.635605981174697,0.8789987168312655
0.6957219623868235,0.4339406265617903,-0.16969216701068032,-0.6612572061263355,0.5469353534254023,0.08723315954291197,-0.28126269319276626,0.10416590374433468,0.250901528827098,0.4684725997463425,0.5911629463944864,0.8022057174707662
0.6032102427273635,0.40206570240794276,-0.1033692188696864,-0.5901495844847854,0.4546766416601755,0.10635453730280722,-0.2547650538642429,0.12310798671723913,0.23328081460988562,0.4283942374113786,0.568941429004381,0.6998150516567672
0.5723730028408768,0.40206570240794276,-0.07020774479918943,-0.5545957736640102,0.4177731569540848,0.12547591506270248,-0.22826741453571955,0.12310798671723913,0.21566010039267325,0.3883158750764147,0.5244983942241704,0.6486197187497676
0.5106985230679033,0.37019077825409524,-0.03704627072869245,-0.5012650574328477,0.36241792989494875,0.12547591506270248,-0.17527213587867288,0.10416590374433468,0.21566010039267325,0.3883158750764147,0.4356123246637492,0.5974243858427681
0.4181868034084433,0.3064409299464002,-0.0038847966581954723,-0.41238053038090994,0.28861096048276735,0.10635453730280722,-0.14877449655014954,0.08522382077143023,0.1804186719582485,0.3482375127414508,0.3911692898835386,0.5206313864822689
0.3873495635219566,0.2426910816387052,-0.03704627072869245,-0.3590498141497473,0.28861096048276735,0.048990404023121444,-0.09577921789310286,0.10416590374433468,0.1804186719582485,0.3281983315739689,0.3245047377132227,0.41824072066826995
0.2948378438624965,0.11519138502331518,-0.07020774479918943,-0.2346114762770345,0.2517074757766766,-0.046616484776354855,-0.06928157856457952,0.08522382077143023,0.14517724352382377,0.24804160690404115,0.3245047377132227,0.3926430542147702
0.2640006039760098,-0.012308311592074865,-0.16969216701068032,-0.1457269492250968,0.28861096048276735,-0.1804661290956217,-0.06928157856457952,0.08522382077143023,0.12755652930661138,0.2280024257365592,0.2800617029330121,0.34144772130777074
0.140651644430063,-0.1079330840536174,-0.13653069294018336,-0.021288611352383992,0.1963522487175406,-0.2187088846154122,-0.042783939236056175,0.08522382077143023,0.109935815089399,0.20796324456907725,0.2578401855429068,0.26465472194727147
0.140651644430063,-0.23543278066900744,-0.26917658922217125,0.049819010289166174,0.270159218129722,-0.3716799066945743,-0.06928157856457952,0.10416590374433468,0.05707367243776188,0.18792406340159531,0.21339715076269614,0.18786172258677225
0.07897716465708962,-0.26730770482285493,-0.23601511515167428,0.1031497265203288,0.21480399107058593,-0.3716799066945743,-0.042783939236056175,0.10416590374433468,0.03945295822054951,0.18792406340159531,0.19117563337259083,0.18786172258677225
0.04813992477060292,-0.29918262897670245,-0.23601511515167428,0.13870353734110388,0.1963522487175406,-0.39080128445446954,-0.016286299907532834,0.08522382077143023,0.021832244003337137,0.14784570106663147,0.16895411598248553,0.1622640561332725
-0.04437179488885716,-0.33105755313054996,-0.16969216701068032,0.20981115898265404,0.1040935369523138,-0.3716799066945743,0.010211339420990504,0.08522382077143023,0.021832244003337137,0.1278065198991495,0.10228956381216961,0.13666638967977274
-0.07520903477534385,-0.3629324772843975,-0.16969216701068032,0.24536496980342914,0.08564179459926845,-0.39080128445446954,0.010211339420990504,0.06628173779852578,0.00421152978612476,0.10776733873166758,0.10228956381216961,0.11106872322627301
-0.04437179488885716,-0.3629324772843975,-0.20285364108117732,0.2275880643930416,0.12254527930535916,-0.40992266221436485,-0.016286299907532834,0.06628173779852578,-0.013409184431087615,0.08772815756418564,0.0800680464220643,0.034275723865773766
-0.04437179488885716,-0.394807401438245,-0.26917658922217125,0.24536496980342914,0.14099702165840453,-0.44816541773415536,-0.016286299907532834,0.04733965482562133,-0.013409184431087615,0.06768897639670371,0.05784652903195899,0.034275723865773766
-0.07520903477534385,-0.394807401438245,-0.23601511515167428,0.26314187521381666,0.1040935369523138,-0.4290440399742601,0.010211339420990504,0.04733965482562133,-0.013409184431087615,0.06768897639670371,0.013403494251748381,0.00867805741227402
-0.04437179488885716,-0.4266823255920925,-0.3023380632926682,0.26314187521381666,0.15944876401144986,-0.48640817325394586,0.010211339420990504,0.04733965482562133,-0.031029898648299987,0.04764979522922177,-0.008818023138356926,0.00867805741227402
-0.04437179488885716,-0.4266823255920925,-0.3023380632926682,0.26314187521381666,0.15944876401144986,-0.48640817325394586,0.03670897874951384,0.028397571852716883,-0.013409184431087615,0.027610614061739827,0.013403494251748381,-0.042517275494725476
-0.07520903477534385,-0.394807401438245,-0.23601511515167428,0.26314187521381666,0.1040935369523138,-0.4290440399742601,0.06320661807803718,0.009455488879812434,-0.031029898648299987,0.027610614061739827,-0.008818023138356926,-0.06811494194822522
-0.07520903477534385,-0.394807401438245,-0.23601511515167428,0.26314187521381666,0.1040935369523138,-0.4290440399742601,0.03670897874951384,0.028397571852716883,-0.013409184431087615,0.007571432894257888,-0.008818023138356926,-0.06811494194822522
-0.07520903477534385,-0.394807401438245,-0.23601511515167428,0.26314187521381666,0.1040935369523138,-0.4290440399742601,0.08970425740656052,0.009455488879812434,-0.013409184431087615,0.007571432894257888,-0.031039540528462233,-0.06811494194822522
-0.13688351454831724,-0.394807401438245,-0.16969216701068032,0.29869568603459173,0.03028656754013238,-0.39080128445446954,0.11620189673508387,0.028397571852716883,0.00421152978612476,0.027610614061739827,-0.008818023138356926,-0.042517275494725476
-0.19855799432129065,-0.394807401438245,-0.1033692188696864,0.33424949685536687,-0.043520401872049044,-0.35255852893467904,0.1426995360636072,0.028397571852716883,0.021832244003337137,0.027610614061739827,-0.008818023138356926,-0.042517275494725476
-0.13688351454831724,-0.3629324772843975,-0.13653069294018336,0.2809187806242042,0.011834825187087025,-0.35255852893467904,0.11620189673508387,0.06628173779852578,0.00421152978612476,0.007571432894257888,-0.008818023138356926,-0.042517275494725476
-0.13688351454831724,-0.3629324772843975,-0.13653069294018336,0.2809187806242042,0.011834825187087025,-0.35255852893467904,0.1426995360636072,0.04733965482562133,0.00421152978612476,0.007571432894257888,-0.031039540528462233,-0.06811494194822522
-0.10604627466183056,-0.33105755313054996,-0.13653069294018336,0.24536496980342914,0.03028656754013238,-0.35255852893467904,0.1426995360636072,0.028397571852716883,0.00421152978612476,-0.012467748273224052,-0.053261057918567535,-0.09371260840172496
-0.10604627466183056,-0.33105755313054996,-0.13653069294018336,0.24536496980342914,0.03028656754013238,-0.35255852893467904,0.1426995360636072,0.009455488879812434,0.00421152978612476,-0.012467748273224052,-0.053261057918567535,-0.1193102748552247
-0.10604627466183056,-0.33105755313054996,-0.13653069294018336,0.24536496980342914,0.03028656754013238,-0.35255852893467904,0.1426995360636072,0.028397571852716883,0.00421152978612476,-0.03250692944070599,-0.07548257530867285,-0.09371260840172496
-0.13688351454831724,-0.33105755313054996,-0.1033692188696864,0.26314187521381666,-0.00661691716595833,-0.3334371511747838,0.1956948147206539,0.028397571852716883,0.021832244003337137,0.007571432894257888,-0.053261057918567535,-0.09371260840172496
-0.19855799432129065,-0.29918262897670245,-0.0038847966581954723,0.2809187806242042,-0.09887562893118511,-0.2569516401352027,0.16919717539213053,0.028397571852716883,0.00421152978612476,-0.012467748273224052,-0.053261057918567535,-0.09371260840172496
-0.22939523420777733,-0.26730770482285493,0.06243815148279847,0.2809187806242042,-0.1542308559903212,-0.19958750685551696,0.1956948147206539,0.04733965482562133,0.021832244003337137,0.007571432894257888,-0.053261057918567535,-0.09371260840172496
-0.22939523420777733,-0.29918262897670245,0.029276677412301503,0.29869568603459173,-0.13577911363727582,-0.2378302623753075,0.1956948147206539,0.04733965482562133,0.03945295822054951,0.007571432894257888,-0.053261057918567535,-0.06811494194822522
-0.19855799432129065,-0.29918262897670245,-0.0038847966581954723,0.2809187806242042,-0.09887562893118511,-0.2569516401352027,0.16919717539213053,0.028397571852716883,0.021832244003337137,-0.012467748273224052,-0.07548257530867285,-0.09371260840172496
-0.19855799432129065,-0.29918262897670245,-0.0038847966581954723,0.2809187806242042,-0.09887562893118511,-0.2569516401352027,0.16919717539213053,0.04733965482562133,0.021832244003337137,-0.03250692944070599,-0.09770409269877815,-0.1193102748552247
-0.19855799432129065,-0.29918262897670245,-0.0038847966581954723,0.2809187806242042,-0.09887562893118511,-0.2569516401352027,0.1956948147206539,0.028397571852716883,0.03945295822054951,-0.03250692944070599,-0.09770409269877815,-0.1193102748552247
-0.22939523420777733,-0.29918262897670245,0.029276677412301503,0.29869568603459173,-0.13577911363727582,-0.2378302623753075,0.16919717539213053,0.028397571852716883,0.021832244003337137,-0.03250692944070599,-0.09770409269877815,-0.1193102748552247
-0.19855799432129065,-0.23543278066900744,0.06243815148279847,0.24536496980342914,-0.13577911363727582,-0.1804661290956217,0.1956948147206539,0.028397571852716883,0.021832244003337137,-0.05254611060818793,-0.09770409269877815,-0.14490794130872445
-0.19855799432129065,-0.23543278066900744,0.06243815148279847,0.24536496980342914,-0.11732737128423046,-0.1804661290956217,0.16919717539213053,0.028397571852716883,0.03945295822054951,-0.03250692944070599,-0.11992561008888346,-0.14490794130872445
-0.22939523420777733,-0.23543278066900744,0.06243815148279847,0.26314187521381666,-0.1542308559903212,-0.16134475133572643,0.1956948147206539,0.028397571852716883,0.03945295822054951,-0.03250692944070599,-0.11992561008888346,-0.14490794130872445
-0.22939523420777733,-0.23543278066900744,0.06243815148279847,0.26314187521381666,-0.1542308559903212,-0.16134475133572643,0.1956948147206539,0.028397571852716883,0.03945295822054951,-0.05254611060818793,-0.11992561008888346,-0.14490794130872445
-0.26023247409426403,-0.23543278066900744,0.09559962555329544,0.2809187806242042,-0.1911343406964119,-0.14222337357583117,0.1956948147206539,0.028397571852716883,0.021832244003337137,-0.07258529177566987,-0.11992561008888346,-0.14490794130872445
-0.22939523420777733,-0.23543278066900744,0.06243815148279847,0.26314187521381666,-0.1542308559903212,-0.16134475133572643,0.16919717539213053,0.028397571852716883,0.021832244003337137,-0.07258529177566987,-0.14214712747898875,-0.1705056077622242
-0.16772075443480394,-0.23543278066900744,-0.0038847966581954723,0.2275880643930416,-0.08042388657813976,-0.19958750685551696,0.1426995360636072,0.028397571852716883,0.00421152978612476,-0.0926244729431518,-0.16436864486909408,-0.1705056077622242
-0.16772075443480394,-0.20355785651515992,0.029276677412301503,0.20981115898265404,-0.09887562893118511,-0.16134475133572643,0.1426995360636072,0.009455488879812434,0.00421152978612476,-0.0926244729431518,-0.16436864486909408,-0.19610327421572396
-0.26023247409426403,-0.20355785651515992,0.12876109962379242,0.26314187521381666,-0.20958608304945725,-0.10398061805604064,0.16919717539213053,0.028397571852716883,0.021832244003337137,-0.07258529177566987,-0.14214712747898875,-0.1705056077622242
-0.22939523420777733,-0.1716829323613124,0.09559962555329544,0.2275880643930416,-0.1911343406964119,-0.08485924029614537,0.16919717539213053,0.028397571852716883,0.021832244003337137,-0.07258529177566987,-0.11992561008888346,-0.1705056077622242
-0.22939523420777733,-0.20355785651515992,0.06243815148279847,0.24536496980342914,-0.17268259834336652,-0.12310199581593591,0.16919717539213053,0.04733965482562133,0.021832244003337137,-0.07258529177566987,-0.14214712747898875,-0.1705056077622242
-0.19855799432129065,-0.1398080082074649,0.09559962555329544,0.1920342535722665,-0.17268259834336652,-0.06573786253625012,0.1426995360636072,0.028397571852716883,-0.013409184431087615,-0.0926244729431518,-0.14214712747898875,-0.1705056077622242
-0.22939523420777733,-0.1398080082074649,0.12876109962379242,0.20981115898265404,-0.20958608304945725,-0.046616484776354855,0.1426995360636072,0.028397571852716883,0.00421152978612476,-0.07258529177566987,-0.14214712747898875,-0.1705056077622242
-0.19855799432129065,-0.1398080082074649,0.09559962555329544,0.1920342535722665,-0.17268259834336652,-0.06573786253625012,0.1426995360636072,0.028397571852716883,-0.013409184431087615,-0.07258529177566987,-0.14214712747898875,-0.14490794130872445
-0.16772075443480394,-0.1398080082074649,0.06243815148279847,0.17425734816187896,-0.13577911363727582,-0.08485924029614537,0.11620189673508387,0.009455488879812434,0.00421152978612476,-0.0926244729431518,-0.11992561008888346,-0.14490794130872445
-0.19855799432129065,-0.1079330840536174,0.12876109962379242,0.15648044275149142,-0.1911343406964119,-0.0274951070164596,0.11620189673508387,0.028397571852716883,0.00421152978612476,-0.0926244729431518,-0.14214712747898875,-0.1705056077622242
-0.19855799432129065,-0.1398080082074649,0.06243815148279847,0.17425734816187896,-0.1542308559903212,-0.06573786253625012,0.11620189673508387,0.028397571852716883,0.00421152978612476,-0.0926244729431518,-0.09770409269877815,-0.14490794130872445
-0.16772075443480394,-0.1398080082074649,0.029276677412301503,0.15648044275149142,-0.11732737128423046,-0.08485924029614537,0.11620189673508387,0.009455488879812434,0.00421152978612476,-0.0926244729431518,-0.11992561008888346,-0.1705056077622242
-0.19855799432129065,-0.1079330840536174,0.09559962555329544,0.15648044275149142,-0.17268259834336652,-0.0274951070164596,0.08970425740656052,0.028397571852716883,0.00421152978612476,-0.07258529177566987,-0.11992561008888346,-0.14490794130872445
-0.16772075443480394,-0.1079330840536174,0.06243815148279847,0.13870353734110388,-0.13577911363727582,-0.046616484776354855,0.08970425740656052,0.009455488879812434,0.00421152978612476,-0.07258529177566987,-0.11992561008888346,-0.14490794130872445
-0.16772075443480394,-0.1079330840536174,0.06243815148279847,0.13870353734110388,-0.13577911363727582,-0.046616484776354855,0.08970425740656052,0.009455488879812434,0.00421152978612476,-0.07258529177566987,-0.14214712747898875,-0.14490794130872445
-0.16772075443480394,-0.1079330840536174,0.06243815148279847,0.13870353734110388,-0.13577911363727582,-0.046616484776354855,0.08970425740656052,0.009455488879812434,-0.013409184431087615,-0.07258529177566987,-0.11992561008888346,-0.14490794130872445
-0.13688351454831724,-0.07605815989976988,0.06243815148279847,0.1031497265203288,-0.11732737128423046,-0.0274951070164596,0.06320661807803718,-0.009486594093092014,0.00421152978612476,-0.07258529177566987,-0.14214712747898875,-0.14490794130872445
-0.07520903477534385,-0.1398080082074649,-0.07020774479918943,0.1031497265203288,-0.00661691716595833,-0.14222337357583117,0.06320661807803718,-0.009486594093092014,0.00421152978612476,-0.07258529177566987,-0.14214712747898875,-0.1193102748552247
-0.07520903477534385,-0.1398080082074649,-0.07020774479918943,0.1031497265203288,-0.00661691716595833,-0.14222337357583117,0.06320661807803718,-0.009486594093092014,0.00421152978612476,-0.07258529177566987,-0.14214712747898875,-0.14490794130872445
-0.13688351454831724,-0.1079330840536174,0.029276677412301503,0.12092663193071634,-0.09887562893118511,-0.06573786253625012,0.06320661807803718,0.009455488879812434,0.00421152978612476,-0.0926244729431518,-0.14214712747898875,-0.14490794130872445
-0.13688351454831724,-0.1079330840536174,0.029276677412301503,0.12092663193071634,-0.09887562893118511,-0.06573786253625012,0.06320661807803718,0.009455488879812434,0.00421152978612476,-0.07258529177566987,-0.09770409269877815,-0.09371260840172496
-0.16772075443480394,-0.1079330840536174,0.06243815148279847,0.13870353734110388,-0.13577911363727582,-0.046616484776354855,0.06320661807803718,0.028397571852716883,-0.013409184431087615,-0.05254611060818793,-0.09770409269877815,-0.1193102748552247
-0.13688351454831724,-0.1079330840536174,0.029276677412301503,0.12092663193071634,-0.09887562893118511,-0.06573786253625012,0.06320661807803718,0.028397571852716883,0.021832244003337137,-0.05254611060818793,-0.11992561008888346,-0.1193102748552247
-0.16772075443480394,-0.1398080082074649,0.029276677412301503,0.15648044275149142,-0.11732737128423046,-0.08485924029614537,0.08970425740656052,0.028397571852716883,0.00421152978612476,-0.05254611060818793,-0.09770409269877815,-0.09371260840172496
-0.10604627466183056,-0.1079330840536174,-0.0038847966581954723,0.1031497265203288,-0.061972144225094394,-0.08485924029614537,0.06320661807803718,0.009455488879812434,0.00421152978612476,-0.05254611060818793,-0.11992561008888346,-0.1193102748552247
-0.10604627466183056,-0.1398080082074649,-0.03704627072869245,0.12092663193071634,-0.043520401872049044,-0.12310199581593591,0.06320661807803718,0.009455488879812434,0.00421152978612476,-0.05254611060818793,-0.09770409269877815,-0.1193102748552247
-0.07520903477534385,-0.1398080082074649,-0.07020774479918943,0.08537282110994127,-0.00661691716595833,-0.14222337357583117,0.06320661807803718,-0.009486594093092014,-0.013409184431087615,-0.05254611060818793,-0.09770409269877815,-0.1193102748552247
-0.07520903477534385,-0.1398080082074649,-0.07020774479918943,0.08537282110994127,-0.00661691716595833,-0.14222337357583117,0.03670897874951384,-0.009486594093092014,-0.013409184431087615,-0.05254611060818793,-0.11992561008888346,-0.14490794130872445
-0.13688351454831724,-0.1398080082074649,-0.0038847966581954723,0.12092663193071634,-0.08042388657813976,-0.10398061805604064,0.08970425740656052,0.028397571852716883,0.00421152978612476,-0.05254611060818793,-0.09770409269877815,-0.1193102748552247
-0.13688351454831724,-0.1079330840536174,0.029276677412301503,0.1031497265203288,-0.09887562893118511,-0.06573786253625012,0.06320661807803718,0.009455488879812434,0.00421152978612476,-0.05254611060818793,-0.09770409269877815,-0.09371260840172496
-0.26023247409426403,-0.1079330840536174,0.16192257369428942,0.17425734816187896,-0.24648956775554795,0.010747648503330924,0.1426995360636072,0.04733965482562133,0.03945295822054951,-0.012467748273224052,-0.07548257530867285,-0.09371260840172496
-0.19855799432129065,-0.1079330840536174,0.09559962555329544,0.13870353734110388,-0.17268259834336652,-0.0274951070164596,0.08970425740656052,0.009455488879812434,0.00421152978612476,-0.07258529177566987,-0.09770409269877815,-0.1193102748552247
-0.07520903477534385,-0.1398080082074649,-0.07020774479918943,0.08537282110994127,-0.00661691716595833,-0.14222337357583117,0.06320661807803718,0.009455488879812434,0.00421152978612476,-0.07258529177566987,-0.09770409269877815,-0.1193102748552247
-0.10604627466183056,-0.1079330840536174,-0.0038847966581954723,0.08537282110994127,-0.061972144225094394,-0.08485924029614537,0.08970425740656052,0.009455488879812434,0.00421152978612476,-0.07258529177566987,-0.09770409269877815,-0.14490794130872445
-0.19855799432129065,-0.1079330840536174,0.09559962555329544,0.13870353734110388,-0.17268259834336652,-0.0274951070164596,0.08970425740656052,0.028397571852716883,0.00421152978612476,-0.07258529177566987,-0.09770409269877815,-0.14490794130872445
-0.16772075443480394,-0.1079330840536174,0.06243815148279847,0.12092663193071634,-0.13577911363727582,-0.046616484776354855,0.08970425740656052,0.028397571852716883,0.00421152978612476,-0.07258529177566987,-0.11992561008888346,-0.14490794130872445
-0.16772075443480394,-0.1398080082074649,0.029276677412301503,0.13870353734110388,-0.11732737128423046,-0.08485924029614537,0.08970425740656052,0.028397571852716883,0.00421152978612476,-0.0926244729431518,-0.09770409269877815,-0.14490794130872445
-0.16772075443480394,-0.1398080082074649,-0.0038847966581954723,0.13870353734110388,-0.09887562893118511,-0.08485924029614537,0.08970425740656052,0.009455488879812434,0.00421152978612476,-0.0926244729431518,-0.11992561008888346,-0.1705056077622242
-0.16772075443480394,-0.1398080082074649,-0.0038847966581954723,0.13870353734110388,-0.09887562893118511,-0.08485924029614537,0.08970425740656052,0.028397571852716883,0.00421152978612476,-0.07258529177566987,-0.11992561008888346,-0.14490794130872445
-0.10604627466183056,-0.1398080082074649,-0.07020774479918943,0.1031497265203288,-0.025068659519003687,-0.12310199581593591,0.06320661807803718,-0.009486594093092014,-0.013409184431087615,-0.0926244729431518,-0.11992561008888346,-0.1705056077622242
-0.19855799432129065,-0.1398080082074649,0.029276677412301503,0.15648044275149142,-0.13577911363727582,-0.06573786253625012,0.11620189673508387,0.04733965482562133,0.021832244003337137,-0.07258529177566987,-0.09770409269877815,-0.14490794130872445
-0.19855799432129065,-0.1716829323613124,-0.0038847966581954723,0.17425734816187896,-0.11732737128423046,-0.10398061805604064,0.11620189673508387,0.04733965482562133,0.021832244003337137,-0.07258529177566987,-0.09770409269877815,-0.14490794130872445
-0.13688351454831724,-0.1398080082074649,-0.03704627072869245,0.12092663193071634,-0.061972144225094394,-0.10398061805604064,0.11620189673508387,0.028397571852716883,0.00421152978612476,-0.0926244729431518,-0.14214712747898875,-0.14490794130872445
-0.10604627466183056,-0.1716829323613124,-0.07020774479918943,0.13870353734110388,-0.043520401872049044,-0.14222337357583117,0.11620189673508387,0.028397571852716883,0.00421152978612476,-0.0926244729431518,-0.11992561008888346,-0.14490794130872445
-0.13688351454831724,-0.1398080082074649,-0.0038847966581954723,0.13870353734110388,-0.08042388657813976,-0.08485924029614537,0.11620189673508387,0.028397571852716883,-0.013409184431087615,-0.0926244729431518,-0.14214712747898875,-0.14490794130872445
-0.13688351454831724,-0.1398080082074649,-0.0038847966581954723,0.13870353734110388,-0.08042388657813976,-0.08485924029614537,0.11620189673508387,0.028397571852716883,0.00421152978612476,-0.0926244729431518,-0.11992561008888346,-0.14490794130872445
-0.07520903477534385,-0.1716829323613124,-0.1033692188696864,0.12092663193071634,0.011834825187087025,-0.16134475133572643,0.11620189673508387,0.028397571852716883,-0.013409184431087615,-0.07258529177566987,-0.14214712747898875,-0.1705056077622242
-0.16772075443480394,-0.1398080082074649,0.029276677412301503,0.15648044275149142,-0.11732737128423046,-0.06573786253625012,0.11620189673508387,0.04733965482562133,-0.013409184431087615,-0.07258529177566987,-0.11992561008888346,-0.14490794130872445
-0.19855799432129065,-0.1398080082074649,0.06243815148279847,0.17425734816187896,-0.1542308559903212,-0.046616484776354855,0.11620189673508387,0.04733965482562133,0.00421152978612476,-0.05254611060818793,-0.11992561008888346,-0.1705056077622242
-0.16772075443480394,-0.1398080082074649,0.029276677412301503,0.15648044275149142,-0.11732737128423046,-0.06573786253625012,0.11620189673508387,0.028397571852716883,-0.013409184431087615,-0.07258529177566987,-0.11992561008888346,-0.1705056077622242
-0.19855799432129065,-0.1716829323613124,0.029276677412301503,0.1920342535722665,-0.13577911363727582,-0.08485924029614537,0.11620189673508387,0.028397571852716883,0.00421152978612476,-0.05254611060818793,-0.11992561008888346,-0.1193102748552247
-0.16772075443480394,-0.1079330840536174,0.06243815148279847,0.13870353734110388,-0.13577911363727582,-0.0274951070164596,0.08970425740656052,0.009455488879812434,-0.031029898648299987,-0.0926244729431518,-0.14214712747898875,-0.1705056077622242
-0.26023247409426403,-0.1398080082074649,0.12876109962379242,0.20981115898265404,-0.2280378254025026,-0.008373729256564336,0.11620189673508387,0.028397571852716883,0.00421152978612476,-0.07258529177566987,-0.11992561008888346,-0.14490794130872445
-0.13688351454831724,-0.1398080082074649,-0.0038847966581954723,0.13870353734110388,-0.08042388657813976,-0.08485924029614537,0.11620189673508387,0.009455488879812434,0.00421152978612476,-0.07258529177566987,-0.11992561008888346,-0.14490794130872445
-0.26023247409426403,-0.1398080082074649,0.12876109962379242,0.20981115898265404,-0.2280378254025026,-0.008373729256564336,0.1426995360636072,0.04733965482562133,0.021832244003337137,-0.05254611060818793,-0.09770409269877815,-0.1193102748552247
-0.26023247409426403,-0.1398080082074649,0.12876109962379242,0.20981115898265404,-0.20958608304945725,-0.008373729256564336,0.1426995360636072,0.06628173779852578,0.021832244003337137,-0.05254611060818793,-0.09770409269877815,-0.14490794130872445
-0.16772075443480394,-0.1398080082074649,0.029276677412301503,0.15648044275149142,-0.09887562893118511,-0.06573786253625012,0.11620189673508387,0.04733965482562133,-0.013409184431087615,-0.07258529177566987,-0.14214712747898875,-0.14490794130872445
-0.16772075443480394,-0.1398080082074649,0.029276677412301503,0.15648044275149142,-0.09887562893118511,-0.06573786253625012,0.11620189673508387,0.04733965482562133,-0.013409184431087615,-0.07258529177566987,-0.11992561008888346,-0.14490794130872445
-0.26023247409426403,-0.1398080082074649,0.12876109962379242,0.20981115898265404,-0.20958608304945725,-0.008373729256564336,0.16919717539213053,0.06628173779852578,0.00421152978612476,-0.05254611060818793,-0.11992561008888346,-0.09371260840172496
-0.22939523420777733,-0.1398080082074649,0.09559962555329544,0.1920342535722665,-0.17268259834336652,-0.0274951070164596,0.1426995360636072,0.04733965482562133,0.00421152978612476,-0.07258529177566987,-0.11992561008888346,-0.1193102748552247
-0.19855799432129065,-0.1398080082074649,0.06243815148279847,0.17425734816187896,-0.13577911363727582,-0.06573786253625012,0.11620189673508387,0.028397571852716883,0.00421152978612476,-0.07258529177566987,-0.09770409269877815,-0.1193102748552247
-0.19855799432129065,-0.1398080082074649,0.029276677412301503,0.17425734816187896,-0.13577911363727582,-0.06573786253625012,0.1426995360636072,0.04733965482562133,0.021832244003337137,-0.05254611060818793,-0.09770409269877815,-0.1193102748552247
-0.16772075443480394,-0.1079330840536174,0.06243815148279847,0.15648044275149142,-0.1542308559903212,-0.0274951070164596,0.1426995360636072,0.028397571852716883,0.00421152978612476,-0.07258529177566987,-0.11992561008888346,-0.14490794130872445
-0.16772075443480394,-0.1079330840536174,0.06243815148279847,0.15648044275149142,-0.1542308559903212,-0.0274951070164596,0.11620189673508387,0.028397571852716883,0.021832244003337137,-0.07258529177566987,-0.14214712747898875,-0.14490794130872445
-0.16772075443480394,-0.1079330840536174,0.06243815148279847,0.15648044275149142,-0.13577911363727582,-0.0274951070164596,0.11620189673508387,0.028397571852716883,0.00421152978612476,-0.05254611060818793,-0.11992561008888346,-0.1193102748552247
-0.13688351454831724,-0.1079330840536174,0.029276677412301503,0.13870353734110388,-0.09887562893118511,-0.046616484776354855,0.11620189673508387,0.028397571852716883,0.00421152978612476,-0.07258529177566987,-0.11992561008888346,-0.1193102748552247
-0.16772075443480394,-0.1398080082074649,0.029276677412301503,0.17425734816187896,-0.11732737128423046,-0.06573786253625012,0.11620189673508387,0.028397571852716883,0.00421152978612476,-0.07258529177566987,-0.11992561008888346,-0.1705056077622242
-0.13688351454831724,-0.1398080082074649,-0.0038847966581954723,0.15648044275149142,-0.08042388657813976,-0.08485924029614537,0.11620189673508387,0.028397571852716883,0.021832244003337137,-0.0926244729431518,-0.14214712747898875,-0.1705056077622242
-0.13688351454831724,-0.1398080082074649,-0.0038847966581954723,0.15648044275149142,-0.08042388657813976,-0.08485924029614537,0.11620189673508387,0.028397571852716883,0.021832244003337137,-0.07258529177566987,-0.14214712747898875,-0.14490794130872445
-0.19855799432129065,-0.1398080082074649,0.06243815148279847,0.1920342535722665,-0.1542308559903212,-0.046616484776354855,0.11620189673508387,0.028397571852716883,0.00421152978612476,-0.07258529177566987,-0.11992561008888346,-0.1705056077622242
-0.13688351454831724,-0.1398080082074649,-0.0038847966581954723,0.15648044275149142,-0.08042388657813976,-0.08485924029614537,0.11620189673508387,0.028397571852716883,0.00421152978612476,-0.0926244729431518,-0.11992561008888346,-0.1705056077622242
-0.10604627466183056,-0.1398080082074649,-0.03704627072869245,0.13870353734110388,-0.043520401872049044,-0.10398061805604064,0.08970425740656052,0.009455488879812434,-0.013409184431087615,-0.0926244729431518,-0.14214712747898875,-0.1705056077622242
-0.07520903477534385,-0.1398080082074649,-0.07020774479918943,0.12092663193071634,-0.00661691716595833,-0.12310199581593591,0.08970425740656052,0.009455488879812434,-0.013409184431087615,-0.0926244729431518,-0.14214712747898875,-0.1705056077622242
-0.16772075443480394,-0.1398080082074649,0.029276677412301503,0.17425734816187896,-0.11732737128423046,-0.06573786253625012,0.08970425740656052,0.028397571852716883,0.00421152978612476,-0.07258529177566987,-0.11992561008888346,-0.1705056077622242
-0.10604627466183056,-0.1398080082074649,-0.03704627072869245,0.13870353734110388,-0.043520401872049044,-0.10398061805604064,0.08970425740656052,0.009455488879812434,-0.013409184431087615,-0.0926244729431518,-0.14214712747898875,-0.14490794130872445
-0.19855799432129065,-0.1398080082074649,0.06243815148279847,0.1920342535722665,-0.1542308559903212,-0.046616484776354855,0.11620189673508387,0.028397571852716883,0.021832244003337137,-0.05254611060818793,-0.09770409269877815,-0.14490794130872445
-0.19855799432129065,-0.1398080082074649,0.06243815148279847,0.1920342535722665,-0.1542308559903212,-0.046616484776354855,0.11620189673508387,0.028397571852716883,0.00421152978612476,-0.07258529177566987,-0.11992561008888346,-0.14490794130872445
-0.16772075443480394,-0.1398080082074649,0.029276677412301503,0.17425734816187896,-0.11732737128423046,-0.06573786253625012,0.11620189673508387,0.04733965482562133,0.021832244003337137,-0.07258529177566987,-0.11992561008888346,-0.1705056077622242
-0.16772075443480394,-0.1716829323613124,-0.0038847966581954723,0.1920342535722665,-0.09887562893118511,-0.10398061805604064,0.11620189673508387,0.04733965482562133,0.021832244003337137,-0.07258529177566987,-0.11992561008888346,-0.14490794130872445
-0.19855799432129065,-0.1398080082074649,0.06243815148279847,0.1920342535722665,-0.1542308559903212,-0.046616484776354855,0.11620189673508387,0.028397571852716883,0.021832244003337137,-0.07258529177566987,-0.11992561008888346,-0.14490794130872445
-0.16772075443480394,-0.1398080082074649,0.029276677412301503,0.17425734816187896,-0.11732737128423046,-0.06573786253625012,0.11620189673508387,0.028397571852716883,-0.013409184431087615,-0.0926244729431518,-0.14214712747898875,-0.14490794130872445
-0.19855799432129065,-0.1398080082074649,0.06243815148279847,0.1920342535722665,-0.1542308559903212,-0.046616484776354855,0.11620189673508387,0.028397571852716883,-0.013409184431087615,-0.0926244729431518,-0.11992561008888346,-0.1705056077622242
-0.19855799432129065,-0.1398080082074649,0.06243815148279847,0.1920342535722665,-0.1542308559903212,-0.046616484776354855,0.11620189673508387,0.028397571852716883,0.00421152978612476,-0.05254611060818793,-0.09770409269877815,-0.14490794130872445
-0.26023247409426403,-0.1716829323613124,0.09559962555329544,0.24536496980342914,-0.20958608304945725,-0.046616484776354855,0.11620189673508387,0.04733965482562133,0.021832244003337137,-0.05254611060818793,-0.09770409269877815,-0.14490794130872445
-0.22939523420777733,-0.1398080082074649,0.09559962555329544,0.20981115898265404,-0.1911343406964119,-0.0274951070164596,0.11620189673508387,0.028397571852716883,0.00421152978612476,-0.07258529177566987,-0.11992561008888346,-0.14490794130872445
-0.13688351454831724,-0.1398080082074649,-0.0038847966581954723,0.15648044275149142,-0.08042388657813976,-0.08485924029614537,0.08970425740656052,0.009455488879812434,0.00421152978612476,-0.0926244729431518,-0.11992561008888346,-0.1705056077622242
-0.13688351454831724,-0.1398080082074649,-0.0038847966581954723,0.15648044275149142,-0.08042388657813976,-0.08485924029614537,0.11620189673508387,0.009455488879812434,0.00421152978612476,-0.07258529177566987,-0.11992561008888346,-0.14490794130872445
-0.22939523420777733,-0.1398080082074649,0.09559962555329544,0.20981115898265404,-0.1911343406964119,-0.0274951070164596,0.11620189673508387,0.028397571852716883,0.00421152978612476,-0.05254611060818793,-0.11992561008888346,-0.14490794130872445
-0.16772075443480394,-0.1398080082074649,0.029276677412301503,0.17425734816187896,-0.11732737128423046,-0.06573786253625012,0.11620189673508387,0.009455488879812434,-0.013409184431087615,-0.07258529177566987,-0.11992561008888346,-0.14490794130872445
-0.22939523420777733,-0.1398080082074649,0.09559962555329544,0.20981115898265404,-0.1911343406964119,-0.0274951070164596,0.11620189673508387,0.028397571852716883,0.021832244003337137,-0.07258529177566987,-0.09770409269877815,-0.1193102748552247
-0.19855799432129065,-0.1079330840536174,0.09559962555329544,0.17425734816187896,-0.17268259834336652,-0.008373729256564336,0.11620189673508387,0.028397571852716883,0.021832244003337137,-0.0926244729431518,-0.09770409269877815,-0.14490794130872445
-0.16772075443480394,-0.1398080082074649,0.029276677412301503,0.17425734816187896,-0.11732737128423046,-0.06573786253625012,0.08970425740656052,0.028397571852716883,0.00421152978612476,-0.07258529177566987,-0.11992561008888346,-0.1705056077622242
-0.13688351454831724,-0.1398080082074649,-0.0038847966581954723,0.15648044275149142,-0.08042388657813976,-0.08485924029614537,0.11620189673508387,0.009455488879812434,0.00421152978612476,-0.05254611060818793,-0.11992561008888346,-0.14490794130872445
-0.16772075443480394,-0.1398080082074649,0.029276677412301503,0.17425734816187896,-0.11732737128423046,-0.06573786253625012,0.11620189673508387,0.009455488879812434,0.021832244003337137,-0.07258529177566987,-0.11992561008888346,-0.14490794130872445
-0.19855799432129065,-0.1079330840536174,0.09559962555329544,0.17425734816187896,-0.17268259834336652,-0.008373729256564336,0.08970425740656052,0.028397571852716883,0.021832244003337137,-0.05254611060818793,-0.14214712747898875,-0.14490794130872445
-0.13688351454831724,-0.1398080082074649,-0.0038847966581954723,0.15648044275149142,-0.08042388657813976,-0.08485924029614537,0.08970425740656052,0.009455488879812434,-0.013409184431087615,-0.07258529177566987,-0.14214712747898875,-0.14490794130872445
-0.07520903477534385,-0.1716829323613124,-0.1033692188696864,0.13870353734110388,0.011834825187087025,-0.16134475133572643,0.06320661807803718,0.009455488879812434,-0.013409184431087615,-0.07258529177566987,-0.14214712747898875,-0.1705056077622242
-0.10604627466183056,-0.20355785651515992,-0.1033692188696864,0.17425734816187896,-0.00661691716595833,-0.1804661290956217,0.08970425740656052,0.009455488879812434,0.00421152978612476,-0.05254611060818793,-0.16436864486909408,-0.19610327421572396
-0.16772075443480394,-0.1716829323613124,-0.0038847966581954723,0.1920342535722665,-0.09887562893118511,-0.10398061805604064,0.08970425740656052,0.028397571852716883,0.00421152978612476,-0.07258529177566987,-0.14214712747898875,-0.19610327421572396
-0.19855799432129065,-0.20355785651515992,-0.0038847966581954723,0.2275880643930416,-0.11732737128423046,-0.12310199581593591,0.11620189673508387,0.028397571852716883,0.021832244003337137,-0.05254611060818793,-0.11992561008888346,-0.14490794130872445
-0.22939523420777733,-0.1716829323613124,0.06243815148279847,0.2275880643930416,-0.17268259834336652,-0.06573786253625012,0.11620189673508387,0.04733965482562133,0.021832244003337137,-0.05254611060818793,-0.09770409269877815,-0.14490794130872445
-0.19855799432129065,-0.20355785651515992,-0.0038847966581954723,0.2275880643930416,-0.11732737128423046,-0.12310199581593591,0.11620189673508387,0.04733965482562133,0.00421152978612476,-0.05254611060818793,-0.11992561008888346,-0.14490794130872445
-0.16772075443480394,-0.1716829323613124,-0.0038847966581954723,0.1920342535722665,-0.09887562893118511,-0.10398061805604064,0.08970425740656052,0.04733965482562133,0.00421152978612476,-0.05254611060818793,-0.11992561008888346,-0.14490794130872445
-0.16772075443480394,-0.1716829323613124,-0.0038847966581954723,0.1920342535722665,-0.09887562893118511,-0.10398061805604064,0.08970425740656052,0.028397571852716883,-0.013409184431087615,-0.05254611060818793,-0.11992561008888346,-0.14490794130872445
-0.22939523420777733,-0.1716829323613124,0.06243815148279847,0.2275880643930416,-0.17268259834336652,-0.06573786253625012,0.11620189673508387,0.06628173779852578,0.00421152978612476,-0.07258529177566987,-0.11992561008888346,-0.14490794130872445
-0.16772075443480394,-0.1398080082074649,0.029276677412301503,0.17425734816187896,-0.11732737128423046,-0.06573786253625012,0.08970425740656052,0.04733965482562133,0.00421152978612476,-0.0926244729431518,-0.11992561008888346,-0.1705056077622242
-0.16772075443480394,-0.1716829323613124,-0.0038847966581954723,0.1920342535722665,-0.09887562893118511,-0.10398061805604064,0.08970425740656052,0.028397571852716883,-0.013409184431087615,-0.0926244729431518,-0.14214712747898875,-0.1705056077622242
-0.10604627466183056,-0.1716829323613124,-0.07020774479918943,0.15648044275149142,-0.025068659519003687,-0.14222337357583117,0.08970425740656052,0.028397571852716883,-0.013409184431087615,-0.0926244729431518,-0.14214712747898875,-0.14490794130872445
-0.13688351454831724,-0.1716829323613124,-0.03704627072869245,0.17425734816187896,-0.061972144225094394,-0.12310199581593591,0.08970425740656052,0.028397571852716883,-0.013409184431087615,-0.07258529177566987,-0.14214712747898875,-0.1705056077622242
-0.19855799432129065,-0.1398080082074649,0.06243815148279847,0.1920342535722665,-0.1542308559903212,-0.046616484776354855,0.08970425740656052,0.028397571852716883,-0.013409184431087615,-0.07258529177566987,-0.11992561008888346,-0.1193102748552247
-0.22939523420777733,-0.1716829323613124,0.06243815148279847,0.2275880643930416,-0.17268259834336652,-0.06573786253625012,0.11620189673508387,0.04733965482562133,0.00421152978612476,-0.07258529177566987,-0.11992561008888346,-0.1193102748552247
-0.22939523420777733,-0.1716829323613124,0.06243815148279847,0.2275880643930416,-0.17268259834336652,-0.06573786253625012,0.11620189673508387,0.04733965482562133,0.00421152978612476,-0.05254611060818793,-0.09770409269877815,-0.1193102748552247
-0.19855799432129065,-0.1398080082074649,0.06243815148279847,0.1920342535722665,-0.1542308559903212,-0.046616484776354855,0.08970425740656052,0.028397571852716883,0.00421152978612476,-0.07258529177566987,-0.11992561008888346,-0.1705056077622242
-0.19855799432129065,-0.1398080082074649,0.06243815148279847,0.1920342535722665,-0.1542308559903212,-0.046616484776354855,0.11620189673508387,0.04733965482562133,0.00421152978612476,-0.0926244729431518,-0.14214712747898875,-0.14490794130872445
-0.16772075443480394,-0.1398080082074649,0.029276677412301503,0.17425734816187896,-0.11732737128423046,-0.06573786253625012,0.11620189673508387,0.028397571852716883,0.00421152978612476,-0.0926244729431518,-0.11992561008888346,-0.14490794130872445
-0.22939523420777733,-0.1716829323613124,0.06243815148279847,0.2275880643930416,-0.17268259834336652,-0.06573786253625012,0.11620189673508387,0.04733965482562133,-0.013409184431087615,-0.07258529177566987,-0.11992561008888346,-0.14490794130872445
-0.19855799432129065,-0.1716829323613124,0.029276677412301503,0.20981115898265404,-0.13577911363727582,-0.08485924029614537,0.11620189673508387,0.028397571852716883,-0.013409184431087615,-0.0926244729431518,-0.11992561008888346,-0.14490794130872445
-0.16772075443480394,-0.1716829323613124,-0.0038847966581954723,0.1920342535722665,-0.09887562893118511,-0.10398061805604064,0.11620189673508387,0.028397571852716883,-0.013409184431087615,-0.0926244729431518,-0.14214712747898875,-0.14490794130872445
-0.13688351454831724,-0.1716829323613124,-0.03704627072869245,0.17425734816187896,-0.061972144225094394,-0.12310199581593591,0.11620189673508387,0.028397571852716883,-0.013409184431087615,-0.0926244729431518,-0.14214712747898875,-0.1705056077622242
-0.19855799432129065,-0.1716829323613124,0.029276677412301503,0.20981115898265404,-0.11732737128423046,-0.08485924029614537,0.11620189673508387,0.028397571852716883,0.00421152978612476,-0.07258529177566987,-0.11992561008888346,-0.1705056077622242
-0.10604627466183056,-0.1398080082074649,-0.03704627072869245,0.13870353734110388,-0.025068659519003687,-0.10398061805604064,0.11620189673508387,0.028397571852716883,-0.013409184431087615,-0.07258529177566987,-0.11992561008888346,-0.1705056077622242
-0.13688351454831724,-0.1398080082074649,-0.0038847966581954723,0.15648044275149142,-0.061972144225094394,-0.08485924029614537,0.11620189673508387,0.028397571852716883,-0.013409184431087615,-0.0926244729431518,-0.11992561008888346,-0.14490794130872445
-0.19855799432129065,-0.1398080082074649,0.06243815148279847,0.1920342535722665,-0.13577911363727582,-0.046616484776354855,0.1426995360636072,0.028397571852716883,0.00421152978612476,-0.07258529177566987,-0.09770409269877815,-0.14490794130872445
-0.19855799432129065,-0.1079330840536174,0.09559962555329544,0.17425734816187896,-0.1542308559903212,-0.008373729256564336,0.11620189673508387,0.028397571852716883,0.00421152978612476,-0.0926244729431518,-0.11992561008888346,-0.14490794130872445
-0.19855799432129065,-0.1716829323613124,0.029276677412301503,0.20981115898265404,-0.11732737128423046,-0.08485924029614537,0.1426995360636072,0.028397571852716883,0.021832244003337137,-0.07258529177566987,-0.14214712747898875,-0.14490794130872445
-0.19855799432129065,-0.1398080082074649,0.06243815148279847,0.1920342535722665,-0.13577911363727582,-0.046616484776354855,0.11620189673508387,0.028397571852716883,0.021832244003337137,-0.07258529177566987,-0.11992561008888346,-0.14490794130872445
-0.19855799432129065,-0.1398080082074649,0.06243815148279847,0.17425734816187896,-0.13577911363727582,-0.046616484776354855,0.11620189673508387,0.009455488879812434,0.00421152978612476,-0.07258529177566987,-0.14214712747898875,-0.1705056077622242
-0.16772075443480394,-0.1716829323613124,-0.0038847966581954723,0.17425734816187896,-0.08042388657813976,-0.10398061805604064,0.11620189673508387,0.009455488879812434,0.00421152978612476,-0.0926244729431518,-0.14214712747898875,-0.19610327421572396
-0.13688351454831724,-0.1398080082074649,-0.0038847966581954723,0.13870353734110388,-0.061972144225094394,-0.08485924029614537,0.11620189673508387,0.028397571852716883,-0.013409184431087615,-0.0926244729431518,-0.14214712747898875,-0.1705056077622242
-0.19855799432129065,-0.1398080082074649,0.06243815148279847,0.17425734816187896,-0.13577911363727582,-0.046616484776354855,0.11620189673508387,0.028397571852716883,0.00421152978612476,-0.07258529177566987,-0.14214712747898875,-0.1705056077622242
-0.16772075443480394,-0.1398080082074649,0.06243815148279847,0.17425734816187896,-0.13577911363727582,-0.046616484776354855,0.11620189673508387,0.028397571852716883,0.00421152978612476,-0.0926244729431518,-0.14214712747898875,-0.1705056077622242
-0.16772075443480394,-0.1398080082074649,0.06243815148279847,0.17425734816187896,-0.13577911363727582,-0.046616484776354855,0.11620189673508387,0.028397571852716883,0.00421152978612476,-0.07258529177566987,-0.11992561008888346,-0.1705056077622242
-0.19855799432129065,-0.1398080082074649,0.09559962555329544,0.1920342535722665,-0.17268259834336652,-0.0274951070164596,0.11620189673508387,0.028397571852716883,0.021832244003337137,-0.07258529177566987,-0.09770409269877815,-0.1705056077622242
-0.16772075443480394,-0.1716829323613124,0.029276677412301503,0.1920342535722665,-0.11732737128423046,-0.08485924029614537,0.11620189673508387,0.04733965482562133,0.00421152978612476,-0.07258529177566987,-0.11992561008888346,-0.14490794130872445
-0.10604627466183056,-0.1398080082074649,-0.0038847966581954723,0.13870353734110388,-0.061972144225094394,-0.08485924029614537,0.08970425740656052,0.009455488879812434,-0.013409184431087615,-0.07258529177566987,-0.16436864486909408,-0.1705056077622242
-0.10604627466183056,-0.1398080082074649,-0.0038847966581954723,0.13870353734110388,-0.061972144225094394,-0.08485924029614537,0.08970425740656052,0.009455488879812434,-0.013409184431087615,-0.07258529177566987,-0.14214712747898875,-0.1193102748552247
-0.13688351454831724,-0.1398080082074649,0.029276677412301503,0.15648044275149142,-0.09887562893118511,-0.06573786253625012,0.08970425740656052,0.009455488879812434,0.00421152978612476,-0.07258529177566987,-0.14214712747898875,-0.1705056077622242
-0.13688351454831724,-0.1398080082074649,0.029276677412301503,0.15648044275149142,-0.09887562893118511,-0.06573786253625012,0.08970425740656052,0.028397571852716883,0.00421152978612476,-0.0926244729431518,-0.11992561008888346,-0.14490794130872445
-0.19855799432129065,-0.1398080082074649,0.09559962555329544,0.1920342535722665,-0.17268259834336652,-0.0274951070164596,0.1426995360636072,0.028397571852716883,0.00421152978612476,-0.07258529177566987,-0.11992561008888346,-0.14490794130872445
-0.13688351454831724,-0.1398080082074649,0.029276677412301503,0.15648044275149142,-0.09887562893118511,-0.06573786253625012,0.11620189673508387,0.009455488879812434,-0.013409184431087615,-0.0926244729431518,-0.14214712747898875,-0.1193102748552247
-0.16772075443480394,-0.1398080082074649,0.06243815148279847,0.17425734816187896,-0.13577911363727582,-0.046616484776354855,0.11620189673508387,0.028397571852716883,-0.013409184431087615,-0.07258529177566987,-0.14214712747898875,-0.14490794130872445
-0.16772075443480394,-0.1398080082074649,0.06243815148279847,0.17425734816187896,-0.13577911363727582,-0.046616484776354855,0.08970425740656052,0.028397571852716883,0.00421152978612476,-0.07258529177566987,-0.14214712747898875,-0.14490794130872445
-0.16772075443480394,-0.1716829323613124,0.029276677412301503,0.1920342535722665,-0.11732737128423046,-0.08485924029614537,0.11620189673508387,0.028397571852716883,0.00421152978612476,-0.07258529177566987,-0.11992561008888346,-0.1193102748552247
-0.16772075443480394,-0.1398080082074649,0.06243815148279847,0.17425734816187896,-0.13577911363727582,-0.046616484776354855,0.08970425740656052,0.04733965482562133,0.00421152978612476,-0.07258529177566987,-0.11992561008888346,-0.14490794130872445
-0.16772075443480394,-0.1398080082074649,0.06243815148279847,0.17425734816187896,-0.13577911363727582,-0.046616484776354855,0.11620189673508387,0.04733965482562133,0.00421152978612476,-0.07258529177566987,-0.11992561008888346,-0.14490794130872445
-0.16772075443480394,-0.1398080082074649,0.06243815148279847,0.17425734816187896,-0.13577911363727582,-0.046616484776354855,0.11620189673508387,0.04733965482562133,0.00421152978612476,-0.0926244729431518,-0.11992561008888346,-0.1193102748552247
-0.16772075443480394,-0.1716829323613124,0.029276677412301503,0.1920342535722665,-0.11732737128423046,-0.08485924029614537,0.11620189673508387,0.009455488879812434,0.00421152978612476,-0.07258529177566987,-0.11992561008888346,-0.1193102748552247
-0.16772075443480394,-0.1716829323613124,0.029276677412301503,0.1920342535722665,-0.11732737128423046,-0.08485924029614537,0.08970425740656052,0.028397571852716883,0.00421152978612476,-0.07258529177566987,-0.14214712747898875,-0.1193102748552247
-0.13688351454831724,-0.1716829323613124,-0.0038847966581954723,0.17425734816187896,-0.08042388657813976,-0.10398061805604064,0.08970425740656052,0.028397571852716883,0.00421152978612476,-0.11266365411063374,-0.14214712747898875,-0.14490794130872445
-0.13688351454831724,-0.1398080082074649,0.029276677412301503,0.15648044275149142,-0.09887562893118511,-0.06573786253625012,0.06320661807803718,0.009455488879812434,-0.013409184431087615,-0.0926244729431518,-0.14214712747898875,-0.14490794130872445
-0.10604627466183056,-0.1716829323613124,-0.03704627072869245,0.15648044275149142,-0.043520401872049044,-0.12310199581593591,0.08970425740656052,0.009455488879812434,-0.013409184431087615,-0.0926244729431518,-0.14214712747898875,-0.14490794130872445
-0.16772075443480394,-0.1716829323613124,0.029276677412301503,0.1920342535722665,-0.11732737128423046,-0.08485924029614537,0.08970425740656052,0.009455488879812434,0.00421152978612476,-0.07258529177566987,-0.11992561008888346,-0.14490794130872445
-0.22939523420777733,-0.1398080082074649,0.12876109962379242,0.20981115898265404,-0.20958608304945725,-0.008373729256564336,0.11620189673508387,0.028397571852716883,0.00421152978612476,-0.07258529177566987,-0.14214712747898875,-0.09371260840172496
-0.16772075443480394,-0.1398080082074649,0.06243815148279847,0.17425734816187896,-0.13577911363727582,-0.046616484776354855,0.08970425740656052,0.028397571852716883,0.00421152978612476,-0.07258529177566987,-0.14214712747898875,-0.14490794130872445
-0.13688351454831724,-0.1398080082074649,0.029276677412301503,0.15648044275149142,-0.09887562893118511,-0.06573786253625012,0.08970425740656052,0.028397571852716883,-0.013409184431087615,-0.0926244729431518,-0.14214712747898875,-0.1705056077622242
-0.16772075443480394,-0.1398080082074649,0.06243815148279847,0.17425734816187896,-0.13577911363727582,-0.046616484776354855,0.11620189673508387,0.028397571852716883,-0.013409184431087615,-0.07258529177566987,-0.11992561008888346,-0.14490794130872445
-0.13688351454831724,-0.1398080082074649,0.029276677412301503,0.15648044275149142,-0.09887562893118511,-0.06573786253625012,0.08970425740656052,0.028397571852716883,-0.013409184431087615,-0.0926244729431518,-0.14214712747898875,-0.1705056077622242
-0.13688351454831724,-0.1398080082074649,0.029276677412301503,0.15648044275149142,-0.09887562893118511,-0.06573786253625012,0.08970425740656052,0.028397571852716883,-0.013409184431087615,-0.11266365411063374,-0.11992561008888346,-0.14490794130872445
-0.16772075443480394,-0.1398080082074649,0.06243815148279847,0.17425734816187896,-0.13577911363727582,-0.046616484776354855,0.08970425740656052,0.028397571852716883,0.00421152978612476,-0.0926244729431518,-0.14214712747898875,-0.19610327421572396
-0.10604627466183056,-0.1398080082074649,-0.0038847966581954723,0.13870353734110388,-0.061972144225094394,-0.08485924029614537,0.08970425740656052,0.009455488879812434,-0.013409184431087615,-0.11266365411063374,-0.14214712747898875,-0.1705056077622242
-0.13688351454831724,-0.1398080082074649,0.029276677412301503,0.15648044275149142,-0.09887562893118511,-0.06573786253625012,0.08970425740656052,0.04733965482562133,0.021832244003337137,-0.0926244729431518,-0.09770409269877815,-0.14490794130872445
-0.16772075443480394,-0.1079330840536174,0.09559962555329544,0.15648044275149142,-0.1542308559903212,-0.008373729256564336,0.11620189673508387,0.06628173779852578,0.021832244003337137,-0.05254611060818793,-0.07548257530867285,-0.1193102748552247
-0.13688351454831724,-0.044183235745922374,0.12876109962379242,0.1031497265203288,-0.1542308559903212,0.048990404023121444,0.11620189673508387,0.08522382077143023,0.05707367243776188,-0.03250692944070599,-0.07548257530867285,-0.09371260840172496
-0.07520903477534385,0.051441536715620156,0.16192257369428942,0.014265199468391093,-0.13577911363727582,0.12547591506270248,0.1426995360636072,0.08522382077143023,0.05707367243776188,-0.012467748273224052,-0.053261057918567535,-0.06811494194822522
-0.04437179488885716,0.14706630917716268,0.22824552183528335,-0.056842422173159074,-0.1542308559903212,0.22108280386217877,0.11620189673508387,0.08522382077143023,0.09231510087218663,-0.012467748273224052,-0.031039540528462233,-0.06811494194822522
-0.10604627466183056,0.2108161574848577,0.36089141811727127,-0.056842422173159074,-0.2649413101085933,0.33581107042155034,0.1426995360636072,0.08522382077143023,0.09231510087218663,0.007571432894257888,-0.008818023138356926,-0.042517275494725476
-0.07520903477534385,0.14706630917716268,0.2614069959057803,-0.039065516762771535,-0.1911343406964119,0.24020418162207405,0.1426995360636072,0.08522382077143023,0.09231510087218663,0.007571432894257888,-0.031039540528462233,-0.06811494194822522
-0.07520903477534385,0.1789412333310102,0.2945684699762773,-0.056842422173159074,-0.20958608304945725,0.2784469371418646,0.1956948147206539,0.12310798671723913,0.12755652930661138,0.027610614061739827,-0.008818023138356926,-0.042517275494725476
-0.013534555002370467,0.14706630917716268,0.19508404776478638,-0.07461932758354661,-0.11732737128423046,0.20196142610228351,0.16919717539213053,0.16099215266304803,0.12755652930661138,0.027610614061739827,-0.008818023138356926,-0.016919609041225726
0.04813992477060292,0.2108161574848577,0.19508404776478638,-0.1457269492250968,-0.08042388657813976,0.24020418162207405,0.1426995360636072,0.17993423563595248,0.14517724352382377,0.06768897639670371,0.013403494251748381,-0.016919609041225726
0.10981440454357631,0.2108161574848577,0.12876109962379242,-0.18128076004587187,-0.00661691716595833,0.20196142610228351,0.08970425740656052,0.16099215266304803,0.12755652930661138,0.06768897639670371,0.013403494251748381,-0.016919609041225726
0.01730268488411623,0.1789412333310102,0.19508404776478638,-0.1101731384043217,-0.09887562893118511,0.22108280386217877,0.03670897874951384,0.12310798671723913,0.109935815089399,0.08772815756418564,0.013403494251748381,0.034275723865773766
0.04813992477060292,0.08331646086946766,0.06243815148279847,-0.07461932758354661,-0.00661691716595833,0.08723315954291197,0.010211339420990504,0.08522382077143023,0.09231510087218663,0.06768897639670371,-0.008818023138356926,-0.016919609041225726
0.07897716465708962,0.08331646086946766,0.029276677412301503,-0.09239623299393417,0.03028656754013238,0.0681117817830167,0.010211339420990504,0.04733965482562133,0.07469438665497424,0.027610614061739827,-0.031039540528462233,-0.042517275494725476
0.04813992477060292,0.08331646086946766,0.06243815148279847,-0.07461932758354661,0.011834825187087025,0.08723315954291197,0.010211339420990504,0.04733965482562133,0.07469438665497424,0.027610614061739827,-0.008818023138356926,-0.042517275494725476
0.07897716465708962,0.051441536715620156,-0.0038847966581954723,-0.07461932758354661,0.0671900522462231,0.029869026263226184,-0.016286299907532834,0.04733965482562133,0.05707367243776188,0.027610614061739827,-0.031039540528462233,-0.042517275494725476
0.07897716465708962,0.11519138502331518,0.06243815148279847,-0.1101731384043217,0.03028656754013238,0.10635453730280722,0.010211339420990504,0.06628173779852578,0.09231510087218663,0.04764979522922177,0.013403494251748381,0.00867805741227402
0.01730268488411623,0.051441536715620156,0.06243815148279847,-0.039065516762771535,-0.00661691716595833,0.0681117817830167,0.010211339420990504,0.06628173779852578,0.05707367243776188,0.027610614061739827,-0.008818023138356926,0.00867805741227402
-0.013534555002370467,-0.012308311592074865,0.029276677412301503,0.014265199468391093,-0.00661691716595833,0.010747648503330924,0.03670897874951384,0.08522382077143023,0.05707367243776188,-0.012467748273224052,-0.031039540528462233,-0.016919609041225726
-0.04437179488885716,-0.07605815989976988,-0.0038847966581954723,0.06759591569955371,-0.00661691716595833,-0.046616484776354855,0.06320661807803718,0.028397571852716883,0.03945295822054951,-0.03250692944070599,-0.07548257530867285,-0.06811494194822522
-0.10604627466183056,-0.1079330840536174,0.029276677412301503,0.12092663193071634,-0.061972144225094394,-0.046616484776354855,0.08970425740656052,-0.009486594093092014,-0.031029898648299987,-0.0926244729431518,-0.14214712747898875,-0.14490794130872445
-0.16772075443480394,-0.1398080082074649,0.06243815148279847,0.17425734816187896,-0.11732737128423046,-0.0274951070164596,0.08970425740656052,-0.02842867706599646,-0.04865061286551236,-0.1327028352781157,-0.16436864486909408,-0.1705056077622242
-0.10604627466183056,-0.1398080082074649,-0.03704627072869245,0.15648044275149142,-0.025068659519003687,-0.10398061805604064,0.06320661807803718,-0.02842867706599646,-0.031029898648299987,-0.11266365411063374,-0.14214712747898875,-0.14490794130872445
-0.16772075443480394,-0.1716829323613124,-0.03704627072869245,0.1920342535722665,-0.061972144225094394,-0.14222337357583117,0.08970425740656052,-0.02842867706599646,-0.031029898648299987,-0.0926244729431518,-0.16436864486909408,-0.14490794130872445
-0.19855799432129065,-0.1398080082074649,0.029276677412301503,0.1920342535722665,-0.11732737128423046,-0.08485924029614537,0.08970425740656052,0.009455488879812434,-0.031029898648299987,-0.11266365411063374,-0.16436864486909408,-0.1705056077622242
-0.22939523420777733,-0.1716829323613124,0.029276677412301503,0.2275880643930416,-0.13577911363727582,-0.10398061805604064,0.11620189673508387,-0.009486594093092014,-0.031029898648299987,-0.11266365411063374,-0.16436864486909408,-0.1705056077622242
-0.26023247409426403,-0.20355785651515992,0.029276677412301503,0.26314187521381666,-0.1542308559903212,-0.12310199581593591,0.11620189673508387,-0.009486594093092014,-0.031029898648299987,-0.15274201644559762,-0.1865901622591994,-0.1705056077622242
-0.32190695386723744,-0.23543278066900744,0.06243815148279847,0.3164725914449793,-0.20958608304945725,-0.12310199581593591,0.11620189673508387,-0.009486594093092014,-0.04865061286551236,-0.17278119761307958,-0.1865901622591994,-0.2217009406692237
-0.2910697139807507,-0.29918262897670245,-0.03704627072869245,0.33424949685536687,-0.13577911363727582,-0.2187088846154122,0.11620189673508387,-0.02842867706599646,-0.06627132708272473,-0.19282037878056152,-0.2088116796493047,-0.2217009406692237
-0.26023247409426403,-0.29918262897670245,-0.07020774479918943,0.3164725914449793,-0.09887562893118511,-0.2378302623753075,0.11620189673508387,-0.04737076003890091,-0.08389204129993712,-0.19282037878056152,-0.2088116796493047,-0.2728962735762232
-0.2910697139807507,-0.29918262897670245,-0.03704627072869245,0.33424949685536687,-0.13577911363727582,-0.2187088846154122,0.11620189673508387,-0.04737076003890091,-0.06627132708272473,-0.19282037878056152,-0.2532547144295153,-0.2728962735762232
-0.26023247409426403,-0.26730770482285493,-0.03704627072869245,0.29869568603459173,-0.11732737128423046,-0.19958750685551696,0.08970425740656052,-0.06631284301180536,-0.10151275551714949,-0.19282037878056152,-0.23103319703941,-0.29849394002972296
-0.26023247409426403,-0.29918262897670245,-0.07020774479918943,0.3164725914449793,-0.09887562893118511,-0.2378302623753075,0.11620189673508387,-0.04737076003890091,-0.10151275551714949,-0.19282037878056152,-0.23103319703941,-0.29849394002972296
-0.2910697139807507,-0.29918262897670245,-0.03704627072869245,0.33424949685536687,-0.13577911363727582,-0.2187088846154122,0.08970425740656052,-0.02842867706599646,-0.06627132708272473,-0.19282037878056152,-0.2532547144295153,-0.2728962735762232
-0.3527441937537241,-0.26730770482285493,0.06243815148279847,0.3520264022657544,-0.2280378254025026,-0.14222337357583117,0.11620189673508387,-0.02842867706599646,-0.06627132708272473,-0.17278119761307958,-0.23103319703941,-0.24729860712272345
-0.32190695386723744,-0.26730770482285493,0.029276677412301503,0.33424949685536687,-0.1911343406964119,-0.16134475133572643,0.11620189673508387,-0.02842867706599646,-0.06627132708272473,-0.17278119761307958,-0.23103319703941,-0.24729860712272345
-0.32190695386723744,-0.26730770482285493,0.029276677412301503,0.33424949685536687,-0.1911343406964119,-0.16134475133572643,0.11620189673508387,-0.04737076003890091,-0.06627132708272473,-0.17278119761307958,-0.2088116796493047,-0.24729860712272345
-0.2910697139807507,-0.29918262897670245,-0.03704627072869245,0.33424949685536687,-0.13577911363727582,-0.19958750685551696,0.11620189673508387,-0.04737076003890091,-0.06627132708272473,-0.17278119761307958,-0.23103319703941,-0.24729860712272345
-0.3527441937537241,-0.26730770482285493,0.06243815148279847,0.3520264022657544,-0.2280378254025026,-0.12310199581593591,0.11620189673508387,-0.02842867706599646,-0.04865061286551236,-0.17278119761307958,-0.23103319703941,-0.24729860712272345
-0.32190695386723744,-0.26730770482285493,0.029276677412301503,0.33424949685536687,-0.1911343406964119,-0.14222337357583117,0.11620189673508387,-0.02842867706599646,-0.06627132708272473,-0.15274201644559762,-0.23103319703941,-0.24729860712272345
-0.32190695386723744,-0.26730770482285493,0.029276677412301503,0.33424949685536687,-0.1911343406964119,-0.14222337357583117,0.11620189673508387,-0.02842867706599646,-0.08389204129993712,-0.17278119761307958,-0.23103319703941,-0.24729860712272345
-0.32190695386723744,-0.23543278066900744,0.06243815148279847,0.3164725914449793,-0.20958608304945725,-0.10398061805604064,0.1426995360636072,-0.009486594093092014,-0.06627132708272473,-0.17278119761307958,-0.2088116796493047,-0.2728962735762232
-0.32190695386723744,-0.23543278066900744,0.06243815148279847,0.3164725914449793,-0.20958608304945725,-0.10398061805604064,0.1426995360636072,-0.009486594093092014,-0.06627132708272473,-0.19282037878056152,-0.2532547144295153,-0.2728962735762232
-0.2910697139807507,-0.23543278066900744,0.029276677412301503,0.29869568603459173,-0.17268259834336652,-0.12310199581593591,0.1426995360636072,-0.02842867706599646,-0.06627132708272473,-0.17278119761307958,-0.23103319703941,-0.24729860712272345
-0.32190695386723744,-0.23543278066900744,0.06243815148279847,0.3164725914449793,-0.20958608304945725,-0.10398061805604064,0.1426995360636072,-0.009486594093092014,-0.04865061286551236,-0.17278119761307958,-0.23103319703941,-0.2217009406692237
-0.32190695386723744,-0.1716829323613124,0.12876109962379242,0.2809187806242042,-0.24648956775554795,-0.0274951070164596,0.11620189673508387,-0.009486594093092014,-0.04865061286551236,-0.17278119761307958,-0.2088116796493047,-0.24729860712272345
-0.2910697139807507,-0.23543278066900744,0.029276677412301503,0.29869568603459173,-0.17268259834336652,-0.12310199581593591,0.11620189673508387,-0.009486594093092014,-0.04865061286551236,-0.15274201644559762,-0.1865901622591994,-0.24729860712272345
-0.26023247409426403,-0.20355785651515992,0.029276677412301503,0.26314187521381666,-0.1542308559903212,-0.10398061805604064,0.11620189673508387,-0.009486594093092014,-0.04865061286551236,-0.15274201644559762,-0.2088116796493047,-0.24729860712272345
-0.32190695386723744,-0.23543278066900744,0.06243815148279847,0.3164725914449793,-0.20958608304945725,-0.10398061805604064,0.1426995360636072,0.028397571852716883,-0.031029898648299987,-0.1327028352781157,-0.1865901622591994,-0.19610327421572396
-0.2910697139807507,-0.20355785651515992,0.06243815148279847,0.2809187806242042,-0.1911343406964119,-0.08485924029614537,0.11620189673508387,0.028397571852716883,-0.031029898648299987,-0.1327028352781157,-0.1865901622591994,-0.2217009406692237
-0.3527441937537241,-0.1716829323613124,0.16192257369428942,0.29869568603459173,-0.28339305246163865,-0.008373729256564336,0.1956948147206539,0.08522382077143023,0.021832244003337137,-0.0926244729431518,-0.16436864486909408,-0.19610327421572396
-0.41441867352669753,0.051441536715620156,0.46037584032876216,0.20981115898265404,-0.4863622183451376,0.29756831490175983,0.35468065069179394,0.23676048455466583,0.12755652930661138,-0.03250692944070599,-0.14214712747898875,-0.2217009406692237
-0.41441867352669753,0.11519138502331518,0.5266987884697562,0.17425734816187896,-0.5232657030512283,0.37405382594134085,0.4606712080058873,0.40723923131080586,0.250901528827098,0.04764979522922177,-0.09770409269877815,-0.19610327421572396
-0.10604627466183056,-0.012308311592074865,0.06243815148279847,0.06759591569955371,-0.08042388657813976,0.029869026263226184,0.3811782900203173,0.48300756320242366,0.2861429572615227,0.16788488223411338,0.14673259859238022,0.05987339031927351
0.5106985230679033,-0.07605815989976988,-0.667114278068135,-0.25238838168742206,0.6945492922497651,-0.4290440399742601,0.11620189673508387,0.4640654802295192,0.32138438569594746,0.3883158750764147,0.5244983942241704,0.6486197187497676
1.3124667601165574,-0.044183235745922374,-1.4961511298305594,-0.7323648277678857,1.6355881522550784,-0.8879571062117463,-0.06928157856457952,0.7671388077959903,0.7090400984746198,0.969452128933391,1.2578084680976456,1.6213310439827582
2.175909476938185,0.3064409299464002,-2.059896189029008,-1.4256641387729996,2.4659165581421196,-1.0026853727711178,-0.36075561117833627,0.9376175545521304,1.0790750970360796,1.570627563957849,2.0577830941414366,2.645237702122748
2.8234915145544055,0.6570650956387228,-2.3915109297339776,-1.994525111905401,3.0379205710865254,-0.9835639950112226,-0.8642107584202798,0.3504129823920925,0.9381093832983806,1.7509801944651866,2.4133273723831214,3.2851793634602418
3.3477245926246795,1.0395641854848932,-2.5573183000864628,-2.51005536880664,3.4438589028535236,-0.8497143506919558,-1.3941635449907466,-0.4451545024698943,0.6561779558229827,1.7109018321302227,2.546656476723753,3.6691443602627376
3.594422511716573,0.9120644888695029,-2.9552559889324264,-2.58116299044819,3.8128937499144304,-1.1556563948502798,-1.8446234135756434,-1.10812740652155,0.19803938617546088,1.350196571115548,2.1466691637018576,3.3619723628207407
3.070189433646299,0.2426910816387052,-3.087901885214414,-1.9056405848534632,3.573021099324841,-1.6336908388476616,-2.0831021675323536,-1.6006215638170656,-0.4715477540786094,0.4885117809138244,1.1022578463669084,2.133284373052753
1.6825136387543977,0.051441536715620156,-1.7946043964650322,-0.9990184089236988,2.023074741669031,-1.0026853727711178,-1.65913993827598,-2.036289472193868,-1.1587556085498918,-0.673760726800128,-0.453248370940463,0.1622640561332725
-0.07520903477534385,-0.23543278066900744,-0.20285364108117732,0.17425734816187896,0.08564179459926845,-0.2569516401352027,-1.049694233719943,-2.244652384895817,-1.6521356066318384,-1.615602241671779,-1.742096379566571,-1.5783772627047101
-1.0620007111429182,-0.26730770482285493,0.8251520551042288,0.7608952267046678,-1.076817973642589,0.3166896926616551,-0.6787272831206164,-2.3393627997603392,-1.828342748803962,-1.956268321518972,-2.2754127969290985,-2.320709589856203
-1.0311634712564315,-0.3629324772843975,0.692506158822241,0.7964490375254429,-0.9845592618773622,0.18284004834238826,-0.5197414471494762,-2.055231555166772,-1.5640320355457764,-1.635641422839261,-1.8754254839072029,-1.885549260146707
-1.0620007111429182,-0.23543278066900744,0.8583135291747259,0.7431183212942803,-1.0952697159956344,0.3549324481814456,-0.33425797184981293,-1.6385057297628745,-1.2468591796359538,-1.3150145241595501,-1.4976596882754125,-1.5783772627047101
-1.0003262313699448,-0.1716829323613124,0.8583135291747259,0.6720106996527302,-1.0583662312895437,0.3931752037012361,-0.042783939236056175,-1.0323590746299323,-0.8415827526400691,-0.9342700819773931,-1.1198938926436222,-1.194412265902214
-0.6919538325050778,-0.1079330840536174,0.5930217366107501,0.4586878347280796,-0.7262348689347272,0.2784469371418646,0.010211339420990504,-0.6724594981447478,-0.5772720393818835,-0.673760726800128,-0.7865711317920426,-0.8104472690997179
-0.3527441937537241,-0.07605815989976988,0.2614069959057803,0.24536496980342914,-0.33874827952077474,0.10635453730280722,-0.17527213587867288,-0.6156332492260345,-0.4715477540786094,-0.47336891512530865,-0.5643559578909896,-0.5288729381112206
-0.2910697139807507,-0.1079330840536174,0.16192257369428942,0.2275880643930416,-0.24648956775554795,0.029869026263226184,-0.09577921789310286,-0.42621241949698985,-0.29534061190648564,-0.3330946469529351,-0.4310268535503577,-0.4264822722972217
-0.2910697139807507,-0.1079330840536174,0.16192257369428942,0.2275880643930416,-0.24648956775554795,0.029869026263226184,0.03670897874951384,-0.1610232578763276,-0.1543748981687866,-0.2328987411155254,-0.3199192665998312,-0.3752869393902222
-0.32190695386723744,-0.1079330840536174,0.19508404776478638,0.24536496980342914,-0.28339305246163865,0.048990404023121444,0.11620189673508387,-0.06631284301180536,-0.08389204129993712,-0.19282037878056152,-0.2532547144295153,-0.2728962735762232
-0.13688351454831724,-0.1398080082074649,-0.03704627072869245,0.15648044275149142,-0.043520401872049044,-0.10398061805604064,0.06320661807803718,-0.14208117490342315,-0.11913346973436187,-0.19282037878056152,-0.2754762318196206,-0.24729860712272345
-0.26023247409426403,-0.1716829323613124,0.06243815148279847,0.24536496980342914,-0.17268259834336652,-0.06573786253625012,0.06320661807803718,-0.1231390919305187,-0.10151275551714949,-0.17278119761307958,-0.23103319703941,-0.2728962735762232
-0.2910697139807507,-0.1716829323613124,0.09559962555329544,0.26314187521381666,-0.20958608304945725,-0.046616484776354855,0.11620189673508387,-0.06631284301180536,-0.06627132708272473,-0.1327028352781157,-0.2088116796493047,-0.24729860712272345
-0.2910697139807507,-0.1398080082074649,0.12876109962379242,0.24536496980342914,-0.2280378254025026,-0.008373729256564336,0.16919717539213053,0.028397571852716883,-0.04865061286551236,-0.1327028352781157,-0.1865901622591994,-0.24729860712272345
-0.2910697139807507,-0.1716829323613124,0.09559962555329544,0.26314187521381666,-0.20958608304945725,-0.046616484776354855,0.1956948147206539,0.028397571852716883,-0.031029898648299987,-0.11266365411063374,-0.16436864486909408,-0.19610327421572396
-0.22939523420777733,-0.1398080082074649,0.06243815148279847,0.20981115898265404,-0.1542308559903212,-0.046616484776354855,0.1426995360636072,0.009455488879812434,-0.04865061286551236,-0.1327028352781157,-0.16436864486909408,-0.19610327421572396
-0.26023247409426403,-0.1079330840536174,0.12876109962379242,0.20981115898265404,-0.20958608304945725,0.010747648503330924,0.16919717539213053,0.009455488879812434,-0.031029898648299987,-0.11266365411063374,-0.16436864486909408,-0.19610327421572396
-0.19855799432129065,-0.1398080082074649,0.029276677412301503,0.1920342535722665,-0.11732737128423046,-0.06573786253625012,0.16919717539213053,0.009455488879812434,-0.013409184431087615,-0.11266365411063374,-0.14214712747898875,-0.19610327421572396
-0.2910697139807507,-0.1398080082074649,0.12876109962379242,0.24536496980342914,-0.2280378254025026,-0.008373729256564336,0.1956948147206539,0.028397571852716883,0.00421152978612476,-0.0926244729431518,-0.14214712747898875,-0.1705056077622242
-0.22939523420777733,-0.1079330840536174,0.09559962555329544,0.1920342535722665,-0.17268259834336652,-0.008373729256564336,0.1956948147206539,0.028397571852716883,0.021832244003337137,-0.0926244729431518,-0.14214712747898875,-0.1705056077622242
-0.22939523420777733,-0.1079330840536174,0.09559962555329544,0.1920342535722665,-0.17268259834336652,-0.008373729256564336,0.1956948147206539,0.04733965482562133,0.00421152978612476,-0.0926244729431518,-0.11992561008888346,-0.1705056077622242
-0.22939523420777733,-0.1398080082074649,0.06243815148279847,0.20981115898265404,-0.1542308559903212,-0.046616484776354855,0.1956948147206539,0.04733965482562133,0.00421152978612476,-0.07258529177566987,-0.11992561008888346,-0.1705056077622242
-0.19855799432129065,-0.1398080082074649,0.029276677412301503,0.1920342535722665,-0.11732737128423046,-0.06573786253625012,0.1956948147206539,0.028397571852716883,-0.013409184431087615,-0.11266365411063374,-0.16436864486909408,-0.1705056077622242
-0.19855799432129065,-0.1398080082074649,0.029276677412301503,0.1920342535722665,-0.11732737128423046,-0.06573786253625012,0.16919717539213053,0.028397571852716883,0.00421152978612476,-0.0926244729431518,-0.16436864486909408,-0.1705056077622242
-0.19855799432129065,-0.1716829323613124,-0.0038847966581954723,0.20981115898265404,-0.09887562893118511,-0.10398061805604064,0.16919717539213053,0.04733965482562133,0.021832244003337137,-0.0926244729431518,-0.16436864486909408,-0.14490794130872445
-0.19855799432129065,-0.1079330840536174,0.06243815148279847,0.17425734816187896,-0.13577911363727582,-0.0274951070164596,0.16919717539213053,0.04733965482562133,0.00421152978612476,-0.07258529177566987,-0.11992561008888346,-0.14490794130872445
-0.22939523420777733,-0.1079330840536174,0.09559962555329544,0.1920342535722665,-0.17268259834336652,-0.008373729256564336,0.16919717539213053,0.04733965482562133,0.021832244003337137,-0.07258529177566987,-0.14214712747898875,-0.14490794130872445
-0.26023247409426403,-0.1079330840536174,0.12876109962379242,0.20981115898265404,-0.20958608304945725,0.010747648503330924,0.1956948147206539,0.06628173779852578,0.03945295822054951,-0.05254611060818793,-0.11992561008888346,-0.1193102748552247
-0.19855799432129065,-0.1716829323613124,-0.0038847966581954723,0.20981115898265404,-0.09887562893118511,-0.10398061805604064,0.1956948147206539,0.06628173779852578,0.03945295822054951,-0.07258529177566987,-0.11992561008888346,-0.14490794130872445
-0.22939523420777733,-0.1398080082074649,0.06243815148279847,0.20981115898265404,-0.1542308559903212,-0.046616484776354855,0.1956948147206539,0.04733965482562133,0.021832244003337137,-0.07258529177566987,-0.11992561008888346,-0.1705056077622242
-0.19855799432129065,-0.1398080082074649,0.029276677412301503,0.1920342535722665,-0.11732737128423046,-0.06573786253625012,0.16919717539213053,0.04733965482562133,-0.013409184431087615,-0.0926244729431518,-0.14214712747898875,-0.1705056077622242
-0.16772075443480394,-0.1716829323613124,-0.03704627072869245,0.1920342535722665,-0.061972144225094394,-0.12310199581593591,0.1426995360636072,0.009455488879812434,-0.013409184431087615,-0.07258529177566987,-0.14214712747898875,-0.1705056077622242
-0.19855799432129065,-0.1398080082074649,0.029276677412301503,0.1920342535722665,-0.13577911363727582,-0.06573786253625012,0.16919717539213053,0.028397571852716883,-0.013409184431087615,-0.07258529177566987,-0.14214712747898875,-0.1705056077622242
-0.22939523420777733,-0.1398080082074649,0.06243815148279847,0.20981115898265404,-0.17268259834336652,-0.046616484776354855,0.16919717539213053,0.009455488879812434,0.00421152978612476,-0.07258529177566987,-0.11992561008888346,-0.14490794130872445
-0.16772075443480394,-0.1398080082074649,-0.0038847966581954723,0.17425734816187896,-0.11732737128423046,-0.08485924029614537,0.1426995360636072,0.009455488879812434,-0.013409184431087615,-0.07258529177566987,-0.11992561008888346,-0.1705056077622242
-0.16772075443480394,-0.1398080082074649,-0.0038847966581954723,0.17425734816187896,-0.11732737128423046,-0.08485924029614537,0.1426995360636072,0.009455488879812434,-0.013409184431087615,-0.07258529177566987,-0.11992561008888346,-0.1705056077622242
-0.22939523420777733,-0.1398080082074649,0.06243815148279847,0.20981115898265404,-0.1911343406964119,-0.046616484776354855,0.1426995360636072,0.028397571852716883,0.021832244003337137,-0.05254611060818793,-0.11992561008888346,-0.14490794130872445
-0.19855799432129065,-0.1398080082074649,0.029276677412301503,0.1920342535722665,-0.1542308559903212,-0.06573786253625012,0.1426995360636072,0.028397571852716883,-0.013409184431087615,-0.07258529177566987,-0.11992561008888346,-0.14490794130872445
-0.16772075443480394,-0.1716829323613124,-0.03704627072869245,0.1920342535722665,-0.09887562893118511,-0.12310199581593591,0.1426995360636072,0.028397571852716883,0.00421152978612476,-0.05254611060818793,-0.11992561008888346,-0.14490794130872445
-0.16772075443480394,-0.1716829323613124,-0.0038847966581954723,0.17425734816187896,-0.13577911363727582,-0.08485924029614537,0.1426995360636072,0.028397571852716883,0.00421152978612476,-0.05254611060818793,-0.09770409269877815,-0.14490794130872445
-0.16772075443480394,-0.1716829323613124,0.029276677412301503,0.17425734816187896,-0.13577911363727582,-0.08485924029614537,0.1426995360636072,0.009455488879812434,0.00421152978612476,-0.11266365411063374,-0.11992561008888346,-0.14490794130872445
-0.16772075443480394,-0.1716829323613124,-0.0038847966581954723,0.17425734816187896,-0.09887562893118511,-0.10398061805604064,0.1426995360636072,0.028397571852716883,-0.013409184431087615,-0.0926244729431518,-0.09770409269877815,-0.14490794130872445
-0.16772075443480394,-0.1716829323613124,-0.03704627072869245,0.17425734816187896,-0.061972144225094394,-0.12310199581593591,0.11620189673508387,0.009455488879812434,-0.013409184431087615,-0.07258529177566987,-0.09770409269877815,-0.14490794130872445
-0.16772075443480394,-0.1716829323613124,-0.03704627072869245,0.17425734816187896,-0.061972144225094394,-0.12310199581593591,0.11620189673508387,0.028397571852716883,-0.013409184431087615,-0.07258529177566987,-0.09770409269877815,-0.14490794130872445
-0.16772075443480394,-0.1398080082074649,-0.0038847966581954723,0.17425734816187896,-0.08042388657813976,-0.08485924029614537,0.08970425740656052,0.009455488879812434,0.00421152978612476,-0.0926244729431518,-0.07548257530867285,-0.14490794130872445
-0.16772075443480394,-0.1398080082074649,-0.0038847966581954723,0.17425734816187896,-0.08042388657813976,-0.08485924029614537,0.06320661807803718,0.009455488879812434,0.00421152978612476,-0.07258529177566987,-0.07548257530867285,-0.14490794130872445
-0.10604627466183056,-0.1716829323613124,-0.1033692188696864,0.15648044275149142,0.011834825187087025,-0.16134475133572643,0.06320661807803718,0.009455488879812434,0.00421152978612476,-0.07258529177566987,-0.07548257530867285,-0.1193102748552247
-0.04437179488885716,-0.1398080082074649,-0.13653069294018336,0.1031497265203288,0.0671900522462231,-0.16134475133572643,0.03670897874951384,0.009455488879812434,0.00421152978612476,-0.0926244729431518,-0.053261057918567535,-0.14490794130872445
-0.13688351454831724,-0.1398080082074649,-0.03704627072869245,0.15648044275149142,-0.043520401872049044,-0.10398061805604064,0.06320661807803718,0.04733965482562133,0.021832244003337137,-0.012467748273224052,-0.031039540528462233,-0.06811494194822522
-0.13688351454831724,-0.1398080082074649,-0.0038847966581954723,0.13870353734110388,-0.061972144225094394,-0.06573786253625012,0.03670897874951384,0.04733965482562133,0.021832244003337137,-0.012467748273224052,-0.031039540528462233,-0.06811494194822522
-0.04437179488885716,-0.1398080082074649,-0.1033692188696864,0.08537282110994127,0.048738309893177734,-0.14222337357583117,0.03670897874951384,0.028397571852716883,0.03945295822054951,-0.012467748273224052,-0.031039540528462233,-0.042517275494725476
-0.04437179488885716,-0.1398080082074649,-0.1033692188696864,0.08537282110994127,0.048738309893177734,-0.14222337357583117,0.03670897874951384,0.04733965482562133,0.03945295822054951,-0.012467748273224052,0.013403494251748381,0.00867805741227402
0.04813992477060292,-0.1079330840536174,-0.16969216701068032,0.014265199468391093,0.14099702165840453,-0.16134475133572643,0.010211339420990504,0.04733965482562133,0.03945295822054951,0.027610614061739827,0.035625011641853686,0.034275723865773766
0.10981440454357631,-0.07605815989976988,-0.20285364108117732,-0.039065516762771535,0.1963522487175406,-0.16134475133572643,0.010211339420990504,0.04733965482562133,0.03945295822054951,0.04764979522922177,0.05784652903195899,0.05987339031927351
0.10981440454357631,-0.07605815989976988,-0.20285364108117732,-0.039065516762771535,0.1963522487175406,-0.16134475133572643,-0.016286299907532834,0.06628173779852578,0.07469438665497424,0.04764979522922177,0.12451108120227491,0.08547105677277325
0.1714888843165497,-0.012308311592074865,-0.20285364108117732,-0.1101731384043217,0.2332557334236313,-0.12310199581593591,-0.042783939236056175,0.04733965482562133,0.05707367243776188,0.06768897639670371,0.16895411598248553,0.13666638967977274
0.1714888843165497,0.019566612561772643,-0.16969216701068032,-0.12795004381470923,0.21480399107058593,-0.08485924029614537,-0.06928157856457952,0.10416590374433468,0.109935815089399,0.16788488223411338,0.21339715076269614,0.26465472194727147
0.2948378438624965,0.019566612561772643,-0.3023380632926682,-0.19905766545625941,0.36241792989494875,-0.16134475133572643,-0.09577921789310286,0.10416590374433468,0.109935815089399,0.20796324456907725,0.2578401855429068,0.2902523884007712
0.3256750837489832,0.08331646086946766,-0.26917658922217125,-0.25238838168742206,0.36241792989494875,-0.10398061805604064,-0.12227685722162619,0.10416590374433468,0.14517724352382377,0.20796324456907725,0.3022832203231174,0.34144772130777074
0.4798612831814167,0.11519138502331518,-0.40182248550415917,-0.3590498141497473,0.528483611072357,-0.16134475133572643,-0.14877449655014954,0.10416590374433468,0.12755652930661138,0.24804160690404115,0.346726255103328,0.41824072066826995
0.5723730028408768,0.1789412333310102,-0.43498395957465613,-0.447934341201685,0.6022905804845383,-0.14222337357583117,-0.20176977520719622,0.10416590374433468,0.14517724352382377,0.288119969239005,0.3911692898835386,0.5462290529357687
0.6340474826138501,0.1789412333310102,-0.5013069077156501,-0.4834881520224601,0.6760975498967198,-0.1804661290956217,-0.22826741453571955,0.12310798671723913,0.1804186719582485,0.3281983315739689,0.4578338420538545,0.5974243858427681
0.6648847225003368,0.2426910816387052,-0.4681454336451531,-0.5368188682536227,0.6760975498967198,-0.12310199581593591,-0.2547650538642429,0.12310798671723913,0.19803938617546088,0.3883158750764147,0.48005535944395983,0.6742173852032675
0.7882336820462836,0.2745660057925527,-0.567629855856644,-0.6257033953055604,0.8052597463680373,-0.16134475133572643,-0.28126269319276626,0.10416590374433468,0.19803938617546088,0.4083550562438967,0.568941429004381,0.6998150516567672
0.8190709219327703,0.40206570240794276,-0.4681454336451531,-0.7145879223574981,0.7683562616619466,-0.0274951070164596,-0.3077603325212896,0.08522382077143023,0.19803938617546088,0.4283942374113786,0.5911629463944864,0.7254127181102669
0.8190709219327703,0.4339406265617903,-0.43498395957465613,-0.7323648277678857,0.7499045193089012,0.010747648503330924,-0.3077603325212896,0.10416590374433468,0.23328081460988562,0.4885117809138244,0.635605981174697,0.8534010503777657
0.9424198814787171,0.4339406265617903,-0.567629855856644,-0.8034724494094359,0.897518458133264,-0.06573786253625012,-0.3872532505068596,0.08522382077143023,0.23328081460988562,0.4885117809138244,0.635605981174697,0.8534010503777657
0.9732571213652038,0.4658155507156378,-0.567629855856644,-0.8390262602302109,0.9159702004863094,-0.046616484776354855,-0.3872532505068596,0.10416590374433468,0.250901528827098,0.5085509620813063,0.6800490159549076,0.8789987168312655
0.9732571213652038,0.4658155507156378,-0.567629855856644,-0.8390262602302109,0.9159702004863094,-0.046616484776354855,-0.3872532505068596,0.10416590374433468,0.2685222430443104,0.5285901432487883,0.6800490159549076,0.9301940497382649
1.0040943612516904,0.4976904748694853,-0.567629855856644,-0.874580071050986,0.9344219428393548,-0.0274951070164596,-0.41375088983538294,0.08522382077143023,0.2685222430443104,0.5686685055837521,0.7022705333450129,0.9045963832847652
0.9732571213652038,0.5295653990233328,-0.5013069077156501,-0.874580071050986,0.8790667157802187,0.029869026263226184,-0.3872532505068596,0.08522382077143023,0.250901528827098,0.5486293244162702,0.7022705333450129,0.9557917161917647
0.9115826415922305,0.5614403231771803,-0.40182248550415917,-0.8568031656405984,0.786808004014992,0.10635453730280722,-0.3872532505068596,0.08522382077143023,0.2685222430443104,0.5486293244162702,0.7244920507351182,0.9301940497382649
0.8807454017057437,0.5614403231771803,-0.3686610114336622,-0.8390262602302109,0.7499045193089012,0.12547591506270248,-0.36075561117833627,0.06628173779852578,0.250901528827098,0.4885117809138244,0.6800490159549076,0.8789987168312655
0.8190709219327703,0.5614403231771803,-0.3023380632926682,-0.8034724494094359,0.6576458075436744,0.16371867058249298,-0.36075561117833627,0.08522382077143023,0.250901528827098,0.5285901432487883,0.635605981174697,0.827803383924266
0.757396442159797,0.5295653990233328,-0.26917658922217125,-0.7501417331782733,0.6022905804845383,0.16371867058249298,-0.33425797184981293,0.08522382077143023,0.23328081460988562,0.4885117809138244,0.5911629463944864,0.7766080510172664
0.7265592022733103,0.4976904748694853,-0.26917658922217125,-0.7145879223574981,0.5838388381314931,0.14459729282259776,-0.3077603325212896,0.04733965482562133,0.21566010039267325,0.44843341857886054,0.5022768768340652,0.6998150516567672
0.6340474826138501,0.4339406265617903,-0.23601511515167428,-0.6257033953055604,0.5100318687193116,0.12547591506270248,-0.22826741453571955,0.04733965482562133,0.21566010039267325,0.3883158750764147,0.4578338420538545,0.623022052296268
0.5415357629543901,0.4339406265617903,-0.13653069294018336,-0.5723726790743978,0.3993214146010395,0.18284004834238826,-0.20176977520719622,0.06628173779852578,0.19803938617546088,0.3482375127414508,0.4356123246637492,0.5462290529357687
0.4798612831814167,0.40206570240794276,-0.1033692188696864,-0.5190419628432351,0.3439661875419034,0.18284004834238826,-0.14877449655014954,0.08522382077143023,0.19803938617546088,0.3482375127414508,0.3911692898835386,0.4950337200287692
0.3873495635219566,0.3383158541002477,-0.07020774479918943,-0.43015743579129745,0.270159218129722,0.16371867058249298,-0.09577921789310286,0.08522382077143023,0.19803938617546088,0.30815915040648695,0.346726255103328,0.4438383871217697
0.2640006039760098,0.2745660057925527,-0.0038847966581954723,-0.3234960033289722,0.15944876401144986,0.16371867058249298,-0.06928157856457952,0.08522382077143023,0.19803938617546088,0.288119969239005,0.3245047377132227,0.34144772130777074
0.2331633640895231,0.2426910816387052,-0.0038847966581954723,-0.28794219250819714,0.14099702165840453,0.14459729282259776,-0.042783939236056175,0.10416590374433468,0.16279795774103614,0.2280024257365592,0.23561866815280144,0.315850054854271
0.1714888843165497,0.2108161574848577,0.029276677412301503,-0.2346114762770345,0.08564179459926845,0.14459729282259776,0.010211339420990504,0.10416590374433468,0.16279795774103614,0.2280024257365592,0.21339715076269614,0.26465472194727147
0.10981440454357631,0.14706630917716268,0.029276677412301503,-0.16350385463548434,0.048738309893177734,0.10635453730280722,0.03670897874951384,0.10416590374433468,0.14517724352382377,0.18792406340159531,0.16895411598248553,0.21345938904027198
-0.013534555002370467,0.11519138502331518,0.12876109962379242,-0.07461932758354661,-0.08042388657813976,0.14459729282259776,0.08970425740656052,0.10416590374433468,0.14517724352382377,0.16788488223411338,0.14673259859238022,0.1622640561332725
-0.013534555002370467,0.08331646086946766,0.09559962555329544,-0.056842422173159074,-0.061972144225094394,0.10635453730280722,0.08970425740656052,0.10416590374433468,0.109935815089399,0.10776733873166758,0.12451108120227491,0.08547105677277325
-0.07520903477534385,0.051441536715620156,0.12876109962379242,-0.0035117059419964504,-0.11732737128423046,0.10635453730280722,0.11620189673508387,0.08522382077143023,0.109935815089399,0.08772815756418564,0.0800680464220643,0.08547105677277325
-0.07520903477534385,0.019566612561772643,0.09559962555329544,0.014265199468391093,-0.09887562893118511,0.0681117817830167,0.11620189673508387,0.06628173779852578,0.09231510087218663,0.08772815756418564,0.05784652903195899,0.034275723865773766
-0.04437179488885716,-0.012308311592074865,0.029276677412301503,0.014265199468391093,-0.043520401872049044,0.010747648503330924,0.11620189673508387,0.06628173779852578,0.07469438665497424,0.06768897639670371,0.035625011641853686,-0.016919609041225726
-0.13688351454831724,-0.044183235745922374,0.09559962555329544,0.08537282110994127,-0.13577911363727582,0.029869026263226184,0.1426995360636072,0.06628173779852578,0.05707367243776188,0.06768897639670371,0.035625011641853686,-0.042517275494725476
-0.16772075443480394,-0.044183235745922374,0.12876109962379242,0.1031497265203288,-0.17268259834336652,0.048990404023121444,0.1426995360636072,0.04733965482562133,0.05707367243776188,0.007571432894257888,0.013403494251748381,-0.016919609041225726
-0.16772075443480394,-0.07605815989976988,0.09559962555329544,0.12092663193071634,-0.1542308559903212,0.010747648503330924,0.1426995360636072,0.06628173779852578,0.05707367243776188,0.007571432894257888,-0.008818023138356926,-0.042517275494725476
-0.10604627466183056,-0.1079330840536174,-0.0038847966581954723,0.1031497265203288,-0.061972144225094394,-0.06573786253625012,0.1426995360636072,0.04733965482562133,0.05707367243776188,0.007571432894257888,-0.031039540528462233,-0.06811494194822522
-0.13688351454831724,-0.1398080082074649,0.029276677412301503,0.13870353734110388,-0.08042388657813976,-0.08485924029614537,0.1426995360636072,0.06628173779852578,0.03945295822054951,0.007571432894257888,-0.053261057918567535,-0.09371260840172496
-0.13688351454831724,-0.1079330840536174,0.06243815148279847,0.12092663193071634,-0.09887562893118511,-0.046616484776354855,0.1426995360636072,0.028397571852716883,0.021832244003337137,-0.03250692944070599,-0.053261057918567535,-0.14490794130872445
-0.13688351454831724,-0.1079330840536174,0.06243815148279847,0.12092663193071634,-0.09887562893118511,-0.046616484776354855,0.16919717539213053,0.028397571852716883,0.021832244003337137,-0.05254611060818793,-0.053261057918567535,-0.1193102748552247
-0.19855799432129065,-0.1398080082074649,0.09559962555329544,0.17425734816187896,-0.1542308559903212,-0.046616484776354855,0.1426995360636072,0.028397571852716883,0.021832244003337137,-0.03250692944070599,-0.053261057918567535,-0.09371260840172496
-0.16772075443480394,-0.1716829323613124,0.029276677412301503,0.17425734816187896,-0.09887562893118511,-0.10398061805604064,0.16919717539213053,0.04733965482562133,0.021832244003337137,-0.05254611060818793,-0.053261057918567535,-0.1193102748552247
-0.16772075443480394,-0.1716829323613124,0.029276677412301503,0.17425734816187896,-0.09887562893118511,-0.10398061805604064,0.1426995360636072,0.04733965482562133,0.021832244003337137,-0.05254611060818793,-0.053261057918567535,-0.14490794130872445
-0.22939523420777733,-0.1716829323613124,0.09559962555329544,0.20981115898265404,-0.17268259834336652,-0.06573786253625012,0.16919717539213053,0.06628173779852578,0.05707367243776188,-0.05254611060818793,-0.031039540528462233,-0.1193102748552247
-0.19855799432129065,-0.1716829323613124,0.06243815148279847,0.1920342535722665,-0.13577911363727582,-0.08485924029614537,0.16919717539213053,0.04733965482562133,0.03945295822054951,-0.05254611060818793,-0.031039540528462233,-0.1193102748552247
-0.19855799432129065,-0.1716829323613124,0.06243815148279847,0.1920342535722665,-0.13577911363727582,-0.08485924029614537,0.1426995360636072,0.028397571852716883,0.021832244003337137,-0.05254611060818793,-0.07548257530867285,-0.1193102748552247
-0.16772075443480394,-0.1716829323613124,0.029276677412301503,0.17425734816187896,-0.09887562893118511,-0.10398061805604064,0.1426995360636072,0.028397571852716883,0.021832244003337137,-0.03250692944070599,-0.07548257530867285,-0.14490794130872445
-0.16772075443480394,-0.1716829323613124,0.029276677412301503,0.17425734816187896,-0.09887562893118511,-0.10398061805604064,0.1426995360636072,0.028397571852716883,0.021832244003337137,-0.07258529177566987,-0.07548257530867285,-0.1193102748552247
-0.16772075443480394,-0.1716829323613124,0.029276677412301503,0.17425734816187896,-0.09887562893118511,-0.10398061805604064,0.16919717539213053,0.028397571852716883,0.021832244003337137,-0.07258529177566987,-0.11992561008888346,-0.14490794130872445
-0.19855799432129065,-0.1716829323613124,0.06243815148279847,0.1920342535722665,-0.13577911363727582,-0.08485924029614537,0.16919717539213053,0.028397571852716883,0.021832244003337137,-0.07258529177566987,-0.09770409269877815,-0.1193102748552247
-0.16772075443480394,-0.1716829323613124,0.029276677412301503,0.17425734816187896,-0.09887562893118511,-0.10398061805604064,0.1426995360636072,0.028397571852716883,0.021832244003337137,-0.07258529177566987,-0.07548257530867285,-0.14490794130872445
-0.16772075443480394,-0.1716829323613124,0.029276677412301503,0.17425734816187896,-0.09887562893118511,-0.10398061805604064,0.16919717539213053,0.028397571852716883,0.021832244003337137,-0.05254611060818793,-0.09770409269877815,-0.14490794130872445
-0.26023247409426403,-0.1716829323613124,0.12876109962379242,0.2275880643930416,-0.20958608304945725,-0.046616484776354855,0.16919717539213053,0.028397571852716883,0.021832244003337137,-0.07258529177566987,-0.09770409269877815,-0.14490794130872445
-0.16772075443480394,-0.20355785651515992,-0.0038847966581954723,0.1920342535722665,-0.08042388657813976,-0.14222337357583117,0.1426995360636072,0.028397571852716883,0.00421152978612476,-0.0926244729431518,-0.11992561008888346,-0.1705056077622242
-0.19855799432129065,-0.1716829323613124,0.06243815148279847,0.1920342535722665,-0.13577911363727582,-0.08485924029614537,0.1426995360636072,-0.009486594093092014,0.00421152978612476,-0.0926244729431518,-0.11992561008888346,-0.14490794130872445
-0.19855799432129065,-0.1716829323613124,0.06243815148279847,0.1920342535722665,-0.13577911363727582,-0.08485924029614537,0.1426995360636072,0.009455488879812434,0.00421152978612476,-0.0926244729431518,-0.11992561008888346,-0.19610327421572396
-0.3527441937537241,-0.1716829323613124,0.22824552183528335,0.2809187806242042,-0.32029653716772943,0.010747648503330924,0.1956948147206539,0.04733965482562133,0.021832244003337137,-0.05254611060818793,-0.09770409269877815,-0.14490794130872445
-0.26023247409426403,-0.1716829323613124,0.12876109962379242,0.2275880643930416,-0.20958608304945725,-0.046616484776354855,0.1426995360636072,0.028397571852716883,0.00421152978612476,-0.0926244729431518,-0.11992561008888346,-0.1705056077622242
-0.22939523420777733,-0.1716829323613124,0.09559962555329544,0.20981115898265404,-0.17268259834336652,-0.06573786253625012,0.1426995360636072,0.009455488879812434,0.00421152978612476,-0.0926244729431518,-0.11992561008888346,-0.14490794130872445
-0.19855799432129065,-0.1398080082074649,0.09559962555329544,0.17425734816187896,-0.1542308559903212,-0.046616484776354855,0.11620189673508387,-0.009486594093092014,-0.013409184431087615,-0.11266365411063374,-0.16436864486909408,-0.1705056077622242
-0.22939523420777733,-0.1398080082074649,0.12876109962379242,0.1920342535722665,-0.1911343406964119,-0.0274951070164596,0.1426995360636072,0.009455488879812434,0.00421152978612476,-0.11266365411063374,-0.11992561008888346,-0.19610327421572396
-0.22939523420777733,-0.1398080082074649,0.12876109962379242,0.1920342535722665,-0.1911343406964119,-0.0274951070164596,0.1426995360636072,-0.009486594093092014,-0.013409184431087615,-0.0926244729431518,-0.14214712747898875,-0.19610327421572396
-0.32190695386723744,-0.1398080082074649,0.22824552183528335,0.24536496980342914,-0.30184479481468407,0.029869026263226184,0.16919717539213053,0.028397571852716883,0.021832244003337137,-0.0926244729431518,-0.11992561008888346,-0.19610327421572396
-0.26023247409426403,-0.1398080082074649,0.16192257369428942,0.20981115898265404,-0.2280378254025026,-0.008373729256564336,0.16919717539213053,0.009455488879812434,0.00421152978612476,-0.11266365411063374,-0.09770409269877815,-0.19610327421572396
-0.26023247409426403,-0.1398080082074649,0.16192257369428942,0.20981115898265404,-0.2280378254025026,-0.008373729256564336,0.1426995360636072,-0.009486594093092014,0.00421152978612476,-0.0926244729431518,-0.11992561008888346,-0.19610327421572396
-0.22939523420777733,-0.1398080082074649,0.12876109962379242,0.1920342535722665,-0.1911343406964119,-0.0274951070164596,0.11620189673508387,-0.009486594093092014,0.00421152978612476,-0.0926244729431518,-0.14214712747898875,-0.19610327421572396
-0.22939523420777733,-0.1398080082074649,0.12876109962379242,0.1920342535722665,-0.1911343406964119,-0.0274951070164596,0.08970425740656052,-0.009486594093092014,-0.013409184431087615,-0.0926244729431518,-0.14214712747898875,-0.19610327421572396
-0.26023247409426403,-0.1398080082074649,0.16192257369428942,0.20981115898265404,-0.2280378254025026,-0.008373729256564336,0.11620189673508387,-0.009486594093092014,0.00421152978612476,-0.0926244729431518,-0.14214712747898875,-0.19610327421572396
-0.16772075443480394,-0.1398080082074649,0.06243815148279847,0.15648044275149142,-0.11732737128423046,-0.06573786253625012,0.08970425740656052,-0.009486594093092014,-0.013409184431087615,-0.11266365411063374,-0.11992561008888346,-0.19610327421572396
-0.22939523420777733,-0.1398080082074649,0.12876109962379242,0.1920342535722665,-0.1911343406964119,-0.0274951070164596,0.08970425740656052,-0.009486594093092014,-0.013409184431087615,-0.0926244729431518,-0.11992561008888346,-0.19610327421572396
-0.19855799432129065,-0.1079330840536174,0.12876109962379242,0.15648044275149142,-0.17268259834336652,-0.008373729256564336,0.08970425740656052,-0.009486594093092014,-0.013409184431087615,-0.0926244729431518,-0.14214712747898875,-0.19610327421572396
-0.19855799432129065,-0.1398080082074649,0.09559962555329544,0.17425734816187896,-0.1542308559903212,-0.046616484776354855,0.08970425740656052,-0.009486594093092014,-0.013409184431087615,-0.11266365411063374,-0.16436864486909408,-0.19610327421572396
-0.16772075443480394,-0.1398080082074649,0.06243815148279847,0.15648044275149142,-0.11732737128423046,-0.06573786253625012,0.08970425740656052,-0.02842867706599646,-0.013409184431087615,-0.11266365411063374,-0.16436864486909408,-0.19610327421572396
-0.19855799432129065,-0.1079330840536174,0.12876109962379242,0.15648044275149142,-0.17268259834336652,-0.008373729256564336,0.06320661807803718,-0.02842867706599646,-0.013409184431087615,-0.0926244729431518,-0.14214712747898875,-0.1705056077622242
-0.19855799432129065,-0.1079330840536174,0.12876109962379242,0.15648044275149142,-0.17268259834336652,-0.008373729256564336,0.08970425740656052,-0.009486594093092014,0.00421152978612476,-0.0926244729431518,-0.14214712747898875,-0.14490794130872445
-0.13688351454831724,-0.1398080082074649,0.029276677412301503,0.13870353734110388,-0.08042388657813976,-0.08485924029614537,0.08970425740656052,-0.02842867706599646,-0.013409184431087615,-0.07258529177566987,-0.11992561008888346,-0.14490794130872445
-0.16772075443480394,-0.1398080082074649,0.06243815148279847,0.15648044275149142,-0.11732737128423046,-0.06573786253625012,0.06320661807803718,-0.009486594093092014,0.00421152978612476,-0.07258529177566987,-0.14214712747898875,-0.14490794130872445
-0.16772075443480394,-0.1079330840536174,0.09559962555329544,0.13870353734110388,-0.13577911363727582,-0.0274951070164596,0.06320661807803718,-0.009486594093092014,-0.013409184431087615,-0.0926244729431518,-0.14214712747898875,-0.1193102748552247
-0.07520903477534385,-0.1398080082074649,-0.03704627072869245,0.1031497265203288,-0.00661691716595833,-0.12310199581593591,0.03670897874951384,-0.02842867706599646,-0.013409184431087615,-0.11266365411063374,-0.14214712747898875,-0.1193102748552247
-0.10604627466183056,-0.1398080082074649,-0.0038847966581954723,0.12092663193071634,-0.043520401872049044,-0.10398061805604064,0.03670897874951384,-0.02842867706599646,-0.013409184431087615,-0.0926244729431518,-0.11992561008888346,-0.1193102748552247
-0.07520903477534385,-0.1398080082074649,-0.03704627072869245,0.1031497265203288,-0.00661691716595833,-0.12310199581593591,0.03670897874951384,-0.009486594093092014,-0.013409184431087615,-0.0926244729431518,-0.11992561008888346,-0.1193102748552247
-0.13688351454831724,-0.1398080082074649,0.029276677412301503,0.13870353734110388,-0.08042388657813976,-0.08485924029614537,0.03670897874951384,-0.009486594093092014,0.00421152978612476,-0.07258529177566987,-0.11992561008888346,-0.1193102748552247
-0.04437179488885716,-0.1398080082074649,-0.07020774479918943,0.08537282110994127,0.03028656754013238,-0.14222337357583117,0.010211339420990504,-0.009486594093092014,-0.013409184431087615,-0.07258529177566987,-0.11992561008888346,-0.1193102748552247
-0.10604627466183056,-0.1398080082074649,-0.0038847966581954723,0.12092663193071634,-0.043520401872049044,-0.10398061805604064,0.06320661807803718,-0.009486594093092014,0.00421152978612476,-0.07258529177566987,-0.14214712747898875,-0.1193102748552247
-0.10604627466183056,-0.1398080082074649,-0.0038847966581954723,0.12092663193071634,-0.043520401872049044,-0.10398061805604064,0.03670897874951384,-0.009486594093092014,-0.013409184431087615,-0.0926244729431518,-0.11992561008888346,-0.1193102748552247
-0.13688351454831724,-0.1398080082074649,0.029276677412301503,0.13870353734110388,-0.08042388657813976,-0.08485924029614537,0.06320661807803718,0.009455488879812434,0.00421152978612476,-0.07258529177566987,-0.09770409269877815,-0.1193102748552247
-0.16772075443480394,-0.1079330840536174,0.09559962555329544,0.13870353734110388,-0.13577911363727582,-0.008373729256564336,0.03670897874951384,0.009455488879812434,0.00421152978612476,-0.05254611060818793,-0.09770409269877815,-0.1193102748552247
-0.19855799432129065,-0.1079330840536174,0.12876109962379242,0.15648044275149142,-0.17268259834336652,0.010747648503330924,0.03670897874951384,0.009455488879812434,-0.013409184431087615,-0.07258529177566987,-0.11992561008888346,-0.1193102748552247
-0.16772075443480394,-0.1398080082074649,0.06243815148279847,0.15648044275149142,-0.11732737128423046,-0.046616484776354855,0.08970425740656052,0.009455488879812434,-0.013409184431087615,-0.07258529177566987,-0.11992561008888346,-0.1193102748552247
-0.16772075443480394,-0.1398080082074649,0.06243815148279847,0.15648044275149142,-0.11732737128423046,-0.046616484776354855,0.08970425740656052,0.028397571852716883,0.00421152978612476,-0.0926244729431518,-0.11992561008888346,-0.09371260840172496
-0.16772075443480394,-0.1398080082074649,0.06243815148279847,0.15648044275149142,-0.11732737128423046,-0.046616484776354855,0.08970425740656052,0.028397571852716883,0.00421152978612476,-0.07258529177566987,-0.09770409269877815,-0.1193102748552247
-0.19855799432129065,-0.1398080082074649,0.09559962555329544,0.17425734816187896,-0.1542308559903212,-0.0274951070164596,0.08970425740656052,0.009455488879812434,0.00421152978612476,-0.07258529177566987,-0.11992561008888346,-0.1193102748552247
-0.16772075443480394,-0.1398080082074649,0.06243815148279847,0.15648044275149142,-0.11732737128423046,-0.046616484776354855,0.08970425740656052,0.04733965482562133,0.021832244003337137,-0.07258529177566987,-0.11992561008888346,-0.09371260840172496
-0.16772075443480394,-0.1716829323613124,0.029276677412301503,0.17425734816187896,-0.09887562893118511,-0.08485924029614537,0.06320661807803718,0.04733965482562133,0.021832244003337137,-0.07258529177566987,-0.11992561008888346,-0.1193102748552247
-0.13688351454831724,-0.1716829323613124,-0.0038847966581954723,0.15648044275149142,-0.061972144225094394,-0.10398061805604064,0.03670897874951384,0.06628173779852578,0.00421152978612476,-0.07258529177566987,-0.11992561008888346,-0.14490794130872445
-0.19855799432129065,-0.1716829323613124,0.06243815148279847,0.1920342535722665,-0.13577911363727582,-0.06573786253625012,0.08970425740656052,0.028397571852716883,0.00421152978612476,-0.0926244729431518,-0.14214712747898875,-0.1705056077622242
-0.16772075443480394,-0.1398080082074649,0.06243815148279847,0.15648044275149142,-0.11732737128423046,-0.046616484776354855,0.06320661807803718,0.009455488879812434,0.00421152978612476,-0.0926244729431518,-0.16436864486909408,-0.1705056077622242
-0.16772075443480394,-0.1716829323613124,0.029276677412301503,0.17425734816187896,-0.09887562893118511,-0.08485924029614537,0.08970425740656052,0.028397571852716883,0.00421152978612476,-0.0926244729431518,-0.16436864486909408,-0.1705056077622242
-0.22939523420777733,-0.1716829323613124,0.09559962555329544,0.20981115898265404,-0.17268259834336652,-0.046616484776354855,0.11620189673508387,0.06628173779852578,0.021832244003337137,-0.07258529177566987,-0.14214712747898875,-0.14490794130872445
-0.16772075443480394,-0.1716829323613124,0.029276677412301503,0.17425734816187896,-0.09887562893118511,-0.08485924029614537,0.11620189673508387,0.028397571852716883,0.00421152978612476,-0.0926244729431518,-0.14214712747898875,-0.14490794130872445
-0.13688351454831724,-0.1716829323613124,-0.0038847966581954723,0.15648044275149142,-0.061972144225094394,-0.10398061805604064,0.11620189673508387,0.028397571852716883,0.00421152978612476,-0.0926244729431518,-0.14214712747898875,-0.1705056077622242
-0.16772075443480394,-0.1716829323613124,0.029276677412301503,0.17425734816187896,-0.09887562893118511,-0.08485924029614537,0.11620189673508387,0.028397571852716883,0.00421152978612476,-0.11266365411063374,-0.16436864486909408,-0.1705056077622242
-0.16772075443480394,-0.1716829323613124,0.029276677412301503,0.17425734816187896,-0.09887562893118511,-0.08485924029614537,0.11620189673508387,0.04733965482562133,0.00421152978612476,-0.07258529177566987,-0.16436864486909408,-0.1705056077622242
-0.16772075443480394,-0.1716829323613124,0.029276677412301503,0.17425734816187896,-0.09887562893118511,-0.08485924029614537,0.11620189673508387,0.028397571852716883,-0.013409184431087615,-0.0926244729431518,-0.16436864486909408,-0.14490794130872445
-0.16772075443480394,-0.20355785651515992,-0.0038847966581954723,0.1920342535722665,-0.08042388657813976,-0.12310199581593591,0.11620189673508387,0.028397571852716883,0.00421152978612476,-0.07258529177566987,-0.16436864486909408,-0.1705056077622242
-0.16772075443480394,-0.20355785651515992,-0.0038847966581954723,0.1920342535722665,-0.08042388657813976,-0.12310199581593591,0.11620189673508387,0.06628173779852578,0.00421152978612476,-0.07258529177566987,-0.16436864486909408,-0.1705056077622242
-0.19855799432129065,-0.1716829323613124,0.06243815148279847,0.1920342535722665,-0.13577911363727582,-0.06573786253625012,0.11620189673508387,0.028397571852716883,-0.013409184431087615,-0.0926244729431518,-0.16436864486909408,-0.19610327421572396
-0.16772075443480394,-0.1716829323613124,0.029276677412301503,0.17425734816187896,-0.09887562893118511,-0.08485924029614537,0.11620189673508387,0.028397571852716883,0.00421152978612476,-0.07258529177566987,-0.16436864486909408,-0.19610327421572396
-0.16772075443480394,-0.20355785651515992,-0.0038847966581954723,0.1920342535722665,-0.08042388657813976,-0.12310199581593591,0.1426995360636072,0.028397571852716883,0.00421152978612476,-0.07258529177566987,-0.16436864486909408,-0.14490794130872445
-0.19855799432129065,-0.20355785651515992,0.029276677412301503,0.20981115898265404,-0.11732737128423046,-0.10398061805604064,0.1426995360636072,0.04733965482562133,0.021832244003337137,-0.07258529177566987,-0.14214712747898875,-0.1193102748552247
-0.19855799432129065,-0.20355785651515992,0.029276677412301503,0.20981115898265404,-0.11732737128423046,-0.10398061805604064,0.11620189673508387,0.06628173779852578,-0.013409184431087615,-0.07258529177566987,-0.14214712747898875,-0.14490794130872445
-0.26023247409426403,-0.23543278066900744,0.06243815148279847,0.26314187521381666,-0.17268259834336652,-0.10398061805604064,0.16919717539213053,0.08522382077143023,0.00421152978612476,-0.05254611060818793,-0.11992561008888346,-0.14490794130872445
-0.22939523420777733,-0.20355785651515992,0.06243815148279847,0.2275880643930416,-0.1542308559903212,-0.08485924029614537,0.11620189673508387,0.06628173779852578,0.00421152978612476,-0.07258529177566987,-0.14214712747898875,-0.14490794130872445
-0.19855799432129065,-0.23543278066900744,-0.0038847966581954723,0.2275880643930416,-0.09887562893118511,-0.14222337357583117,0.11620189673508387,0.04733965482562133,0.00421152978612476,-0.0926244729431518,-0.14214712747898875,-0.14490794130872445
-0.19855799432129065,-0.23543278066900744,-0.0038847966581954723,0.2275880643930416,-0.09887562893118511,-0.14222337357583117,0.11620189673508387,0.06628173779852578,0.00421152978612476,-0.07258529177566987,-0.16436864486909408,-0.14490794130872445
-0.19855799432129065,-0.20355785651515992,0.029276677412301503,0.20981115898265404,-0.11732737128423046,-0.10398061805604064,0.11620189673508387,0.06628173779852578,-0.013409184431087615,-0.07258529177566987,-0.1865901622591994,-0.14490794130872445
-0.22939523420777733,-0.20355785651515992,0.06243815148279847,0.2275880643930416,-0.1542308559903212,-0.08485924029614537,0.1426995360636072,0.06628173779852578,0.00421152978612476,-0.07258529177566987,-0.16436864486909408,-0.14490794130872445
-0.26023247409426403,-0.23543278066900744,0.06243815148279847,0.26314187521381666,-0.17268259834336652,-0.10398061805604064,0.16919717539213053,0.06628173779852578,0.021832244003337137,-0.05254611060818793,-0.14214712747898875,-0.1193102748552247
-0.19855799432129065,-0.23543278066900744,-0.0038847966581954723,0.2275880643930416,-0.09887562893118511,-0.14222337357583117,0.16919717539213053,0.04733965482562133,0.00421152978612476,-0.05254611060818793,-0.16436864486909408,-0.1193102748552247
-0.16772075443480394,-0.23543278066900744,-0.03704627072869245,0.20981115898265404,-0.061972144225094394,-0.16134475133572643,0.1426995360636072,0.04733965482562133,0.00421152978612476,-0.07258529177566987,-0.16436864486909408,-0.14490794130872445
-0.16772075443480394,-0.20355785651515992,-0.0038847966581954723,0.1920342535722665,-0.08042388657813976,-0.12310199581593591,0.1426995360636072,0.028397571852716883,-0.013409184431087615,-0.0926244729431518,-0.1865901622591994,-0.1705056077622242
-0.19855799432129065,-0.23543278066900744,-0.0038847966581954723,0.2275880643930416,-0.09887562893118511,-0.14222337357583117,0.16919717539213053,0.08522382077143023,0.00421152978612476,-0.07258529177566987,-0.16436864486909408,-0.14490794130872445
-0.22939523420777733,-0.23543278066900744,0.029276677412301503,0.24536496980342914,-0.13577911363727582,-0.12310199581593591,0.1426995360636072,0.04733965482562133,0.00421152978612476,-0.07258529177566987,-0.16436864486909408,-0.1705056077622242
-0.26023247409426403,-0.23543278066900744,0.06243815148279847,0.26314187521381666,-0.17268259834336652,-0.10398061805604064,0.16919717539213053,0.06628173779852578,0.00421152978612476,-0.05254611060818793,-0.14214712747898875,-0.1705056077622242
-0.22939523420777733,-0.23543278066900744,0.029276677412301503,0.24536496980342914,-0.1542308559903212,-0.12310199581593591,0.16919717539213053,0.06628173779852578,0.00421152978612476,-0.05254611060818793,-0.16436864486909408,-0.1705056077622242
-0.22939523420777733,-0.20355785651515992,0.06243815148279847,0.2275880643930416,-0.17268259834336652,-0.08485924029614537,0.16919717539213053,0.04733965482562133,0.00421152978612476,-0.07258529177566987,-0.14214712747898875,-0.1705056077622242
-0.22939523420777733,-0.23543278066900744,0.029276677412301503,0.24536496980342914,-0.1542308559903212,-0.12310199581593591,0.16919717539213053,0.04733965482562133,0.00421152978612476,-0.07258529177566987,-0.16436864486909408,-0.1705056077622242
-0.19855799432129065,-0.23543278066900744,-0.0038847966581954723,0.2275880643930416,-0.11732737128423046,-0.14222337357583117,0.1426995360636072,0.028397571852716883,0.00421152978612476,-0.07258529177566987,-0.1865901622591994,-0.1705056077622242
-0.19855799432129065,-0.23543278066900744,-0.0038847966581954723,0.2275880643930416,-0.11732737128423046,-0.14222337357583117,0.1426995360636072,0.028397571852716883,-0.013409184431087615,-0.07258529177566987,-0.16436864486909408,-0.1705056077622242
-0.19855799432129065,-0.20355785651515992,0.029276677412301503,0.20981115898265404,-0.13577911363727582,-0.10398061805604064,0.1426995360636072,0.04733965482562133,0.00421152978612476,-0.07258529177566987,-0.16436864486909408,-0.1705056077622242
-0.22939523420777733,-0.20355785651515992,0.06243815148279847,0.2275880643930416,-0.17268259834336652,-0.08485924029614537,0.1426995360636072,0.028397571852716883,0.021832244003337137,-0.07258529177566987,-0.1865901622591994,-0.1705056077622242
-0.16772075443480394,-0.20355785651515992,-0.0038847966581954723,0.1920342535722665,-0.09887562893118511,-0.12310199581593591,0.1426995360636072,0.028397571852716883,0.00421152978612476,-0.0926244729431518,-0.1865901622591994,-0.1705056077622242
-0.19855799432129065,-0.23543278066900744,-0.0038847966581954723,0.2275880643930416,-0.11732737128423046,-0.14222337357583117,0.16919717539213053,0.028397571852716883,0.00421152978612476,-0.07258529177566987,-0.16436864486909408,-0.1705056077622242
-0.22939523420777733,-0.23543278066900744,0.029276677412301503,0.24536496980342914,-0.1542308559903212,-0.12310199581593591,0.16919717539213053,0.04733965482562133,0.00421152978612476,-0.05254611060818793,-0.1865901622591994,-0.1705056077622242
-0.26023247409426403,-0.20355785651515992,0.09559962555329544,0.24536496980342914,-0.20958608304945725,-0.06573786253625012,0.16919717539213053,0.06628173779852578,0.00421152978612476,-0.05254611060818793,-0.16436864486909408,-0.1705056077622242
-0.22939523420777733,-0.20355785651515992,0.06243815148279847,0.2275880643930416,-0.17268259834336652,-0.08485924029614537,0.16919717539213053,0.06628173779852578,0.00421152978612476,-0.05254611060818793,-0.1865901622591994,-0.1705056077622242
-0.22939523420777733,-0.20355785651515992,0.06243815148279847,0.2275880643930416,-0.17268259834336652,-0.08485924029614537,0.16919717539213053,0.06628173779852578,0.00421152978612476,-0.07258529177566987,-0.1865901622591994,-0.1705056077622242
-0.22939523420777733,-0.20355785651515992,0.09559962555329544,0.2275880643930416,-0.17268259834336652,-0.08485924029614537,0.16919717539213053,0.04733965482562133,0.00421152978612476,-0.0926244729431518,-0.1865901622591994,-0.1705056077622242
-0.22939523420777733,-0.20355785651515992,0.09559962555329544,0.2275880643930416,-0.17268259834336652,-0.08485924029614537,0.16919717539213053,0.06628173779852578,-0.013409184431087615,-0.0926244729431518,-0.2088116796493047,-0.1705056077622242
-0.26023247409426403,-0.20355785651515992,0.12876109962379242,0.24536496980342914,-0.20958608304945725,-0.06573786253625012,0.16919717539213053,0.06628173779852578,0.00421152978612476,-0.05254611060818793,-0.1865901622591994,-0.14490794130872445
-0.19855799432129065,-0.20355785651515992,0.06243815148279847,0.20981115898265404,-0.13577911363727582,-0.10398061805604064,0.16919717539213053,0.06628173779852578,0.00421152978612476,-0.0926244729431518,-0.1865901622591994,-0.1705056077622242
-0.22939523420777733,-0.20355785651515992,0.09559962555329544,0.2275880643930416,-0.17268259834336652,-0.08485924029614537,0.16919717539213053,0.028397571852716883,0.00421152978612476,-0.0926244729431518,-0.2088116796493047,-0.1705056077622242
-0.19855799432129065,-0.20355785651515992,0.06243815148279847,0.20981115898265404,-0.13577911363727582,-0.10398061805604064,0.16919717539213053,0.028397571852716883,0.00421152978612476,-0.0926244729431518,-0.1865901622591994,-0.1705056077622242
-0.22939523420777733,-0.20355785651515992,0.09559962555329544,0.2275880643930416,-0.17268259834336652,-0.08485924029614537,0.16919717539213053,0.04733965482562133,0.00421152978612476,-0.07258529177566987,-0.1865901622591994,-0.14490794130872445
-0.19855799432129065,-0.1716829323613124,0.09559962555329544,0.1920342535722665,-0.1542308559903212,-0.06573786253625012,0.16919717539213053,0.028397571852716883,0.00421152978612476,-0.0926244729431518,-0.2088116796493047,-0.1705056077622242
-0.16772075443480394,-0.20355785651515992,0.029276677412301503,0.1920342535722665,-0.09887562893118511,-0.12310199581593591,0.1426995360636072,0.028397571852716883,0.00421152978612476,-0.0926244729431518,-0.2088116796493047,-0.1705056077622242
-0.19855799432129065,-0.23543278066900744,0.029276677412301503,0.2275880643930416,-0.11732737128423046,-0.14222337357583117,0.16919717539213053,0.04733965482562133,0.00421152978612476,-0.0926244729431518,-0.1865901622591994,-0.1705056077622242
-0.19855799432129065,-0.20355785651515992,0.06243815148279847,0.20981115898265404,-0.1542308559903212,-0.10398061805604064,0.1426995360636072,0.04733965482562133,-0.013409184431087615,-0.07258529177566987,-0.1865901622591994,-0.14490794130872445
-0.26023247409426403,-0.20355785651515992,0.12876109962379242,0.24536496980342914,-0.2280378254025026,-0.06573786253625012,0.1956948147206539,0.06628173779852578,0.00421152978612476,-0.07258529177566987,-0.16436864486909408,-0.14490794130872445
